{
  "all_application_file_write_bytes": null,
  "commits": 300,
  "executable_sha256": "ab26881af77948371d3a6e300682fe6773887fff10b410da795d87c5fbde8076",
  "final_files_and_pages": {
    "active_page_bytes": 2973696,
    "archive_failed": 0,
    "archive_ok": 1116,
    "archive_spool_present_bytes": 0,
    "db_bytes": 2973696,
    "freelist_count": 1,
    "journal_mode": "wal",
    "page_count": 727,
    "page_size": 4096,
    "reusable_page_bytes": 4096,
    "schema_version": 4,
    "shm_bytes": 32768,
    "spool_present_bytes": 0,
    "synchronous": 2,
    "wal_bytes": 4177712
  },
  "fixture_hash": "e4f93c4c583bec372f8e675e66e5004823987f6832bf1387c0a4f54e965004f1",
  "frame_budget_overruns": 0,
  "frames": 300,
  "heap_phases": null,
  "initial_files_and_pages": {
    "active_page_bytes": 2871296,
    "archive_failed": 0,
    "archive_ok": 1116,
    "archive_spool_present_bytes": 0,
    "db_bytes": 2666496,
    "freelist_count": 0,
    "journal_mode": "wal",
    "page_count": 701,
    "page_size": 4096,
    "reusable_page_bytes": 0,
    "schema_version": 4,
    "shm_bytes": 32768,
    "spool_present_bytes": 0,
    "synchronous": 2,
    "wal_bytes": 4161232
  },
  "kind": "isolated-real-facade",
  "latency": {
    "archive_tick": {
      "count": 300,
      "max_ms": 17.0166,
      "p50_ms": 12.2522,
      "p95_ms": 13.5131,
      "p99_ms": 15.6309
    },
    "facade_ingest_including_durable_commit": {
      "count": 300,
      "max_ms": 239.7103,
      "p50_ms": 17.5846,
      "p95_ms": 19.6686,
      "p99_ms": 21.849
    },
    "live_query": {
      "count": 0,
      "max_ms": 0.0,
      "p50_ms": 0.0,
      "p95_ms": 0.0,
      "p99_ms": 0.0
    },
    "report_first_reader": {
      "count": 0,
      "max_ms": 0.0,
      "p50_ms": 0.0,
      "p95_ms": 0.0,
      "p99_ms": 0.0
    },
    "report_repeated_reader": {
      "count": 0,
      "max_ms": 0.0,
      "p50_ms": 0.0,
      "p95_ms": 0.0,
      "p99_ms": 0.0
    },
    "whole_tick": {
      "count": 300,
      "max_ms": 253.37730000000002,
      "p50_ms": 30.1702,
      "p95_ms": 32.6128,
      "p99_ms": 34.4678
    }
  },
  "limits": [
    "仅当前原生基准进程；没有 HTTP、Tauri 事件或 WebView，窗口为后台模拟状态。",
    "CPU/I/O/内存不含初始化、warmup、结果 JSON 写出及最终统计查询；采样开销包含在测量内。",
    "SQLite xWrite 只统计隔离目录内成功请求字节，不含 mmap/shm、spool、日志、系统缓存与物理设备写放大。",
    "process I/O 为 OS 当前进程计数，不能替代文件归属；spool 瞬时写入需要独立回归或文件跟踪。",
    "report first/repeated 每次均打开新 reader；未驱逐 OS page cache，不能宣称物理冷读。",
    "ingest 延迟包含 accounting、告警与提交；不是单独 SQLite commit 耗时。",
    "串行驱动没有 collector 输入队列；schedule_lag 不是实际队列深度。",
    "归档齐全 fixture 使用空历史的持久化结果；本回放不代替完整30天容量库或安装态 soak。",
    "failed 档案场景由隔离库 BEFORE INSERT 触发器拒绝持久化，非真实磁盘故障。"
  ],
  "local_utc_offset_seconds": -18000,
  "measured_wall_secs": 300.0002025,
  "native_after": {
    "cpu_seconds": 15.140625,
    "handles": 114,
    "io_read_bytes": 1951987408,
    "io_write_bytes": 59473796,
    "io_write_operations": 27894,
    "private_bytes": 9986048,
    "working_set_bytes": 19165184
  },
  "native_before": {
    "cpu_seconds": 8.109375,
    "handles": 114,
    "io_read_bytes": 521180880,
    "io_write_bytes": 35942044,
    "io_write_operations": 16712,
    "private_bytes": 5926912,
    "working_set_bytes": 15405056
  },
  "native_cpu_seconds": 7.03125,
  "native_private_bytes": {
    "max": 9986048.0,
    "p95": 9986048.0,
    "samples": 300
  },
  "native_process_io_read_bytes": 1430806528,
  "native_process_io_write_bytes": 23531752,
  "native_process_io_write_operations": 11182,
  "native_working_set_bytes": {
    "max": 19165184.0,
    "p95": 18866176.0,
    "samples": 300
  },
  "options": {
    "active": 250,
    "archive": "complete",
    "dir": "D:\\Documents\\Code\\Github\\clash-verge-ai-residential\\bench-data\\t05-rebuild-20261004-e14ecd88\\data\\primary\\primary-r3-baseline",
    "duration_secs": 300,
    "hz": 1,
    "metadata_change_percent": 100,
    "period_rule": false,
    "query_every_frames": 0,
    "seed": 20260919,
    "source_revision": "c278bb7b56603001e32e353d2ee589dccef0bfe9",
    "start_utc": 1800001800,
    "virtual_time": false,
    "warmup_secs": 30,
    "workload": "counters"
  },
  "platform": "windows",
  "process_id": 48280,
  "samples": [
    {
      "active_tokens": 0,
      "frame": 1,
      "live_rows": 250,
      "native": {
        "cpu_seconds": 8.140625,
        "handles": 114,
        "io_read_bytes": 525919952,
        "io_write_bytes": 36007964,
        "io_write_operations": 16744,
        "private_bytes": 7131136,
        "working_set_bytes": 16482304
      },
      "token_bytes": 0,
      "virtual_utc": 1800001831,
      "wal_bytes": 4161232,
      "wall_secs": 0.0286155
    },
    {
      "active_tokens": 0,
      "frame": 2,
      "live_rows": 250,
      "native": {
        "cpu_seconds": 8.171875,
        "handles": 114,
        "io_read_bytes": 530671312,
        "io_write_bytes": 36073884,
        "io_write_operations": 16776,
        "private_bytes": 5931008,
        "working_set_bytes": 15429632
      },
      "token_bytes": 0,
      "virtual_utc": 1800001832,
      "wal_bytes": 4161232,
      "wall_secs": 1.0289595
    },
    {
      "active_tokens": 0,
      "frame": 3,
      "live_rows": 250,
      "native": {
        "cpu_seconds": 8.21875,
        "handles": 114,
        "io_read_bytes": 535422672,
        "io_write_bytes": 36148044,
        "io_write_operations": 16812,
        "private_bytes": 6541312,
        "working_set_bytes": 15925248
      },
      "token_bytes": 0,
      "virtual_utc": 1800001833,
      "wal_bytes": 4161232,
      "wall_secs": 2.0326041
    },
    {
      "active_tokens": 0,
      "frame": 4,
      "live_rows": 250,
      "native": {
        "cpu_seconds": 8.25,
        "handles": 114,
        "io_read_bytes": 540567248,
        "io_write_bytes": 36611324,
        "io_write_operations": 16943,
        "private_bytes": 6430720,
        "working_set_bytes": 15642624
      },
      "token_bytes": 0,
      "virtual_utc": 1800001834,
      "wal_bytes": 4177712,
      "wall_secs": 3.0350343
    },
    {
      "active_tokens": 0,
      "frame": 5,
      "live_rows": 250,
      "native": {
        "cpu_seconds": 8.265625,
        "handles": 114,
        "io_read_bytes": 545322704,
        "io_write_bytes": 36685516,
        "io_write_operations": 16980,
        "private_bytes": 6561792,
        "working_set_bytes": 16048128
      },
      "token_bytes": 0,
      "virtual_utc": 1800001835,
      "wal_bytes": 4177712,
      "wall_secs": 4.0328394
    },
    {
      "active_tokens": 0,
      "frame": 6,
      "live_rows": 250,
      "native": {
        "cpu_seconds": 8.296875,
        "handles": 114,
        "io_read_bytes": 550078160,
        "io_write_bytes": 36759676,
        "io_write_operations": 17016,
        "private_bytes": 6012928,
        "working_set_bytes": 15491072
      },
      "token_bytes": 0,
      "virtual_utc": 1800001836,
      "wal_bytes": 4177712,
      "wall_secs": 5.0317182
    },
    {
      "active_tokens": 0,
      "frame": 7,
      "live_rows": 250,
      "native": {
        "cpu_seconds": 8.328125,
        "handles": 114,
        "io_read_bytes": 554833616,
        "io_write_bytes": 36833836,
        "io_write_operations": 17052,
        "private_bytes": 6983680,
        "working_set_bytes": 16384000
      },
      "token_bytes": 0,
      "virtual_utc": 1800001837,
      "wal_bytes": 4177712,
      "wall_secs": 6.0304556
    },
    {
      "active_tokens": 0,
      "frame": 8,
      "live_rows": 250,
      "native": {
        "cpu_seconds": 8.375,
        "handles": 114,
        "io_read_bytes": 559589072,
        "io_write_bytes": 36907996,
        "io_write_operations": 17088,
        "private_bytes": 6017024,
        "working_set_bytes": 15511552
      },
      "token_bytes": 0,
      "virtual_utc": 1800001838,
      "wal_bytes": 4177712,
      "wall_secs": 7.0327184
    },
    {
      "active_tokens": 0,
      "frame": 9,
      "live_rows": 250,
      "native": {
        "cpu_seconds": 8.390625,
        "handles": 114,
        "io_read_bytes": 564344528,
        "io_write_bytes": 36982156,
        "io_write_operations": 17124,
        "private_bytes": 7024640,
        "working_set_bytes": 16400384
      },
      "token_bytes": 0,
      "virtual_utc": 1800001839,
      "wal_bytes": 4177712,
      "wall_secs": 8.0333265
    },
    {
      "active_tokens": 0,
      "frame": 10,
      "live_rows": 250,
      "native": {
        "cpu_seconds": 8.421875,
        "handles": 114,
        "io_read_bytes": 569099984,
        "io_write_bytes": 37056316,
        "io_write_operations": 17160,
        "private_bytes": 6062080,
        "working_set_bytes": 15540224
      },
      "token_bytes": 0,
      "virtual_utc": 1800001840,
      "wal_bytes": 4177712,
      "wall_secs": 9.030527
    },
    {
      "active_tokens": 0,
      "frame": 11,
      "live_rows": 250,
      "native": {
        "cpu_seconds": 8.4375,
        "handles": 114,
        "io_read_bytes": 573855440,
        "io_write_bytes": 37130476,
        "io_write_operations": 17196,
        "private_bytes": 7102464,
        "working_set_bytes": 16535552
      },
      "token_bytes": 0,
      "virtual_utc": 1800001841,
      "wal_bytes": 4177712,
      "wall_secs": 10.0298658
    },
    {
      "active_tokens": 0,
      "frame": 12,
      "live_rows": 250,
      "native": {
        "cpu_seconds": 8.46875,
        "handles": 114,
        "io_read_bytes": 578610896,
        "io_write_bytes": 37204636,
        "io_write_operations": 17232,
        "private_bytes": 6152192,
        "working_set_bytes": 15642624
      },
      "token_bytes": 0,
      "virtual_utc": 1800001842,
      "wal_bytes": 4177712,
      "wall_secs": 11.0294792
    },
    {
      "active_tokens": 0,
      "frame": 13,
      "live_rows": 250,
      "native": {
        "cpu_seconds": 8.484375,
        "handles": 114,
        "io_read_bytes": 583366352,
        "io_write_bytes": 37278796,
        "io_write_operations": 17268,
        "private_bytes": 7647232,
        "working_set_bytes": 16707584
      },
      "token_bytes": 0,
      "virtual_utc": 1800001843,
      "wal_bytes": 4177712,
      "wall_secs": 12.0317767
    },
    {
      "active_tokens": 0,
      "frame": 14,
      "live_rows": 250,
      "native": {
        "cpu_seconds": 8.515625,
        "handles": 114,
        "io_read_bytes": 588121808,
        "io_write_bytes": 37352956,
        "io_write_operations": 17304,
        "private_bytes": 6197248,
        "working_set_bytes": 15691776
      },
      "token_bytes": 0,
      "virtual_utc": 1800001844,
      "wal_bytes": 4177712,
      "wall_secs": 13.031063
    },
    {
      "active_tokens": 0,
      "frame": 15,
      "live_rows": 250,
      "native": {
        "cpu_seconds": 8.546875,
        "handles": 114,
        "io_read_bytes": 592877264,
        "io_write_bytes": 37427116,
        "io_write_operations": 17340,
        "private_bytes": 7647232,
        "working_set_bytes": 16654336
      },
      "token_bytes": 0,
      "virtual_utc": 1800001845,
      "wal_bytes": 4177712,
      "wall_secs": 14.0283589
    },
    {
      "active_tokens": 0,
      "frame": 16,
      "live_rows": 250,
      "native": {
        "cpu_seconds": 8.578125,
        "handles": 114,
        "io_read_bytes": 597632720,
        "io_write_bytes": 37501276,
        "io_write_operations": 17376,
        "private_bytes": 6156288,
        "working_set_bytes": 15654912
      },
      "token_bytes": 0,
      "virtual_utc": 1800001846,
      "wal_bytes": 4177712,
      "wall_secs": 15.0327868
    },
    {
      "active_tokens": 0,
      "frame": 17,
      "live_rows": 250,
      "native": {
        "cpu_seconds": 8.59375,
        "handles": 114,
        "io_read_bytes": 602388176,
        "io_write_bytes": 37575436,
        "io_write_operations": 17412,
        "private_bytes": 7647232,
        "working_set_bytes": 16596992
      },
      "token_bytes": 0,
      "virtual_utc": 1800001847,
      "wal_bytes": 4177712,
      "wall_secs": 16.0307535
    },
    {
      "active_tokens": 0,
      "frame": 18,
      "live_rows": 250,
      "native": {
        "cpu_seconds": 8.625,
        "handles": 114,
        "io_read_bytes": 607143632,
        "io_write_bytes": 37649596,
        "io_write_operations": 17448,
        "private_bytes": 6172672,
        "working_set_bytes": 15671296
      },
      "token_bytes": 0,
      "virtual_utc": 1800001848,
      "wal_bytes": 4177712,
      "wall_secs": 17.0306911
    },
    {
      "active_tokens": 0,
      "frame": 19,
      "live_rows": 250,
      "native": {
        "cpu_seconds": 8.640625,
        "handles": 114,
        "io_read_bytes": 611899088,
        "io_write_bytes": 37723756,
        "io_write_operations": 17484,
        "private_bytes": 7647232,
        "working_set_bytes": 16568320
      },
      "token_bytes": 0,
      "virtual_utc": 1800001849,
      "wal_bytes": 4177712,
      "wall_secs": 18.031104
    },
    {
      "active_tokens": 0,
      "frame": 20,
      "live_rows": 250,
      "native": {
        "cpu_seconds": 8.65625,
        "handles": 114,
        "io_read_bytes": 616654544,
        "io_write_bytes": 37797916,
        "io_write_operations": 17520,
        "private_bytes": 6316032,
        "working_set_bytes": 15773696
      },
      "token_bytes": 0,
      "virtual_utc": 1800001850,
      "wal_bytes": 4177712,
      "wall_secs": 19.0309383
    },
    {
      "active_tokens": 0,
      "frame": 21,
      "live_rows": 250,
      "native": {
        "cpu_seconds": 8.6875,
        "handles": 114,
        "io_read_bytes": 621410000,
        "io_write_bytes": 37872076,
        "io_write_operations": 17556,
        "private_bytes": 7647232,
        "working_set_bytes": 16621568
      },
      "token_bytes": 0,
      "virtual_utc": 1800001851,
      "wal_bytes": 4177712,
      "wall_secs": 20.0300269
    },
    {
      "active_tokens": 0,
      "frame": 22,
      "live_rows": 250,
      "native": {
        "cpu_seconds": 8.71875,
        "handles": 114,
        "io_read_bytes": 626165456,
        "io_write_bytes": 37946236,
        "io_write_operations": 17592,
        "private_bytes": 6131712,
        "working_set_bytes": 15630336
      },
      "token_bytes": 0,
      "virtual_utc": 1800001852,
      "wal_bytes": 4177712,
      "wall_secs": 21.0285989
    },
    {
      "active_tokens": 0,
      "frame": 23,
      "live_rows": 250,
      "native": {
        "cpu_seconds": 8.734375,
        "handles": 114,
        "io_read_bytes": 630920912,
        "io_write_bytes": 38028636,
        "io_write_operations": 17632,
        "private_bytes": 7647232,
        "working_set_bytes": 16617472
      },
      "token_bytes": 0,
      "virtual_utc": 1800001853,
      "wal_bytes": 4177712,
      "wall_secs": 22.0305886
    },
    {
      "active_tokens": 0,
      "frame": 24,
      "live_rows": 250,
      "native": {
        "cpu_seconds": 8.765625,
        "handles": 114,
        "io_read_bytes": 635680464,
        "io_write_bytes": 38102796,
        "io_write_operations": 17668,
        "private_bytes": 6209536,
        "working_set_bytes": 15704064
      },
      "token_bytes": 0,
      "virtual_utc": 1800001854,
      "wal_bytes": 4177712,
      "wall_secs": 23.0194018
    },
    {
      "active_tokens": 0,
      "frame": 25,
      "live_rows": 250,
      "native": {
        "cpu_seconds": 8.78125,
        "handles": 114,
        "io_read_bytes": 640440016,
        "io_write_bytes": 38176956,
        "io_write_operations": 17704,
        "private_bytes": 7647232,
        "working_set_bytes": 16670720
      },
      "token_bytes": 0,
      "virtual_utc": 1800001855,
      "wal_bytes": 4177712,
      "wall_secs": 24.0309933
    },
    {
      "active_tokens": 0,
      "frame": 26,
      "live_rows": 250,
      "native": {
        "cpu_seconds": 8.796875,
        "handles": 114,
        "io_read_bytes": 645199568,
        "io_write_bytes": 38251116,
        "io_write_operations": 17740,
        "private_bytes": 6410240,
        "working_set_bytes": 15880192
      },
      "token_bytes": 0,
      "virtual_utc": 1800001856,
      "wal_bytes": 4177712,
      "wall_secs": 25.0301367
    },
    {
      "active_tokens": 0,
      "frame": 27,
      "live_rows": 250,
      "native": {
        "cpu_seconds": 8.8125,
        "handles": 114,
        "io_read_bytes": 649959120,
        "io_write_bytes": 38325276,
        "io_write_operations": 17776,
        "private_bytes": 6852608,
        "working_set_bytes": 16244736
      },
      "token_bytes": 0,
      "virtual_utc": 1800001857,
      "wal_bytes": 4177712,
      "wall_secs": 26.0313958
    },
    {
      "active_tokens": 0,
      "frame": 28,
      "live_rows": 250,
      "native": {
        "cpu_seconds": 8.84375,
        "handles": 114,
        "io_read_bytes": 654718672,
        "io_write_bytes": 38399436,
        "io_write_operations": 17812,
        "private_bytes": 6316032,
        "working_set_bytes": 15798272
      },
      "token_bytes": 0,
      "virtual_utc": 1800001858,
      "wal_bytes": 4177712,
      "wall_secs": 27.0284831
    },
    {
      "active_tokens": 0,
      "frame": 29,
      "live_rows": 250,
      "native": {
        "cpu_seconds": 8.875,
        "handles": 114,
        "io_read_bytes": 659478224,
        "io_write_bytes": 38473596,
        "io_write_operations": 17848,
        "private_bytes": 7102464,
        "working_set_bytes": 16564224
      },
      "token_bytes": 0,
      "virtual_utc": 1800001859,
      "wal_bytes": 4177712,
      "wall_secs": 28.0224683
    },
    {
      "active_tokens": 0,
      "frame": 30,
      "live_rows": 250,
      "native": {
        "cpu_seconds": 8.90625,
        "handles": 114,
        "io_read_bytes": 664237776,
        "io_write_bytes": 38572476,
        "io_write_operations": 17896,
        "private_bytes": 6750208,
        "working_set_bytes": 15818752
      },
      "token_bytes": 0,
      "virtual_utc": 1800001860,
      "wal_bytes": 4177712,
      "wall_secs": 29.0286884
    },
    {
      "active_tokens": 0,
      "frame": 31,
      "live_rows": 250,
      "native": {
        "cpu_seconds": 8.921875,
        "handles": 114,
        "io_read_bytes": 668997328,
        "io_write_bytes": 38646636,
        "io_write_operations": 17932,
        "private_bytes": 7647232,
        "working_set_bytes": 16732160
      },
      "token_bytes": 0,
      "virtual_utc": 1800001861,
      "wal_bytes": 4177712,
      "wall_secs": 30.0311119
    },
    {
      "active_tokens": 0,
      "frame": 32,
      "live_rows": 250,
      "native": {
        "cpu_seconds": 8.9375,
        "handles": 114,
        "io_read_bytes": 673765072,
        "io_write_bytes": 38729036,
        "io_write_operations": 17972,
        "private_bytes": 6262784,
        "working_set_bytes": 15757312
      },
      "token_bytes": 0,
      "virtual_utc": 1800001862,
      "wal_bytes": 4177712,
      "wall_secs": 31.0316119
    },
    {
      "active_tokens": 0,
      "frame": 33,
      "live_rows": 250,
      "native": {
        "cpu_seconds": 8.953125,
        "handles": 114,
        "io_read_bytes": 678528720,
        "io_write_bytes": 38803196,
        "io_write_operations": 18008,
        "private_bytes": 7639040,
        "working_set_bytes": 16728064
      },
      "token_bytes": 0,
      "virtual_utc": 1800001863,
      "wal_bytes": 4177712,
      "wall_secs": 32.0312629
    },
    {
      "active_tokens": 0,
      "frame": 34,
      "live_rows": 250,
      "native": {
        "cpu_seconds": 8.984375,
        "handles": 114,
        "io_read_bytes": 683292368,
        "io_write_bytes": 38877356,
        "io_write_operations": 18044,
        "private_bytes": 6504448,
        "working_set_bytes": 15855616
      },
      "token_bytes": 0,
      "virtual_utc": 1800001864,
      "wal_bytes": 4177712,
      "wall_secs": 33.0212317
    },
    {
      "active_tokens": 0,
      "frame": 35,
      "live_rows": 250,
      "native": {
        "cpu_seconds": 9.0,
        "handles": 114,
        "io_read_bytes": 688056016,
        "io_write_bytes": 38951516,
        "io_write_operations": 18080,
        "private_bytes": 7626752,
        "working_set_bytes": 16809984
      },
      "token_bytes": 0,
      "virtual_utc": 1800001865,
      "wal_bytes": 4177712,
      "wall_secs": 34.0299632
    },
    {
      "active_tokens": 0,
      "frame": 36,
      "live_rows": 250,
      "native": {
        "cpu_seconds": 9.015625,
        "handles": 114,
        "io_read_bytes": 692819664,
        "io_write_bytes": 39025676,
        "io_write_operations": 18116,
        "private_bytes": 6713344,
        "working_set_bytes": 16207872
      },
      "token_bytes": 0,
      "virtual_utc": 1800001866,
      "wal_bytes": 4177712,
      "wall_secs": 35.0329765
    },
    {
      "active_tokens": 0,
      "frame": 37,
      "live_rows": 250,
      "native": {
        "cpu_seconds": 9.046875,
        "handles": 114,
        "io_read_bytes": 697583312,
        "io_write_bytes": 39099836,
        "io_write_operations": 18152,
        "private_bytes": 7000064,
        "working_set_bytes": 16449536
      },
      "token_bytes": 0,
      "virtual_utc": 1800001867,
      "wal_bytes": 4177712,
      "wall_secs": 36.0317219
    },
    {
      "active_tokens": 0,
      "frame": 38,
      "live_rows": 250,
      "native": {
        "cpu_seconds": 9.078125,
        "handles": 114,
        "io_read_bytes": 702346960,
        "io_write_bytes": 39173996,
        "io_write_operations": 18188,
        "private_bytes": 6311936,
        "working_set_bytes": 15810560
      },
      "token_bytes": 0,
      "virtual_utc": 1800001868,
      "wal_bytes": 4177712,
      "wall_secs": 37.0307945
    },
    {
      "active_tokens": 0,
      "frame": 39,
      "live_rows": 250,
      "native": {
        "cpu_seconds": 9.109375,
        "handles": 114,
        "io_read_bytes": 707110608,
        "io_write_bytes": 39248156,
        "io_write_operations": 18224,
        "private_bytes": 7647232,
        "working_set_bytes": 16846848
      },
      "token_bytes": 0,
      "virtual_utc": 1800001869,
      "wal_bytes": 4177712,
      "wall_secs": 38.0204914
    },
    {
      "active_tokens": 0,
      "frame": 40,
      "live_rows": 250,
      "native": {
        "cpu_seconds": 9.140625,
        "handles": 114,
        "io_read_bytes": 711874256,
        "io_write_bytes": 39322316,
        "io_write_operations": 18260,
        "private_bytes": 6418432,
        "working_set_bytes": 15912960
      },
      "token_bytes": 0,
      "virtual_utc": 1800001870,
      "wal_bytes": 4177712,
      "wall_secs": 39.0298043
    },
    {
      "active_tokens": 0,
      "frame": 41,
      "live_rows": 250,
      "native": {
        "cpu_seconds": 9.140625,
        "handles": 114,
        "io_read_bytes": 716637904,
        "io_write_bytes": 39396476,
        "io_write_operations": 18296,
        "private_bytes": 7774208,
        "working_set_bytes": 16904192
      },
      "token_bytes": 0,
      "virtual_utc": 1800001871,
      "wal_bytes": 4177712,
      "wall_secs": 40.0299836
    },
    {
      "active_tokens": 0,
      "frame": 42,
      "live_rows": 250,
      "native": {
        "cpu_seconds": 9.15625,
        "handles": 114,
        "io_read_bytes": 721401552,
        "io_write_bytes": 39470636,
        "io_write_operations": 18332,
        "private_bytes": 6582272,
        "working_set_bytes": 16048128
      },
      "token_bytes": 0,
      "virtual_utc": 1800001872,
      "wal_bytes": 4177712,
      "wall_secs": 41.0320958
    },
    {
      "active_tokens": 0,
      "frame": 43,
      "live_rows": 250,
      "native": {
        "cpu_seconds": 9.1875,
        "handles": 114,
        "io_read_bytes": 726165200,
        "io_write_bytes": 39544796,
        "io_write_operations": 18368,
        "private_bytes": 6742016,
        "working_set_bytes": 16211968
      },
      "token_bytes": 0,
      "virtual_utc": 1800001873,
      "wal_bytes": 4177712,
      "wall_secs": 42.030871
    },
    {
      "active_tokens": 0,
      "frame": 44,
      "live_rows": 250,
      "native": {
        "cpu_seconds": 9.203125,
        "handles": 114,
        "io_read_bytes": 730928848,
        "io_write_bytes": 39618956,
        "io_write_operations": 18404,
        "private_bytes": 6492160,
        "working_set_bytes": 15986688
      },
      "token_bytes": 0,
      "virtual_utc": 1800001874,
      "wal_bytes": 4177712,
      "wall_secs": 43.0299865
    },
    {
      "active_tokens": 0,
      "frame": 45,
      "live_rows": 250,
      "native": {
        "cpu_seconds": 9.21875,
        "handles": 114,
        "io_read_bytes": 735692496,
        "io_write_bytes": 39693116,
        "io_write_operations": 18440,
        "private_bytes": 7258112,
        "working_set_bytes": 16592896
      },
      "token_bytes": 0,
      "virtual_utc": 1800001875,
      "wal_bytes": 4177712,
      "wall_secs": 44.0292132
    },
    {
      "active_tokens": 0,
      "frame": 46,
      "live_rows": 250,
      "native": {
        "cpu_seconds": 9.234375,
        "handles": 114,
        "io_read_bytes": 740456144,
        "io_write_bytes": 39767276,
        "io_write_operations": 18476,
        "private_bytes": 6574080,
        "working_set_bytes": 16072704
      },
      "token_bytes": 0,
      "virtual_utc": 1800001876,
      "wal_bytes": 4177712,
      "wall_secs": 45.0311193
    },
    {
      "active_tokens": 0,
      "frame": 47,
      "live_rows": 250,
      "native": {
        "cpu_seconds": 9.25,
        "handles": 114,
        "io_read_bytes": 745219792,
        "io_write_bytes": 39841436,
        "io_write_operations": 18512,
        "private_bytes": 6742016,
        "working_set_bytes": 16236544
      },
      "token_bytes": 0,
      "virtual_utc": 1800001877,
      "wal_bytes": 4177712,
      "wall_secs": 46.0313792
    },
    {
      "active_tokens": 0,
      "frame": 48,
      "live_rows": 250,
      "native": {
        "cpu_seconds": 9.265625,
        "handles": 114,
        "io_read_bytes": 749983440,
        "io_write_bytes": 39915596,
        "io_write_operations": 18548,
        "private_bytes": 6356992,
        "working_set_bytes": 15855616
      },
      "token_bytes": 0,
      "virtual_utc": 1800001878,
      "wal_bytes": 4177712,
      "wall_secs": 47.0305157
    },
    {
      "active_tokens": 0,
      "frame": 49,
      "live_rows": 250,
      "native": {
        "cpu_seconds": 9.296875,
        "handles": 114,
        "io_read_bytes": 754747088,
        "io_write_bytes": 39989756,
        "io_write_operations": 18584,
        "private_bytes": 7585792,
        "working_set_bytes": 16883712
      },
      "token_bytes": 0,
      "virtual_utc": 1800001879,
      "wal_bytes": 4177712,
      "wall_secs": 48.0222602
    },
    {
      "active_tokens": 0,
      "frame": 50,
      "live_rows": 250,
      "native": {
        "cpu_seconds": 9.3125,
        "handles": 114,
        "io_read_bytes": 759510736,
        "io_write_bytes": 40063916,
        "io_write_operations": 18620,
        "private_bytes": 6430720,
        "working_set_bytes": 15933440
      },
      "token_bytes": 0,
      "virtual_utc": 1800001880,
      "wal_bytes": 4177712,
      "wall_secs": 49.0300897
    },
    {
      "active_tokens": 0,
      "frame": 51,
      "live_rows": 250,
      "native": {
        "cpu_seconds": 9.328125,
        "handles": 114,
        "io_read_bytes": 764274384,
        "io_write_bytes": 40138076,
        "io_write_operations": 18656,
        "private_bytes": 7643136,
        "working_set_bytes": 16732160
      },
      "token_bytes": 0,
      "virtual_utc": 1800001881,
      "wal_bytes": 4177712,
      "wall_secs": 50.0317986
    },
    {
      "active_tokens": 0,
      "frame": 52,
      "live_rows": 250,
      "native": {
        "cpu_seconds": 9.359375,
        "handles": 114,
        "io_read_bytes": 769038032,
        "io_write_bytes": 40212236,
        "io_write_operations": 18692,
        "private_bytes": 6799360,
        "working_set_bytes": 16216064
      },
      "token_bytes": 0,
      "virtual_utc": 1800001882,
      "wal_bytes": 4177712,
      "wall_secs": 51.0308702
    },
    {
      "active_tokens": 0,
      "frame": 53,
      "live_rows": 250,
      "native": {
        "cpu_seconds": 9.375,
        "handles": 114,
        "io_read_bytes": 773801680,
        "io_write_bytes": 40286396,
        "io_write_operations": 18728,
        "private_bytes": 7581696,
        "working_set_bytes": 16842752
      },
      "token_bytes": 0,
      "virtual_utc": 1800001883,
      "wal_bytes": 4177712,
      "wall_secs": 52.0316154
    },
    {
      "active_tokens": 0,
      "frame": 54,
      "live_rows": 250,
      "native": {
        "cpu_seconds": 9.390625,
        "handles": 114,
        "io_read_bytes": 778565328,
        "io_write_bytes": 40360556,
        "io_write_operations": 18764,
        "private_bytes": 6864896,
        "working_set_bytes": 16101376
      },
      "token_bytes": 0,
      "virtual_utc": 1800001884,
      "wal_bytes": 4177712,
      "wall_secs": 53.0305995
    },
    {
      "active_tokens": 0,
      "frame": 55,
      "live_rows": 250,
      "native": {
        "cpu_seconds": 9.40625,
        "handles": 114,
        "io_read_bytes": 783328976,
        "io_write_bytes": 40434716,
        "io_write_operations": 18800,
        "private_bytes": 7634944,
        "working_set_bytes": 16683008
      },
      "token_bytes": 0,
      "virtual_utc": 1800001885,
      "wal_bytes": 4177712,
      "wall_secs": 54.0310401
    },
    {
      "active_tokens": 0,
      "frame": 56,
      "live_rows": 250,
      "native": {
        "cpu_seconds": 9.4375,
        "handles": 114,
        "io_read_bytes": 788092624,
        "io_write_bytes": 40508876,
        "io_write_operations": 18836,
        "private_bytes": 6606848,
        "working_set_bytes": 16101376
      },
      "token_bytes": 0,
      "virtual_utc": 1800001886,
      "wal_bytes": 4177712,
      "wall_secs": 55.0301211
    },
    {
      "active_tokens": 0,
      "frame": 57,
      "live_rows": 250,
      "native": {
        "cpu_seconds": 9.453125,
        "handles": 114,
        "io_read_bytes": 792856272,
        "io_write_bytes": 40583036,
        "io_write_operations": 18872,
        "private_bytes": 7569408,
        "working_set_bytes": 16834560
      },
      "token_bytes": 0,
      "virtual_utc": 1800001887,
      "wal_bytes": 4177712,
      "wall_secs": 56.030945
    },
    {
      "active_tokens": 0,
      "frame": 58,
      "live_rows": 250,
      "native": {
        "cpu_seconds": 9.46875,
        "handles": 114,
        "io_read_bytes": 797619920,
        "io_write_bytes": 40657196,
        "io_write_operations": 18908,
        "private_bytes": 6733824,
        "working_set_bytes": 15970304
      },
      "token_bytes": 0,
      "virtual_utc": 1800001888,
      "wal_bytes": 4177712,
      "wall_secs": 57.030473
    },
    {
      "active_tokens": 0,
      "frame": 59,
      "live_rows": 250,
      "native": {
        "cpu_seconds": 9.484375,
        "handles": 114,
        "io_read_bytes": 802498256,
        "io_write_bytes": 40846044,
        "io_write_operations": 18972,
        "private_bytes": 7634944,
        "working_set_bytes": 16961536
      },
      "token_bytes": 0,
      "virtual_utc": 1800001889,
      "wal_bytes": 4177712,
      "wall_secs": 58.0323224
    },
    {
      "active_tokens": 0,
      "frame": 60,
      "live_rows": 250,
      "native": {
        "cpu_seconds": 9.515625,
        "handles": 114,
        "io_read_bytes": 807261904,
        "io_write_bytes": 40920236,
        "io_write_operations": 19009,
        "private_bytes": 6541312,
        "working_set_bytes": 16011264
      },
      "token_bytes": 0,
      "virtual_utc": 1800001890,
      "wal_bytes": 4177712,
      "wall_secs": 59.0299422
    },
    {
      "active_tokens": 0,
      "frame": 61,
      "live_rows": 250,
      "native": {
        "cpu_seconds": 9.546875,
        "handles": 114,
        "io_read_bytes": 812025552,
        "io_write_bytes": 40994396,
        "io_write_operations": 19045,
        "private_bytes": 7503872,
        "working_set_bytes": 16728064
      },
      "token_bytes": 0,
      "virtual_utc": 1800001891,
      "wal_bytes": 4177712,
      "wall_secs": 60.0336238
    },
    {
      "active_tokens": 0,
      "frame": 62,
      "live_rows": 250,
      "native": {
        "cpu_seconds": 9.5625,
        "handles": 114,
        "io_read_bytes": 816789200,
        "io_write_bytes": 41068556,
        "io_write_operations": 19081,
        "private_bytes": 6615040,
        "working_set_bytes": 16117760
      },
      "token_bytes": 0,
      "virtual_utc": 1800001892,
      "wal_bytes": 4177712,
      "wall_secs": 61.0306445
    },
    {
      "active_tokens": 0,
      "frame": 63,
      "live_rows": 250,
      "native": {
        "cpu_seconds": 9.59375,
        "handles": 114,
        "io_read_bytes": 821552848,
        "io_write_bytes": 41142716,
        "io_write_operations": 19117,
        "private_bytes": 6991872,
        "working_set_bytes": 16285696
      },
      "token_bytes": 0,
      "virtual_utc": 1800001893,
      "wal_bytes": 4177712,
      "wall_secs": 62.0296488
    },
    {
      "active_tokens": 0,
      "frame": 64,
      "live_rows": 250,
      "native": {
        "cpu_seconds": 9.609375,
        "handles": 114,
        "io_read_bytes": 826316496,
        "io_write_bytes": 41216876,
        "io_write_operations": 19153,
        "private_bytes": 6868992,
        "working_set_bytes": 16105472
      },
      "token_bytes": 0,
      "virtual_utc": 1800001894,
      "wal_bytes": 4177712,
      "wall_secs": 63.0304546
    },
    {
      "active_tokens": 0,
      "frame": 65,
      "live_rows": 250,
      "native": {
        "cpu_seconds": 9.625,
        "handles": 114,
        "io_read_bytes": 831080144,
        "io_write_bytes": 41291036,
        "io_write_operations": 19189,
        "private_bytes": 7491584,
        "working_set_bytes": 16850944
      },
      "token_bytes": 0,
      "virtual_utc": 1800001895,
      "wal_bytes": 4177712,
      "wall_secs": 64.0310831
    },
    {
      "active_tokens": 0,
      "frame": 66,
      "live_rows": 250,
      "native": {
        "cpu_seconds": 9.65625,
        "handles": 114,
        "io_read_bytes": 835843792,
        "io_write_bytes": 41365196,
        "io_write_operations": 19225,
        "private_bytes": 6610944,
        "working_set_bytes": 16113664
      },
      "token_bytes": 0,
      "virtual_utc": 1800001896,
      "wal_bytes": 4177712,
      "wall_secs": 65.029015
    },
    {
      "active_tokens": 0,
      "frame": 67,
      "live_rows": 250,
      "native": {
        "cpu_seconds": 9.671875,
        "handles": 114,
        "io_read_bytes": 840607440,
        "io_write_bytes": 41439356,
        "io_write_operations": 19261,
        "private_bytes": 6516736,
        "working_set_bytes": 16019456
      },
      "token_bytes": 0,
      "virtual_utc": 1800001897,
      "wal_bytes": 4177712,
      "wall_secs": 66.0297067
    },
    {
      "active_tokens": 0,
      "frame": 68,
      "live_rows": 250,
      "native": {
        "cpu_seconds": 9.6875,
        "handles": 114,
        "io_read_bytes": 845371088,
        "io_write_bytes": 41513516,
        "io_write_operations": 19297,
        "private_bytes": 6430720,
        "working_set_bytes": 15912960
      },
      "token_bytes": 0,
      "virtual_utc": 1800001898,
      "wal_bytes": 4177712,
      "wall_secs": 67.0312854
    },
    {
      "active_tokens": 0,
      "frame": 69,
      "live_rows": 250,
      "native": {
        "cpu_seconds": 9.703125,
        "handles": 114,
        "io_read_bytes": 850134736,
        "io_write_bytes": 41587676,
        "io_write_operations": 19333,
        "private_bytes": 7516160,
        "working_set_bytes": 16773120
      },
      "token_bytes": 0,
      "virtual_utc": 1800001899,
      "wal_bytes": 4177712,
      "wall_secs": 68.0297884
    },
    {
      "active_tokens": 0,
      "frame": 70,
      "live_rows": 250,
      "native": {
        "cpu_seconds": 9.734375,
        "handles": 114,
        "io_read_bytes": 854898384,
        "io_write_bytes": 41661836,
        "io_write_operations": 19369,
        "private_bytes": 6660096,
        "working_set_bytes": 16080896
      },
      "token_bytes": 0,
      "virtual_utc": 1800001900,
      "wal_bytes": 4177712,
      "wall_secs": 69.0324171
    },
    {
      "active_tokens": 0,
      "frame": 71,
      "live_rows": 250,
      "native": {
        "cpu_seconds": 9.765625,
        "handles": 114,
        "io_read_bytes": 859662032,
        "io_write_bytes": 41735996,
        "io_write_operations": 19405,
        "private_bytes": 7516160,
        "working_set_bytes": 16797696
      },
      "token_bytes": 0,
      "virtual_utc": 1800001901,
      "wal_bytes": 4177712,
      "wall_secs": 70.031931
    },
    {
      "active_tokens": 0,
      "frame": 72,
      "live_rows": 250,
      "native": {
        "cpu_seconds": 9.796875,
        "handles": 114,
        "io_read_bytes": 864425680,
        "io_write_bytes": 41810156,
        "io_write_operations": 19441,
        "private_bytes": 6500352,
        "working_set_bytes": 15998976
      },
      "token_bytes": 0,
      "virtual_utc": 1800001902,
      "wal_bytes": 4177712,
      "wall_secs": 71.0303564
    },
    {
      "active_tokens": 0,
      "frame": 73,
      "live_rows": 250,
      "native": {
        "cpu_seconds": 9.8125,
        "handles": 114,
        "io_read_bytes": 869189328,
        "io_write_bytes": 41884316,
        "io_write_operations": 19477,
        "private_bytes": 7512064,
        "working_set_bytes": 16863232
      },
      "token_bytes": 0,
      "virtual_utc": 1800001903,
      "wal_bytes": 4177712,
      "wall_secs": 72.0303798
    },
    {
      "active_tokens": 0,
      "frame": 74,
      "live_rows": 250,
      "native": {
        "cpu_seconds": 9.828125,
        "handles": 114,
        "io_read_bytes": 873952976,
        "io_write_bytes": 41958476,
        "io_write_operations": 19513,
        "private_bytes": 7090176,
        "working_set_bytes": 16314368
      },
      "token_bytes": 0,
      "virtual_utc": 1800001904,
      "wal_bytes": 4177712,
      "wall_secs": 73.0310585
    },
    {
      "active_tokens": 0,
      "frame": 75,
      "live_rows": 250,
      "native": {
        "cpu_seconds": 9.859375,
        "handles": 114,
        "io_read_bytes": 878716624,
        "io_write_bytes": 42032636,
        "io_write_operations": 19549,
        "private_bytes": 7024640,
        "working_set_bytes": 16396288
      },
      "token_bytes": 0,
      "virtual_utc": 1800001905,
      "wal_bytes": 4177712,
      "wall_secs": 74.0283802
    },
    {
      "active_tokens": 0,
      "frame": 76,
      "live_rows": 250,
      "native": {
        "cpu_seconds": 9.890625,
        "handles": 114,
        "io_read_bytes": 883480272,
        "io_write_bytes": 42110916,
        "io_write_operations": 19587,
        "private_bytes": 6811648,
        "working_set_bytes": 16314368
      },
      "token_bytes": 0,
      "virtual_utc": 1800001906,
      "wal_bytes": 4177712,
      "wall_secs": 75.0316718
    },
    {
      "active_tokens": 0,
      "frame": 77,
      "live_rows": 250,
      "native": {
        "cpu_seconds": 9.90625,
        "handles": 114,
        "io_read_bytes": 888243920,
        "io_write_bytes": 42185076,
        "io_write_operations": 19623,
        "private_bytes": 6893568,
        "working_set_bytes": 16265216
      },
      "token_bytes": 0,
      "virtual_utc": 1800001907,
      "wal_bytes": 4177712,
      "wall_secs": 76.0293898
    },
    {
      "active_tokens": 0,
      "frame": 78,
      "live_rows": 250,
      "native": {
        "cpu_seconds": 9.9375,
        "handles": 114,
        "io_read_bytes": 893007568,
        "io_write_bytes": 42259236,
        "io_write_operations": 19659,
        "private_bytes": 6766592,
        "working_set_bytes": 16244736
      },
      "token_bytes": 0,
      "virtual_utc": 1800001908,
      "wal_bytes": 4177712,
      "wall_secs": 77.0281669
    },
    {
      "active_tokens": 0,
      "frame": 79,
      "live_rows": 250,
      "native": {
        "cpu_seconds": 9.96875,
        "handles": 114,
        "io_read_bytes": 897771216,
        "io_write_bytes": 42333396,
        "io_write_operations": 19695,
        "private_bytes": 8048640,
        "working_set_bytes": 16986112
      },
      "token_bytes": 0,
      "virtual_utc": 1800001909,
      "wal_bytes": 4177712,
      "wall_secs": 78.0289417
    },
    {
      "active_tokens": 0,
      "frame": 80,
      "live_rows": 250,
      "native": {
        "cpu_seconds": 9.984375,
        "handles": 114,
        "io_read_bytes": 902534864,
        "io_write_bytes": 42407556,
        "io_write_operations": 19731,
        "private_bytes": 6631424,
        "working_set_bytes": 16121856
      },
      "token_bytes": 0,
      "virtual_utc": 1800001910,
      "wal_bytes": 4177712,
      "wall_secs": 79.0291226
    },
    {
      "active_tokens": 0,
      "frame": 81,
      "live_rows": 250,
      "native": {
        "cpu_seconds": 10.015625,
        "handles": 114,
        "io_read_bytes": 907298512,
        "io_write_bytes": 42481716,
        "io_write_operations": 19767,
        "private_bytes": 6557696,
        "working_set_bytes": 16048128
      },
      "token_bytes": 0,
      "virtual_utc": 1800001911,
      "wal_bytes": 4177712,
      "wall_secs": 80.028425
    },
    {
      "active_tokens": 0,
      "frame": 82,
      "live_rows": 250,
      "native": {
        "cpu_seconds": 10.03125,
        "handles": 114,
        "io_read_bytes": 912062160,
        "io_write_bytes": 42555876,
        "io_write_operations": 19803,
        "private_bytes": 6631424,
        "working_set_bytes": 16117760
      },
      "token_bytes": 0,
      "virtual_utc": 1800001912,
      "wal_bytes": 4177712,
      "wall_secs": 81.0306483
    },
    {
      "active_tokens": 0,
      "frame": 83,
      "live_rows": 250,
      "native": {
        "cpu_seconds": 10.0625,
        "handles": 114,
        "io_read_bytes": 916825808,
        "io_write_bytes": 42630036,
        "io_write_operations": 19839,
        "private_bytes": 6823936,
        "working_set_bytes": 16297984
      },
      "token_bytes": 0,
      "virtual_utc": 1800001913,
      "wal_bytes": 4177712,
      "wall_secs": 82.0291646
    },
    {
      "active_tokens": 0,
      "frame": 84,
      "live_rows": 250,
      "native": {
        "cpu_seconds": 10.078125,
        "handles": 114,
        "io_read_bytes": 921589456,
        "io_write_bytes": 42704196,
        "io_write_operations": 19875,
        "private_bytes": 6873088,
        "working_set_bytes": 16363520
      },
      "token_bytes": 0,
      "virtual_utc": 1800001914,
      "wal_bytes": 4177712,
      "wall_secs": 83.0311343
    },
    {
      "active_tokens": 0,
      "frame": 85,
      "live_rows": 250,
      "native": {
        "cpu_seconds": 10.09375,
        "handles": 114,
        "io_read_bytes": 926353104,
        "io_write_bytes": 42778356,
        "io_write_operations": 19911,
        "private_bytes": 7499776,
        "working_set_bytes": 16687104
      },
      "token_bytes": 0,
      "virtual_utc": 1800001915,
      "wal_bytes": 4177712,
      "wall_secs": 84.0298492
    },
    {
      "active_tokens": 0,
      "frame": 86,
      "live_rows": 250,
      "native": {
        "cpu_seconds": 10.109375,
        "handles": 114,
        "io_read_bytes": 931116752,
        "io_write_bytes": 42852516,
        "io_write_operations": 19947,
        "private_bytes": 8044544,
        "working_set_bytes": 17207296
      },
      "token_bytes": 0,
      "virtual_utc": 1800001916,
      "wal_bytes": 4177712,
      "wall_secs": 85.0322333
    },
    {
      "active_tokens": 0,
      "frame": 87,
      "live_rows": 250,
      "native": {
        "cpu_seconds": 10.15625,
        "handles": 114,
        "io_read_bytes": 935880400,
        "io_write_bytes": 42926676,
        "io_write_operations": 19983,
        "private_bytes": 7376896,
        "working_set_bytes": 16883712
      },
      "token_bytes": 0,
      "virtual_utc": 1800001917,
      "wal_bytes": 4177712,
      "wall_secs": 86.0280818
    },
    {
      "active_tokens": 0,
      "frame": 88,
      "live_rows": 250,
      "native": {
        "cpu_seconds": 10.171875,
        "handles": 114,
        "io_read_bytes": 940644048,
        "io_write_bytes": 43000836,
        "io_write_operations": 20019,
        "private_bytes": 7155712,
        "working_set_bytes": 16424960
      },
      "token_bytes": 0,
      "virtual_utc": 1800001918,
      "wal_bytes": 4177712,
      "wall_secs": 87.0304887
    },
    {
      "active_tokens": 0,
      "frame": 89,
      "live_rows": 250,
      "native": {
        "cpu_seconds": 10.1875,
        "handles": 114,
        "io_read_bytes": 945407696,
        "io_write_bytes": 43074996,
        "io_write_operations": 20055,
        "private_bytes": 6684672,
        "working_set_bytes": 16228352
      },
      "token_bytes": 0,
      "virtual_utc": 1800001919,
      "wal_bytes": 4177712,
      "wall_secs": 88.0303419
    },
    {
      "active_tokens": 0,
      "frame": 90,
      "live_rows": 250,
      "native": {
        "cpu_seconds": 10.203125,
        "handles": 114,
        "io_read_bytes": 950183632,
        "io_write_bytes": 43182116,
        "io_write_operations": 20107,
        "private_bytes": 7622656,
        "working_set_bytes": 17100800
      },
      "token_bytes": 0,
      "virtual_utc": 1800001920,
      "wal_bytes": 4177712,
      "wall_secs": 89.0292774
    },
    {
      "active_tokens": 0,
      "frame": 91,
      "live_rows": 250,
      "native": {
        "cpu_seconds": 10.234375,
        "handles": 114,
        "io_read_bytes": 954947280,
        "io_write_bytes": 43256276,
        "io_write_operations": 20143,
        "private_bytes": 7380992,
        "working_set_bytes": 16879616
      },
      "token_bytes": 0,
      "virtual_utc": 1800001921,
      "wal_bytes": 4177712,
      "wall_secs": 90.0306268
    },
    {
      "active_tokens": 0,
      "frame": 92,
      "live_rows": 250,
      "native": {
        "cpu_seconds": 10.234375,
        "handles": 114,
        "io_read_bytes": 959719120,
        "io_write_bytes": 43338676,
        "io_write_operations": 20183,
        "private_bytes": 6914048,
        "working_set_bytes": 16453632
      },
      "token_bytes": 0,
      "virtual_utc": 1800001922,
      "wal_bytes": 4177712,
      "wall_secs": 91.0312653
    },
    {
      "active_tokens": 0,
      "frame": 93,
      "live_rows": 250,
      "native": {
        "cpu_seconds": 10.25,
        "handles": 114,
        "io_read_bytes": 964486864,
        "io_write_bytes": 43412836,
        "io_write_operations": 20219,
        "private_bytes": 7204864,
        "working_set_bytes": 16719872
      },
      "token_bytes": 0,
      "virtual_utc": 1800001923,
      "wal_bytes": 4177712,
      "wall_secs": 92.0314605
    },
    {
      "active_tokens": 0,
      "frame": 94,
      "live_rows": 250,
      "native": {
        "cpu_seconds": 10.265625,
        "handles": 114,
        "io_read_bytes": 969254608,
        "io_write_bytes": 43486996,
        "io_write_operations": 20255,
        "private_bytes": 8048640,
        "working_set_bytes": 17399808
      },
      "token_bytes": 0,
      "virtual_utc": 1800001924,
      "wal_bytes": 4177712,
      "wall_secs": 93.0303594
    },
    {
      "active_tokens": 0,
      "frame": 95,
      "live_rows": 250,
      "native": {
        "cpu_seconds": 10.296875,
        "handles": 114,
        "io_read_bytes": 974022352,
        "io_write_bytes": 43561156,
        "io_write_operations": 20291,
        "private_bytes": 7364608,
        "working_set_bytes": 16846848
      },
      "token_bytes": 0,
      "virtual_utc": 1800001925,
      "wal_bytes": 4177712,
      "wall_secs": 94.0284767
    },
    {
      "active_tokens": 0,
      "frame": 96,
      "live_rows": 250,
      "native": {
        "cpu_seconds": 10.3125,
        "handles": 114,
        "io_read_bytes": 978790096,
        "io_write_bytes": 43635316,
        "io_write_operations": 20327,
        "private_bytes": 7016448,
        "working_set_bytes": 16510976
      },
      "token_bytes": 0,
      "virtual_utc": 1800001926,
      "wal_bytes": 4177712,
      "wall_secs": 95.0309632
    },
    {
      "active_tokens": 0,
      "frame": 97,
      "live_rows": 250,
      "native": {
        "cpu_seconds": 10.328125,
        "handles": 114,
        "io_read_bytes": 983557840,
        "io_write_bytes": 43709476,
        "io_write_operations": 20363,
        "private_bytes": 7340032,
        "working_set_bytes": 16805888
      },
      "token_bytes": 0,
      "virtual_utc": 1800001927,
      "wal_bytes": 4177712,
      "wall_secs": 96.0318987
    },
    {
      "active_tokens": 0,
      "frame": 98,
      "live_rows": 250,
      "native": {
        "cpu_seconds": 10.375,
        "handles": 114,
        "io_read_bytes": 988325584,
        "io_write_bytes": 43783636,
        "io_write_operations": 20399,
        "private_bytes": 7016448,
        "working_set_bytes": 16527360
      },
      "token_bytes": 0,
      "virtual_utc": 1800001928,
      "wal_bytes": 4177712,
      "wall_secs": 97.0200937
    },
    {
      "active_tokens": 0,
      "frame": 99,
      "live_rows": 250,
      "native": {
        "cpu_seconds": 10.390625,
        "handles": 114,
        "io_read_bytes": 993093328,
        "io_write_bytes": 43857796,
        "io_write_operations": 20435,
        "private_bytes": 6873088,
        "working_set_bytes": 16375808
      },
      "token_bytes": 0,
      "virtual_utc": 1800001929,
      "wal_bytes": 4177712,
      "wall_secs": 98.0299557
    },
    {
      "active_tokens": 0,
      "frame": 100,
      "live_rows": 250,
      "native": {
        "cpu_seconds": 10.40625,
        "handles": 114,
        "io_read_bytes": 997861072,
        "io_write_bytes": 43931956,
        "io_write_operations": 20471,
        "private_bytes": 7249920,
        "working_set_bytes": 16752640
      },
      "token_bytes": 0,
      "virtual_utc": 1800001930,
      "wal_bytes": 4177712,
      "wall_secs": 99.0318822
    },
    {
      "active_tokens": 0,
      "frame": 101,
      "live_rows": 250,
      "native": {
        "cpu_seconds": 10.4375,
        "handles": 114,
        "io_read_bytes": 1002628816,
        "io_write_bytes": 44006116,
        "io_write_operations": 20507,
        "private_bytes": 8515584,
        "working_set_bytes": 17600512
      },
      "token_bytes": 0,
      "virtual_utc": 1800001931,
      "wal_bytes": 4177712,
      "wall_secs": 100.0303763
    },
    {
      "active_tokens": 0,
      "frame": 102,
      "live_rows": 250,
      "native": {
        "cpu_seconds": 10.453125,
        "handles": 114,
        "io_read_bytes": 1007396560,
        "io_write_bytes": 44080276,
        "io_write_operations": 20543,
        "private_bytes": 8515584,
        "working_set_bytes": 17608704
      },
      "token_bytes": 0,
      "virtual_utc": 1800001932,
      "wal_bytes": 4177712,
      "wall_secs": 101.0296078
    },
    {
      "active_tokens": 0,
      "frame": 103,
      "live_rows": 250,
      "native": {
        "cpu_seconds": 10.46875,
        "handles": 114,
        "io_read_bytes": 1012164304,
        "io_write_bytes": 44154436,
        "io_write_operations": 20579,
        "private_bytes": 7299072,
        "working_set_bytes": 16781312
      },
      "token_bytes": 0,
      "virtual_utc": 1800001933,
      "wal_bytes": 4177712,
      "wall_secs": 102.032722
    },
    {
      "active_tokens": 0,
      "frame": 104,
      "live_rows": 250,
      "native": {
        "cpu_seconds": 10.5,
        "handles": 114,
        "io_read_bytes": 1016932048,
        "io_write_bytes": 44228596,
        "io_write_operations": 20615,
        "private_bytes": 7254016,
        "working_set_bytes": 16760832
      },
      "token_bytes": 0,
      "virtual_utc": 1800001934,
      "wal_bytes": 4177712,
      "wall_secs": 103.0300544
    },
    {
      "active_tokens": 0,
      "frame": 105,
      "live_rows": 250,
      "native": {
        "cpu_seconds": 10.53125,
        "handles": 114,
        "io_read_bytes": 1021699792,
        "io_write_bytes": 44302756,
        "io_write_operations": 20651,
        "private_bytes": 8540160,
        "working_set_bytes": 17608704
      },
      "token_bytes": 0,
      "virtual_utc": 1800001935,
      "wal_bytes": 4177712,
      "wall_secs": 104.0279138
    },
    {
      "active_tokens": 0,
      "frame": 106,
      "live_rows": 250,
      "native": {
        "cpu_seconds": 10.546875,
        "handles": 114,
        "io_read_bytes": 1026467536,
        "io_write_bytes": 44376916,
        "io_write_operations": 20687,
        "private_bytes": 8540160,
        "working_set_bytes": 17616896
      },
      "token_bytes": 0,
      "virtual_utc": 1800001936,
      "wal_bytes": 4177712,
      "wall_secs": 105.0307125
    },
    {
      "active_tokens": 0,
      "frame": 107,
      "live_rows": 250,
      "native": {
        "cpu_seconds": 10.5625,
        "handles": 114,
        "io_read_bytes": 1031235280,
        "io_write_bytes": 44451076,
        "io_write_operations": 20723,
        "private_bytes": 8540160,
        "working_set_bytes": 17616896
      },
      "token_bytes": 0,
      "virtual_utc": 1800001937,
      "wal_bytes": 4177712,
      "wall_secs": 106.0307039
    },
    {
      "active_tokens": 0,
      "frame": 108,
      "live_rows": 250,
      "native": {
        "cpu_seconds": 10.578125,
        "handles": 114,
        "io_read_bytes": 1036003024,
        "io_write_bytes": 44525236,
        "io_write_operations": 20759,
        "private_bytes": 6877184,
        "working_set_bytes": 16388096
      },
      "token_bytes": 0,
      "virtual_utc": 1800001938,
      "wal_bytes": 4177712,
      "wall_secs": 107.0307836
    },
    {
      "active_tokens": 0,
      "frame": 109,
      "live_rows": 250,
      "native": {
        "cpu_seconds": 10.609375,
        "handles": 114,
        "io_read_bytes": 1040770768,
        "io_write_bytes": 44599396,
        "io_write_operations": 20795,
        "private_bytes": 6901760,
        "working_set_bytes": 16412672
      },
      "token_bytes": 0,
      "virtual_utc": 1800001939,
      "wal_bytes": 4177712,
      "wall_secs": 108.029152
    },
    {
      "active_tokens": 0,
      "frame": 110,
      "live_rows": 250,
      "native": {
        "cpu_seconds": 10.625,
        "handles": 114,
        "io_read_bytes": 1045538512,
        "io_write_bytes": 44673556,
        "io_write_operations": 20831,
        "private_bytes": 8241152,
        "working_set_bytes": 17600512
      },
      "token_bytes": 0,
      "virtual_utc": 1800001940,
      "wal_bytes": 4177712,
      "wall_secs": 109.0314644
    },
    {
      "active_tokens": 0,
      "frame": 111,
      "live_rows": 250,
      "native": {
        "cpu_seconds": 10.625,
        "handles": 114,
        "io_read_bytes": 1050306256,
        "io_write_bytes": 44747716,
        "io_write_operations": 20867,
        "private_bytes": 8110080,
        "working_set_bytes": 17494016
      },
      "token_bytes": 0,
      "virtual_utc": 1800001941,
      "wal_bytes": 4177712,
      "wall_secs": 110.0327094
    },
    {
      "active_tokens": 0,
      "frame": 112,
      "live_rows": 250,
      "native": {
        "cpu_seconds": 10.65625,
        "handles": 114,
        "io_read_bytes": 1055074000,
        "io_write_bytes": 44821876,
        "io_write_operations": 20903,
        "private_bytes": 7274496,
        "working_set_bytes": 16703488
      },
      "token_bytes": 0,
      "virtual_utc": 1800001942,
      "wal_bytes": 4177712,
      "wall_secs": 111.0302157
    },
    {
      "active_tokens": 0,
      "frame": 113,
      "live_rows": 250,
      "native": {
        "cpu_seconds": 10.671875,
        "handles": 114,
        "io_read_bytes": 1059841744,
        "io_write_bytes": 44896036,
        "io_write_operations": 20939,
        "private_bytes": 7176192,
        "working_set_bytes": 16687104
      },
      "token_bytes": 0,
      "virtual_utc": 1800001943,
      "wal_bytes": 4177712,
      "wall_secs": 112.0309714
    },
    {
      "active_tokens": 0,
      "frame": 114,
      "live_rows": 250,
      "native": {
        "cpu_seconds": 10.703125,
        "handles": 114,
        "io_read_bytes": 1064732368,
        "io_write_bytes": 45093076,
        "io_write_operations": 21005,
        "private_bytes": 7254016,
        "working_set_bytes": 16687104
      },
      "token_bytes": 0,
      "virtual_utc": 1800001944,
      "wal_bytes": 4177712,
      "wall_secs": 113.0330513
    },
    {
      "active_tokens": 0,
      "frame": 115,
      "live_rows": 250,
      "native": {
        "cpu_seconds": 10.734375,
        "handles": 114,
        "io_read_bytes": 1069500112,
        "io_write_bytes": 45167268,
        "io_write_operations": 21042,
        "private_bytes": 8286208,
        "working_set_bytes": 17604608
      },
      "token_bytes": 0,
      "virtual_utc": 1800001945,
      "wal_bytes": 4177712,
      "wall_secs": 114.0333345
    },
    {
      "active_tokens": 0,
      "frame": 116,
      "live_rows": 250,
      "native": {
        "cpu_seconds": 10.75,
        "handles": 114,
        "io_read_bytes": 1074267856,
        "io_write_bytes": 45241428,
        "io_write_operations": 21078,
        "private_bytes": 7303168,
        "working_set_bytes": 16797696
      },
      "token_bytes": 0,
      "virtual_utc": 1800001946,
      "wal_bytes": 4177712,
      "wall_secs": 115.0300304
    },
    {
      "active_tokens": 0,
      "frame": 117,
      "live_rows": 250,
      "native": {
        "cpu_seconds": 10.765625,
        "handles": 114,
        "io_read_bytes": 1079035600,
        "io_write_bytes": 45315588,
        "io_write_operations": 21114,
        "private_bytes": 7053312,
        "working_set_bytes": 16572416
      },
      "token_bytes": 0,
      "virtual_utc": 1800001947,
      "wal_bytes": 4177712,
      "wall_secs": 116.0308885
    },
    {
      "active_tokens": 0,
      "frame": 118,
      "live_rows": 250,
      "native": {
        "cpu_seconds": 10.78125,
        "handles": 114,
        "io_read_bytes": 1083803344,
        "io_write_bytes": 45389748,
        "io_write_operations": 21150,
        "private_bytes": 8278016,
        "working_set_bytes": 17653760
      },
      "token_bytes": 0,
      "virtual_utc": 1800001948,
      "wal_bytes": 4177712,
      "wall_secs": 117.0314734
    },
    {
      "active_tokens": 0,
      "frame": 119,
      "live_rows": 250,
      "native": {
        "cpu_seconds": 10.8125,
        "handles": 114,
        "io_read_bytes": 1088571088,
        "io_write_bytes": 45463908,
        "io_write_operations": 21186,
        "private_bytes": 7204864,
        "working_set_bytes": 16715776
      },
      "token_bytes": 0,
      "virtual_utc": 1800001949,
      "wal_bytes": 4177712,
      "wall_secs": 118.0287127
    },
    {
      "active_tokens": 0,
      "frame": 120,
      "live_rows": 250,
      "native": {
        "cpu_seconds": 10.828125,
        "handles": 114,
        "io_read_bytes": 1093338832,
        "io_write_bytes": 45538068,
        "io_write_operations": 21222,
        "private_bytes": 7307264,
        "working_set_bytes": 16728064
      },
      "token_bytes": 0,
      "virtual_utc": 1800001950,
      "wal_bytes": 4177712,
      "wall_secs": 119.0314643
    },
    {
      "active_tokens": 0,
      "frame": 121,
      "live_rows": 250,
      "native": {
        "cpu_seconds": 10.84375,
        "handles": 114,
        "io_read_bytes": 1098106576,
        "io_write_bytes": 45612228,
        "io_write_operations": 21258,
        "private_bytes": 8028160,
        "working_set_bytes": 17408000
      },
      "token_bytes": 0,
      "virtual_utc": 1800001951,
      "wal_bytes": 4177712,
      "wall_secs": 120.0311259
    },
    {
      "active_tokens": 0,
      "frame": 122,
      "live_rows": 250,
      "native": {
        "cpu_seconds": 10.875,
        "handles": 114,
        "io_read_bytes": 1102874320,
        "io_write_bytes": 45686388,
        "io_write_operations": 21294,
        "private_bytes": 7290880,
        "working_set_bytes": 16805888
      },
      "token_bytes": 0,
      "virtual_utc": 1800001952,
      "wal_bytes": 4177712,
      "wall_secs": 121.0295614
    },
    {
      "active_tokens": 0,
      "frame": 123,
      "live_rows": 250,
      "native": {
        "cpu_seconds": 10.890625,
        "handles": 114,
        "io_read_bytes": 1107642064,
        "io_write_bytes": 45760548,
        "io_write_operations": 21330,
        "private_bytes": 8581120,
        "working_set_bytes": 17641472
      },
      "token_bytes": 0,
      "virtual_utc": 1800001953,
      "wal_bytes": 4177712,
      "wall_secs": 122.0309687
    },
    {
      "active_tokens": 0,
      "frame": 124,
      "live_rows": 250,
      "native": {
        "cpu_seconds": 10.921875,
        "handles": 114,
        "io_read_bytes": 1112409808,
        "io_write_bytes": 45834708,
        "io_write_operations": 21366,
        "private_bytes": 7299072,
        "working_set_bytes": 16789504
      },
      "token_bytes": 0,
      "virtual_utc": 1800001954,
      "wal_bytes": 4177712,
      "wall_secs": 123.0287849
    },
    {
      "active_tokens": 0,
      "frame": 125,
      "live_rows": 250,
      "native": {
        "cpu_seconds": 10.9375,
        "handles": 114,
        "io_read_bytes": 1117177552,
        "io_write_bytes": 45908868,
        "io_write_operations": 21402,
        "private_bytes": 7065600,
        "working_set_bytes": 16580608
      },
      "token_bytes": 0,
      "virtual_utc": 1800001955,
      "wal_bytes": 4177712,
      "wall_secs": 124.0302256
    },
    {
      "active_tokens": 0,
      "frame": 126,
      "live_rows": 250,
      "native": {
        "cpu_seconds": 10.953125,
        "handles": 114,
        "io_read_bytes": 1121945296,
        "io_write_bytes": 45983028,
        "io_write_operations": 21438,
        "private_bytes": 8531968,
        "working_set_bytes": 17510400
      },
      "token_bytes": 0,
      "virtual_utc": 1800001956,
      "wal_bytes": 4177712,
      "wall_secs": 125.0319384
    },
    {
      "active_tokens": 0,
      "frame": 127,
      "live_rows": 250,
      "native": {
        "cpu_seconds": 10.984375,
        "handles": 114,
        "io_read_bytes": 1126713040,
        "io_write_bytes": 46057188,
        "io_write_operations": 21474,
        "private_bytes": 7553024,
        "working_set_bytes": 17002496
      },
      "token_bytes": 0,
      "virtual_utc": 1800001957,
      "wal_bytes": 4177712,
      "wall_secs": 126.0307872
    },
    {
      "active_tokens": 0,
      "frame": 128,
      "live_rows": 250,
      "native": {
        "cpu_seconds": 11.0,
        "handles": 114,
        "io_read_bytes": 1131480784,
        "io_write_bytes": 46135468,
        "io_write_operations": 21512,
        "private_bytes": 7430144,
        "working_set_bytes": 16838656
      },
      "token_bytes": 0,
      "virtual_utc": 1800001958,
      "wal_bytes": 4177712,
      "wall_secs": 127.0299027
    },
    {
      "active_tokens": 0,
      "frame": 129,
      "live_rows": 250,
      "native": {
        "cpu_seconds": 11.015625,
        "handles": 114,
        "io_read_bytes": 1136248528,
        "io_write_bytes": 46209628,
        "io_write_operations": 21548,
        "private_bytes": 8536064,
        "working_set_bytes": 17375232
      },
      "token_bytes": 0,
      "virtual_utc": 1800001959,
      "wal_bytes": 4177712,
      "wall_secs": 128.0295196
    },
    {
      "active_tokens": 0,
      "frame": 130,
      "live_rows": 250,
      "native": {
        "cpu_seconds": 11.03125,
        "handles": 114,
        "io_read_bytes": 1141016272,
        "io_write_bytes": 46283788,
        "io_write_operations": 21584,
        "private_bytes": 7278592,
        "working_set_bytes": 16715776
      },
      "token_bytes": 0,
      "virtual_utc": 1800001960,
      "wal_bytes": 4177712,
      "wall_secs": 129.0308694
    },
    {
      "active_tokens": 0,
      "frame": 131,
      "live_rows": 250,
      "native": {
        "cpu_seconds": 11.046875,
        "handles": 114,
        "io_read_bytes": 1145784016,
        "io_write_bytes": 46357948,
        "io_write_operations": 21620,
        "private_bytes": 8298496,
        "working_set_bytes": 17461248
      },
      "token_bytes": 0,
      "virtual_utc": 1800001961,
      "wal_bytes": 4177712,
      "wall_secs": 130.0307097
    },
    {
      "active_tokens": 0,
      "frame": 132,
      "live_rows": 250,
      "native": {
        "cpu_seconds": 11.078125,
        "handles": 114,
        "io_read_bytes": 1150551760,
        "io_write_bytes": 46432108,
        "io_write_operations": 21656,
        "private_bytes": 8302592,
        "working_set_bytes": 17682432
      },
      "token_bytes": 0,
      "virtual_utc": 1800001962,
      "wal_bytes": 4177712,
      "wall_secs": 131.0341071
    },
    {
      "active_tokens": 0,
      "frame": 133,
      "live_rows": 250,
      "native": {
        "cpu_seconds": 11.109375,
        "handles": 114,
        "io_read_bytes": 1155319504,
        "io_write_bytes": 46506268,
        "io_write_operations": 21692,
        "private_bytes": 7667712,
        "working_set_bytes": 17154048
      },
      "token_bytes": 0,
      "virtual_utc": 1800001963,
      "wal_bytes": 4177712,
      "wall_secs": 132.0289284
    },
    {
      "active_tokens": 0,
      "frame": 134,
      "live_rows": 250,
      "native": {
        "cpu_seconds": 11.125,
        "handles": 114,
        "io_read_bytes": 1160087248,
        "io_write_bytes": 46580428,
        "io_write_operations": 21728,
        "private_bytes": 7290880,
        "working_set_bytes": 16805888
      },
      "token_bytes": 0,
      "virtual_utc": 1800001964,
      "wal_bytes": 4177712,
      "wall_secs": 133.0307675
    },
    {
      "active_tokens": 0,
      "frame": 135,
      "live_rows": 250,
      "native": {
        "cpu_seconds": 11.140625,
        "handles": 114,
        "io_read_bytes": 1164854992,
        "io_write_bytes": 46654588,
        "io_write_operations": 21764,
        "private_bytes": 8290304,
        "working_set_bytes": 17514496
      },
      "token_bytes": 0,
      "virtual_utc": 1800001965,
      "wal_bytes": 4177712,
      "wall_secs": 134.0300377
    },
    {
      "active_tokens": 0,
      "frame": 136,
      "live_rows": 250,
      "native": {
        "cpu_seconds": 11.15625,
        "handles": 114,
        "io_read_bytes": 1169622736,
        "io_write_bytes": 46728748,
        "io_write_operations": 21800,
        "private_bytes": 8302592,
        "working_set_bytes": 17694720
      },
      "token_bytes": 0,
      "virtual_utc": 1800001966,
      "wal_bytes": 4177712,
      "wall_secs": 135.0319236
    },
    {
      "active_tokens": 0,
      "frame": 137,
      "live_rows": 250,
      "native": {
        "cpu_seconds": 11.203125,
        "handles": 114,
        "io_read_bytes": 1174390480,
        "io_write_bytes": 46802908,
        "io_write_operations": 21836,
        "private_bytes": 8310784,
        "working_set_bytes": 17702912
      },
      "token_bytes": 0,
      "virtual_utc": 1800001967,
      "wal_bytes": 4177712,
      "wall_secs": 136.0286401
    },
    {
      "active_tokens": 0,
      "frame": 138,
      "live_rows": 250,
      "native": {
        "cpu_seconds": 11.234375,
        "handles": 114,
        "io_read_bytes": 1179158224,
        "io_write_bytes": 46877068,
        "io_write_operations": 21872,
        "private_bytes": 7282688,
        "working_set_bytes": 16805888
      },
      "token_bytes": 0,
      "virtual_utc": 1800001968,
      "wal_bytes": 4177712,
      "wall_secs": 137.0309821
    },
    {
      "active_tokens": 0,
      "frame": 139,
      "live_rows": 250,
      "native": {
        "cpu_seconds": 11.265625,
        "handles": 114,
        "io_read_bytes": 1183925968,
        "io_write_bytes": 46951228,
        "io_write_operations": 21908,
        "private_bytes": 8286208,
        "working_set_bytes": 17498112
      },
      "token_bytes": 0,
      "virtual_utc": 1800001969,
      "wal_bytes": 4177712,
      "wall_secs": 138.0292686
    },
    {
      "active_tokens": 0,
      "frame": 140,
      "live_rows": 250,
      "native": {
        "cpu_seconds": 11.296875,
        "handles": 114,
        "io_read_bytes": 1188693712,
        "io_write_bytes": 47025388,
        "io_write_operations": 21944,
        "private_bytes": 8286208,
        "working_set_bytes": 17719296
      },
      "token_bytes": 0,
      "virtual_utc": 1800001970,
      "wal_bytes": 4177712,
      "wall_secs": 139.0298186
    },
    {
      "active_tokens": 0,
      "frame": 141,
      "live_rows": 250,
      "native": {
        "cpu_seconds": 11.3125,
        "handles": 114,
        "io_read_bytes": 1193461456,
        "io_write_bytes": 47099548,
        "io_write_operations": 21980,
        "private_bytes": 8286208,
        "working_set_bytes": 17719296
      },
      "token_bytes": 0,
      "virtual_utc": 1800001971,
      "wal_bytes": 4177712,
      "wall_secs": 140.0296603
    },
    {
      "active_tokens": 0,
      "frame": 142,
      "live_rows": 250,
      "native": {
        "cpu_seconds": 11.34375,
        "handles": 114,
        "io_read_bytes": 1198229200,
        "io_write_bytes": 47173708,
        "io_write_operations": 22016,
        "private_bytes": 7315456,
        "working_set_bytes": 16826368
      },
      "token_bytes": 0,
      "virtual_utc": 1800001972,
      "wal_bytes": 4177712,
      "wall_secs": 141.0277105
    },
    {
      "active_tokens": 0,
      "frame": 143,
      "live_rows": 250,
      "native": {
        "cpu_seconds": 11.359375,
        "handles": 114,
        "io_read_bytes": 1202996944,
        "io_write_bytes": 47247868,
        "io_write_operations": 22052,
        "private_bytes": 8237056,
        "working_set_bytes": 17416192
      },
      "token_bytes": 0,
      "virtual_utc": 1800001973,
      "wal_bytes": 4177712,
      "wall_secs": 142.0317162
    },
    {
      "active_tokens": 0,
      "frame": 144,
      "live_rows": 250,
      "native": {
        "cpu_seconds": 11.390625,
        "handles": 114,
        "io_read_bytes": 1207764688,
        "io_write_bytes": 47322028,
        "io_write_operations": 22088,
        "private_bytes": 8237056,
        "working_set_bytes": 17469440
      },
      "token_bytes": 0,
      "virtual_utc": 1800001974,
      "wal_bytes": 4177712,
      "wall_secs": 143.0300805
    },
    {
      "active_tokens": 0,
      "frame": 145,
      "live_rows": 250,
      "native": {
        "cpu_seconds": 11.421875,
        "handles": 114,
        "io_read_bytes": 1212532432,
        "io_write_bytes": 47396188,
        "io_write_operations": 22124,
        "private_bytes": 8237056,
        "working_set_bytes": 17670144
      },
      "token_bytes": 0,
      "virtual_utc": 1800001975,
      "wal_bytes": 4177712,
      "wall_secs": 144.0273766
    },
    {
      "active_tokens": 0,
      "frame": 146,
      "live_rows": 250,
      "native": {
        "cpu_seconds": 11.453125,
        "handles": 114,
        "io_read_bytes": 1217300176,
        "io_write_bytes": 47470348,
        "io_write_operations": 22160,
        "private_bytes": 8237056,
        "working_set_bytes": 17670144
      },
      "token_bytes": 0,
      "virtual_utc": 1800001976,
      "wal_bytes": 4177712,
      "wall_secs": 145.0285512
    },
    {
      "active_tokens": 0,
      "frame": 147,
      "live_rows": 250,
      "native": {
        "cpu_seconds": 11.484375,
        "handles": 114,
        "io_read_bytes": 1222067920,
        "io_write_bytes": 47544508,
        "io_write_operations": 22196,
        "private_bytes": 8286208,
        "working_set_bytes": 17702912
      },
      "token_bytes": 0,
      "virtual_utc": 1800001977,
      "wal_bytes": 4177712,
      "wall_secs": 146.0197006
    },
    {
      "active_tokens": 0,
      "frame": 148,
      "live_rows": 250,
      "native": {
        "cpu_seconds": 11.5,
        "handles": 114,
        "io_read_bytes": 1226835664,
        "io_write_bytes": 47618668,
        "io_write_operations": 22232,
        "private_bytes": 7315456,
        "working_set_bytes": 16826368
      },
      "token_bytes": 0,
      "virtual_utc": 1800001978,
      "wal_bytes": 4177712,
      "wall_secs": 147.032884
    },
    {
      "active_tokens": 0,
      "frame": 149,
      "live_rows": 250,
      "native": {
        "cpu_seconds": 11.53125,
        "handles": 114,
        "io_read_bytes": 1231603408,
        "io_write_bytes": 47692828,
        "io_write_operations": 22268,
        "private_bytes": 8249344,
        "working_set_bytes": 17428480
      },
      "token_bytes": 0,
      "virtual_utc": 1800001979,
      "wal_bytes": 4177712,
      "wall_secs": 148.0317455
    },
    {
      "active_tokens": 0,
      "frame": 150,
      "live_rows": 250,
      "native": {
        "cpu_seconds": 11.546875,
        "handles": 114,
        "io_read_bytes": 1236387536,
        "io_write_bytes": 47808188,
        "io_write_operations": 22324,
        "private_bytes": 8306688,
        "working_set_bytes": 17518592
      },
      "token_bytes": 0,
      "virtual_utc": 1800001980,
      "wal_bytes": 4177712,
      "wall_secs": 149.0307125
    },
    {
      "active_tokens": 0,
      "frame": 151,
      "live_rows": 250,
      "native": {
        "cpu_seconds": 11.5625,
        "handles": 114,
        "io_read_bytes": 1241151184,
        "io_write_bytes": 47882348,
        "io_write_operations": 22360,
        "private_bytes": 8306688,
        "working_set_bytes": 17678336
      },
      "token_bytes": 0,
      "virtual_utc": 1800001981,
      "wal_bytes": 4177712,
      "wall_secs": 150.0311544
    },
    {
      "active_tokens": 0,
      "frame": 152,
      "live_rows": 250,
      "native": {
        "cpu_seconds": 11.578125,
        "handles": 114,
        "io_read_bytes": 1245923024,
        "io_write_bytes": 47964748,
        "io_write_operations": 22400,
        "private_bytes": 8306688,
        "working_set_bytes": 17678336
      },
      "token_bytes": 0,
      "virtual_utc": 1800001982,
      "wal_bytes": 4177712,
      "wall_secs": 151.0323007
    },
    {
      "active_tokens": 0,
      "frame": 153,
      "live_rows": 250,
      "native": {
        "cpu_seconds": 11.609375,
        "handles": 114,
        "io_read_bytes": 1250694864,
        "io_write_bytes": 48047148,
        "io_write_operations": 22440,
        "private_bytes": 8306688,
        "working_set_bytes": 17678336
      },
      "token_bytes": 0,
      "virtual_utc": 1800001983,
      "wal_bytes": 4177712,
      "wall_secs": 152.0304603
    },
    {
      "active_tokens": 0,
      "frame": 154,
      "live_rows": 250,
      "native": {
        "cpu_seconds": 11.625,
        "handles": 114,
        "io_read_bytes": 1255462608,
        "io_write_bytes": 48121308,
        "io_write_operations": 22476,
        "private_bytes": 7397376,
        "working_set_bytes": 16916480
      },
      "token_bytes": 0,
      "virtual_utc": 1800001984,
      "wal_bytes": 4177712,
      "wall_secs": 153.0305739
    },
    {
      "active_tokens": 0,
      "frame": 155,
      "live_rows": 250,
      "native": {
        "cpu_seconds": 11.640625,
        "handles": 114,
        "io_read_bytes": 1260230352,
        "io_write_bytes": 48195468,
        "io_write_operations": 22512,
        "private_bytes": 8278016,
        "working_set_bytes": 17637376
      },
      "token_bytes": 0,
      "virtual_utc": 1800001985,
      "wal_bytes": 4177712,
      "wall_secs": 154.0317143
    },
    {
      "active_tokens": 0,
      "frame": 156,
      "live_rows": 250,
      "native": {
        "cpu_seconds": 11.6875,
        "handles": 114,
        "io_read_bytes": 1264998096,
        "io_write_bytes": 48269628,
        "io_write_operations": 22548,
        "private_bytes": 8290304,
        "working_set_bytes": 17707008
      },
      "token_bytes": 0,
      "virtual_utc": 1800001986,
      "wal_bytes": 4177712,
      "wall_secs": 155.0306301
    },
    {
      "active_tokens": 0,
      "frame": 157,
      "live_rows": 250,
      "native": {
        "cpu_seconds": 11.703125,
        "handles": 114,
        "io_read_bytes": 1269769936,
        "io_write_bytes": 48352028,
        "io_write_operations": 22588,
        "private_bytes": 8847360,
        "working_set_bytes": 17960960
      },
      "token_bytes": 0,
      "virtual_utc": 1800001987,
      "wal_bytes": 4177712,
      "wall_secs": 156.0311038
    },
    {
      "active_tokens": 0,
      "frame": 158,
      "live_rows": 250,
      "native": {
        "cpu_seconds": 11.71875,
        "handles": 114,
        "io_read_bytes": 1274537680,
        "io_write_bytes": 48426188,
        "io_write_operations": 22624,
        "private_bytes": 8847360,
        "working_set_bytes": 17960960
      },
      "token_bytes": 0,
      "virtual_utc": 1800001988,
      "wal_bytes": 4177712,
      "wall_secs": 157.0298246
    },
    {
      "active_tokens": 0,
      "frame": 159,
      "live_rows": 250,
      "native": {
        "cpu_seconds": 11.75,
        "handles": 114,
        "io_read_bytes": 1279309520,
        "io_write_bytes": 48508588,
        "io_write_operations": 22664,
        "private_bytes": 8855552,
        "working_set_bytes": 17973248
      },
      "token_bytes": 0,
      "virtual_utc": 1800001989,
      "wal_bytes": 4177712,
      "wall_secs": 158.0323749
    },
    {
      "active_tokens": 0,
      "frame": 160,
      "live_rows": 250,
      "native": {
        "cpu_seconds": 11.765625,
        "handles": 114,
        "io_read_bytes": 1284073168,
        "io_write_bytes": 48582748,
        "io_write_operations": 22700,
        "private_bytes": 8855552,
        "working_set_bytes": 17973248
      },
      "token_bytes": 0,
      "virtual_utc": 1800001990,
      "wal_bytes": 4177712,
      "wall_secs": 159.0308955
    },
    {
      "active_tokens": 0,
      "frame": 161,
      "live_rows": 250,
      "native": {
        "cpu_seconds": 11.78125,
        "handles": 114,
        "io_read_bytes": 1288840912,
        "io_write_bytes": 48656908,
        "io_write_operations": 22736,
        "private_bytes": 8855552,
        "working_set_bytes": 17973248
      },
      "token_bytes": 0,
      "virtual_utc": 1800001991,
      "wal_bytes": 4177712,
      "wall_secs": 160.0297994
    },
    {
      "active_tokens": 0,
      "frame": 162,
      "live_rows": 250,
      "native": {
        "cpu_seconds": 11.796875,
        "handles": 114,
        "io_read_bytes": 1293608656,
        "io_write_bytes": 48731068,
        "io_write_operations": 22772,
        "private_bytes": 8855552,
        "working_set_bytes": 17969152
      },
      "token_bytes": 0,
      "virtual_utc": 1800001992,
      "wal_bytes": 4177712,
      "wall_secs": 161.0304192
    },
    {
      "active_tokens": 0,
      "frame": 163,
      "live_rows": 250,
      "native": {
        "cpu_seconds": 11.828125,
        "handles": 114,
        "io_read_bytes": 1298376400,
        "io_write_bytes": 48805228,
        "io_write_operations": 22808,
        "private_bytes": 8863744,
        "working_set_bytes": 17977344
      },
      "token_bytes": 0,
      "virtual_utc": 1800001993,
      "wal_bytes": 4177712,
      "wall_secs": 162.028423
    },
    {
      "active_tokens": 0,
      "frame": 164,
      "live_rows": 250,
      "native": {
        "cpu_seconds": 11.84375,
        "handles": 114,
        "io_read_bytes": 1303144144,
        "io_write_bytes": 48879388,
        "io_write_operations": 22844,
        "private_bytes": 8863744,
        "working_set_bytes": 17977344
      },
      "token_bytes": 0,
      "virtual_utc": 1800001994,
      "wal_bytes": 4177712,
      "wall_secs": 163.0306247
    },
    {
      "active_tokens": 0,
      "frame": 165,
      "live_rows": 250,
      "native": {
        "cpu_seconds": 11.875,
        "handles": 114,
        "io_read_bytes": 1307911888,
        "io_write_bytes": 48953548,
        "io_write_operations": 22880,
        "private_bytes": 8863744,
        "working_set_bytes": 17977344
      },
      "token_bytes": 0,
      "virtual_utc": 1800001995,
      "wal_bytes": 4177712,
      "wall_secs": 164.0288215
    },
    {
      "active_tokens": 0,
      "frame": 166,
      "live_rows": 250,
      "native": {
        "cpu_seconds": 11.890625,
        "handles": 114,
        "io_read_bytes": 1312679632,
        "io_write_bytes": 49027708,
        "io_write_operations": 22916,
        "private_bytes": 8863744,
        "working_set_bytes": 17977344
      },
      "token_bytes": 0,
      "virtual_utc": 1800001996,
      "wal_bytes": 4177712,
      "wall_secs": 165.0304202
    },
    {
      "active_tokens": 0,
      "frame": 167,
      "live_rows": 250,
      "native": {
        "cpu_seconds": 11.921875,
        "handles": 114,
        "io_read_bytes": 1317447376,
        "io_write_bytes": 49101868,
        "io_write_operations": 22952,
        "private_bytes": 8863744,
        "working_set_bytes": 17977344
      },
      "token_bytes": 0,
      "virtual_utc": 1800001997,
      "wal_bytes": 4177712,
      "wall_secs": 166.0270782
    },
    {
      "active_tokens": 0,
      "frame": 168,
      "live_rows": 250,
      "native": {
        "cpu_seconds": 11.953125,
        "handles": 114,
        "io_read_bytes": 1322215120,
        "io_write_bytes": 49176028,
        "io_write_operations": 22988,
        "private_bytes": 8863744,
        "working_set_bytes": 17977344
      },
      "token_bytes": 0,
      "virtual_utc": 1800001998,
      "wal_bytes": 4177712,
      "wall_secs": 167.0285822
    },
    {
      "active_tokens": 0,
      "frame": 169,
      "live_rows": 250,
      "native": {
        "cpu_seconds": 11.984375,
        "handles": 114,
        "io_read_bytes": 1327118032,
        "io_write_bytes": 49385356,
        "io_write_operations": 23057,
        "private_bytes": 8863744,
        "working_set_bytes": 17977344
      },
      "token_bytes": 0,
      "virtual_utc": 1800001999,
      "wal_bytes": 4177712,
      "wall_secs": 168.0344801
    },
    {
      "active_tokens": 0,
      "frame": 170,
      "live_rows": 250,
      "native": {
        "cpu_seconds": 12.0,
        "handles": 114,
        "io_read_bytes": 1331885776,
        "io_write_bytes": 49459548,
        "io_write_operations": 23094,
        "private_bytes": 8863744,
        "working_set_bytes": 17977344
      },
      "token_bytes": 0,
      "virtual_utc": 1800002000,
      "wal_bytes": 4177712,
      "wall_secs": 169.0326641
    },
    {
      "active_tokens": 0,
      "frame": 171,
      "live_rows": 250,
      "native": {
        "cpu_seconds": 12.046875,
        "handles": 114,
        "io_read_bytes": 1336653520,
        "io_write_bytes": 49533708,
        "io_write_operations": 23130,
        "private_bytes": 7872512,
        "working_set_bytes": 17379328
      },
      "token_bytes": 0,
      "virtual_utc": 1800002001,
      "wal_bytes": 4177712,
      "wall_secs": 170.0331371
    },
    {
      "active_tokens": 0,
      "frame": 172,
      "live_rows": 250,
      "native": {
        "cpu_seconds": 12.078125,
        "handles": 114,
        "io_read_bytes": 1341421264,
        "io_write_bytes": 49607868,
        "io_write_operations": 23166,
        "private_bytes": 8757248,
        "working_set_bytes": 17870848
      },
      "token_bytes": 0,
      "virtual_utc": 1800002002,
      "wal_bytes": 4177712,
      "wall_secs": 171.0274936
    },
    {
      "active_tokens": 0,
      "frame": 173,
      "live_rows": 250,
      "native": {
        "cpu_seconds": 12.09375,
        "handles": 114,
        "io_read_bytes": 1346189008,
        "io_write_bytes": 49682028,
        "io_write_operations": 23202,
        "private_bytes": 8794112,
        "working_set_bytes": 17907712
      },
      "token_bytes": 0,
      "virtual_utc": 1800002003,
      "wal_bytes": 4177712,
      "wall_secs": 172.0291303
    },
    {
      "active_tokens": 0,
      "frame": 174,
      "live_rows": 250,
      "native": {
        "cpu_seconds": 12.109375,
        "handles": 114,
        "io_read_bytes": 1350956752,
        "io_write_bytes": 49756188,
        "io_write_operations": 23238,
        "private_bytes": 8802304,
        "working_set_bytes": 17915904
      },
      "token_bytes": 0,
      "virtual_utc": 1800002004,
      "wal_bytes": 4177712,
      "wall_secs": 173.032138
    },
    {
      "active_tokens": 0,
      "frame": 175,
      "live_rows": 250,
      "native": {
        "cpu_seconds": 12.140625,
        "handles": 114,
        "io_read_bytes": 1355724496,
        "io_write_bytes": 49830348,
        "io_write_operations": 23274,
        "private_bytes": 8802304,
        "working_set_bytes": 17915904
      },
      "token_bytes": 0,
      "virtual_utc": 1800002005,
      "wal_bytes": 4177712,
      "wall_secs": 174.0311404
    },
    {
      "active_tokens": 0,
      "frame": 176,
      "live_rows": 250,
      "native": {
        "cpu_seconds": 12.15625,
        "handles": 114,
        "io_read_bytes": 1360492240,
        "io_write_bytes": 49904508,
        "io_write_operations": 23310,
        "private_bytes": 8802304,
        "working_set_bytes": 17915904
      },
      "token_bytes": 0,
      "virtual_utc": 1800002006,
      "wal_bytes": 4177712,
      "wall_secs": 175.0324776
    },
    {
      "active_tokens": 0,
      "frame": 177,
      "live_rows": 250,
      "native": {
        "cpu_seconds": 12.1875,
        "handles": 114,
        "io_read_bytes": 1365259984,
        "io_write_bytes": 49978668,
        "io_write_operations": 23346,
        "private_bytes": 8802304,
        "working_set_bytes": 17915904
      },
      "token_bytes": 0,
      "virtual_utc": 1800002007,
      "wal_bytes": 4177712,
      "wall_secs": 176.0304647
    },
    {
      "active_tokens": 0,
      "frame": 178,
      "live_rows": 250,
      "native": {
        "cpu_seconds": 12.203125,
        "handles": 114,
        "io_read_bytes": 1370027728,
        "io_write_bytes": 50052828,
        "io_write_operations": 23382,
        "private_bytes": 8802304,
        "working_set_bytes": 17915904
      },
      "token_bytes": 0,
      "virtual_utc": 1800002008,
      "wal_bytes": 4177712,
      "wall_secs": 177.0312145
    },
    {
      "active_tokens": 0,
      "frame": 179,
      "live_rows": 250,
      "native": {
        "cpu_seconds": 12.234375,
        "handles": 114,
        "io_read_bytes": 1374795472,
        "io_write_bytes": 50131108,
        "io_write_operations": 23420,
        "private_bytes": 8802304,
        "working_set_bytes": 17915904
      },
      "token_bytes": 0,
      "virtual_utc": 1800002009,
      "wal_bytes": 4177712,
      "wall_secs": 178.0300999
    },
    {
      "active_tokens": 0,
      "frame": 180,
      "live_rows": 250,
      "native": {
        "cpu_seconds": 12.25,
        "handles": 114,
        "io_read_bytes": 1379563216,
        "io_write_bytes": 50205268,
        "io_write_operations": 23456,
        "private_bytes": 8806400,
        "working_set_bytes": 17920000
      },
      "token_bytes": 0,
      "virtual_utc": 1800002010,
      "wal_bytes": 4177712,
      "wall_secs": 179.0317499
    },
    {
      "active_tokens": 0,
      "frame": 181,
      "live_rows": 250,
      "native": {
        "cpu_seconds": 12.296875,
        "handles": 114,
        "io_read_bytes": 1384330960,
        "io_write_bytes": 50279428,
        "io_write_operations": 23492,
        "private_bytes": 8806400,
        "working_set_bytes": 17920000
      },
      "token_bytes": 0,
      "virtual_utc": 1800002011,
      "wal_bytes": 4177712,
      "wall_secs": 180.0283399
    },
    {
      "active_tokens": 0,
      "frame": 182,
      "live_rows": 250,
      "native": {
        "cpu_seconds": 12.3125,
        "handles": 114,
        "io_read_bytes": 1389098704,
        "io_write_bytes": 50353588,
        "io_write_operations": 23528,
        "private_bytes": 8806400,
        "working_set_bytes": 17920000
      },
      "token_bytes": 0,
      "virtual_utc": 1800002012,
      "wal_bytes": 4177712,
      "wall_secs": 181.0316641
    },
    {
      "active_tokens": 0,
      "frame": 183,
      "live_rows": 250,
      "native": {
        "cpu_seconds": 12.359375,
        "handles": 114,
        "io_read_bytes": 1393866448,
        "io_write_bytes": 50427748,
        "io_write_operations": 23564,
        "private_bytes": 8806400,
        "working_set_bytes": 17920000
      },
      "token_bytes": 0,
      "virtual_utc": 1800002013,
      "wal_bytes": 4177712,
      "wall_secs": 182.0290222
    },
    {
      "active_tokens": 0,
      "frame": 184,
      "live_rows": 250,
      "native": {
        "cpu_seconds": 12.375,
        "handles": 114,
        "io_read_bytes": 1398634192,
        "io_write_bytes": 50501908,
        "io_write_operations": 23600,
        "private_bytes": 8806400,
        "working_set_bytes": 17920000
      },
      "token_bytes": 0,
      "virtual_utc": 1800002014,
      "wal_bytes": 4177712,
      "wall_secs": 183.0322358
    },
    {
      "active_tokens": 0,
      "frame": 185,
      "live_rows": 250,
      "native": {
        "cpu_seconds": 12.40625,
        "handles": 114,
        "io_read_bytes": 1403401936,
        "io_write_bytes": 50576068,
        "io_write_operations": 23636,
        "private_bytes": 8806400,
        "working_set_bytes": 17920000
      },
      "token_bytes": 0,
      "virtual_utc": 1800002015,
      "wal_bytes": 4177712,
      "wall_secs": 184.0300356
    },
    {
      "active_tokens": 0,
      "frame": 186,
      "live_rows": 250,
      "native": {
        "cpu_seconds": 12.4375,
        "handles": 114,
        "io_read_bytes": 1408169680,
        "io_write_bytes": 50650228,
        "io_write_operations": 23672,
        "private_bytes": 8806400,
        "working_set_bytes": 17920000
      },
      "token_bytes": 0,
      "virtual_utc": 1800002016,
      "wal_bytes": 4177712,
      "wall_secs": 185.032683
    },
    {
      "active_tokens": 0,
      "frame": 187,
      "live_rows": 250,
      "native": {
        "cpu_seconds": 12.453125,
        "handles": 114,
        "io_read_bytes": 1412937424,
        "io_write_bytes": 50724388,
        "io_write_operations": 23708,
        "private_bytes": 7880704,
        "working_set_bytes": 17387520
      },
      "token_bytes": 0,
      "virtual_utc": 1800002017,
      "wal_bytes": 4177712,
      "wall_secs": 186.0314658
    },
    {
      "active_tokens": 0,
      "frame": 188,
      "live_rows": 250,
      "native": {
        "cpu_seconds": 12.484375,
        "handles": 114,
        "io_read_bytes": 1417705168,
        "io_write_bytes": 50798548,
        "io_write_operations": 23744,
        "private_bytes": 8802304,
        "working_set_bytes": 17899520
      },
      "token_bytes": 0,
      "virtual_utc": 1800002018,
      "wal_bytes": 4177712,
      "wall_secs": 187.0284451
    },
    {
      "active_tokens": 0,
      "frame": 189,
      "live_rows": 250,
      "native": {
        "cpu_seconds": 12.515625,
        "handles": 114,
        "io_read_bytes": 1422472912,
        "io_write_bytes": 50872708,
        "io_write_operations": 23780,
        "private_bytes": 8802304,
        "working_set_bytes": 17899520
      },
      "token_bytes": 0,
      "virtual_utc": 1800002019,
      "wal_bytes": 4177712,
      "wall_secs": 188.2535943
    },
    {
      "active_tokens": 0,
      "frame": 190,
      "live_rows": 250,
      "native": {
        "cpu_seconds": 12.546875,
        "handles": 114,
        "io_read_bytes": 1427240656,
        "io_write_bytes": 50946868,
        "io_write_operations": 23816,
        "private_bytes": 8802304,
        "working_set_bytes": 17899520
      },
      "token_bytes": 0,
      "virtual_utc": 1800002020,
      "wal_bytes": 4177712,
      "wall_secs": 189.03187
    },
    {
      "active_tokens": 0,
      "frame": 191,
      "live_rows": 250,
      "native": {
        "cpu_seconds": 12.578125,
        "handles": 114,
        "io_read_bytes": 1432008400,
        "io_write_bytes": 51021028,
        "io_write_operations": 23852,
        "private_bytes": 8802304,
        "working_set_bytes": 17899520
      },
      "token_bytes": 0,
      "virtual_utc": 1800002021,
      "wal_bytes": 4177712,
      "wall_secs": 190.0307728
    },
    {
      "active_tokens": 0,
      "frame": 192,
      "live_rows": 250,
      "native": {
        "cpu_seconds": 12.59375,
        "handles": 114,
        "io_read_bytes": 1436776144,
        "io_write_bytes": 51095188,
        "io_write_operations": 23888,
        "private_bytes": 8863744,
        "working_set_bytes": 17977344
      },
      "token_bytes": 0,
      "virtual_utc": 1800002022,
      "wal_bytes": 4177712,
      "wall_secs": 191.0303012
    },
    {
      "active_tokens": 0,
      "frame": 193,
      "live_rows": 250,
      "native": {
        "cpu_seconds": 12.609375,
        "handles": 114,
        "io_read_bytes": 1441543888,
        "io_write_bytes": 51169348,
        "io_write_operations": 23924,
        "private_bytes": 8863744,
        "working_set_bytes": 17977344
      },
      "token_bytes": 0,
      "virtual_utc": 1800002023,
      "wal_bytes": 4177712,
      "wall_secs": 192.0310562
    },
    {
      "active_tokens": 0,
      "frame": 194,
      "live_rows": 250,
      "native": {
        "cpu_seconds": 12.625,
        "handles": 114,
        "io_read_bytes": 1446311632,
        "io_write_bytes": 51243508,
        "io_write_operations": 23960,
        "private_bytes": 8863744,
        "working_set_bytes": 17977344
      },
      "token_bytes": 0,
      "virtual_utc": 1800002024,
      "wal_bytes": 4177712,
      "wall_secs": 193.0308651
    },
    {
      "active_tokens": 0,
      "frame": 195,
      "live_rows": 250,
      "native": {
        "cpu_seconds": 12.640625,
        "handles": 114,
        "io_read_bytes": 1451079376,
        "io_write_bytes": 51317668,
        "io_write_operations": 23996,
        "private_bytes": 8863744,
        "working_set_bytes": 17977344
      },
      "token_bytes": 0,
      "virtual_utc": 1800002025,
      "wal_bytes": 4177712,
      "wall_secs": 194.0311015
    },
    {
      "active_tokens": 0,
      "frame": 196,
      "live_rows": 250,
      "native": {
        "cpu_seconds": 12.65625,
        "handles": 114,
        "io_read_bytes": 1455847120,
        "io_write_bytes": 51391828,
        "io_write_operations": 24032,
        "private_bytes": 8867840,
        "working_set_bytes": 17981440
      },
      "token_bytes": 0,
      "virtual_utc": 1800002026,
      "wal_bytes": 4177712,
      "wall_secs": 195.0309153
    },
    {
      "active_tokens": 0,
      "frame": 197,
      "live_rows": 250,
      "native": {
        "cpu_seconds": 12.6875,
        "handles": 114,
        "io_read_bytes": 1460614864,
        "io_write_bytes": 51465988,
        "io_write_operations": 24068,
        "private_bytes": 7909376,
        "working_set_bytes": 17387520
      },
      "token_bytes": 0,
      "virtual_utc": 1800002027,
      "wal_bytes": 4177712,
      "wall_secs": 196.027735
    },
    {
      "active_tokens": 0,
      "frame": 198,
      "live_rows": 250,
      "native": {
        "cpu_seconds": 12.703125,
        "handles": 114,
        "io_read_bytes": 1465382608,
        "io_write_bytes": 51540148,
        "io_write_operations": 24104,
        "private_bytes": 8835072,
        "working_set_bytes": 17948672
      },
      "token_bytes": 0,
      "virtual_utc": 1800002028,
      "wal_bytes": 4177712,
      "wall_secs": 197.0303562
    },
    {
      "active_tokens": 0,
      "frame": 199,
      "live_rows": 250,
      "native": {
        "cpu_seconds": 12.734375,
        "handles": 114,
        "io_read_bytes": 1470150352,
        "io_write_bytes": 51614308,
        "io_write_operations": 24140,
        "private_bytes": 8847360,
        "working_set_bytes": 17960960
      },
      "token_bytes": 0,
      "virtual_utc": 1800002029,
      "wal_bytes": 4177712,
      "wall_secs": 198.0285753
    },
    {
      "active_tokens": 0,
      "frame": 200,
      "live_rows": 250,
      "native": {
        "cpu_seconds": 12.765625,
        "handles": 114,
        "io_read_bytes": 1474918096,
        "io_write_bytes": 51688468,
        "io_write_operations": 24176,
        "private_bytes": 8847360,
        "working_set_bytes": 17960960
      },
      "token_bytes": 0,
      "virtual_utc": 1800002030,
      "wal_bytes": 4177712,
      "wall_secs": 199.0288021
    },
    {
      "active_tokens": 0,
      "frame": 201,
      "live_rows": 250,
      "native": {
        "cpu_seconds": 12.796875,
        "handles": 114,
        "io_read_bytes": 1479685840,
        "io_write_bytes": 51762628,
        "io_write_operations": 24212,
        "private_bytes": 8863744,
        "working_set_bytes": 17977344
      },
      "token_bytes": 0,
      "virtual_utc": 1800002031,
      "wal_bytes": 4177712,
      "wall_secs": 200.0292033
    },
    {
      "active_tokens": 0,
      "frame": 202,
      "live_rows": 250,
      "native": {
        "cpu_seconds": 12.828125,
        "handles": 114,
        "io_read_bytes": 1484453584,
        "io_write_bytes": 51836788,
        "io_write_operations": 24248,
        "private_bytes": 8863744,
        "working_set_bytes": 17977344
      },
      "token_bytes": 0,
      "virtual_utc": 1800002032,
      "wal_bytes": 4177712,
      "wall_secs": 201.0281338
    },
    {
      "active_tokens": 0,
      "frame": 203,
      "live_rows": 250,
      "native": {
        "cpu_seconds": 12.84375,
        "handles": 114,
        "io_read_bytes": 1489221328,
        "io_write_bytes": 51910948,
        "io_write_operations": 24284,
        "private_bytes": 8863744,
        "working_set_bytes": 17977344
      },
      "token_bytes": 0,
      "virtual_utc": 1800002033,
      "wal_bytes": 4177712,
      "wall_secs": 202.0306889
    },
    {
      "active_tokens": 0,
      "frame": 204,
      "live_rows": 250,
      "native": {
        "cpu_seconds": 12.875,
        "handles": 114,
        "io_read_bytes": 1493989072,
        "io_write_bytes": 51985108,
        "io_write_operations": 24320,
        "private_bytes": 8867840,
        "working_set_bytes": 17981440
      },
      "token_bytes": 0,
      "virtual_utc": 1800002034,
      "wal_bytes": 4177712,
      "wall_secs": 203.0290296
    },
    {
      "active_tokens": 0,
      "frame": 205,
      "live_rows": 250,
      "native": {
        "cpu_seconds": 12.90625,
        "handles": 114,
        "io_read_bytes": 1498756816,
        "io_write_bytes": 52059268,
        "io_write_operations": 24356,
        "private_bytes": 8867840,
        "working_set_bytes": 17981440
      },
      "token_bytes": 0,
      "virtual_utc": 1800002035,
      "wal_bytes": 4177712,
      "wall_secs": 204.0312662
    },
    {
      "active_tokens": 0,
      "frame": 206,
      "live_rows": 250,
      "native": {
        "cpu_seconds": 12.921875,
        "handles": 114,
        "io_read_bytes": 1503524560,
        "io_write_bytes": 52133428,
        "io_write_operations": 24392,
        "private_bytes": 8867840,
        "working_set_bytes": 17981440
      },
      "token_bytes": 0,
      "virtual_utc": 1800002036,
      "wal_bytes": 4177712,
      "wall_secs": 205.0295842
    },
    {
      "active_tokens": 0,
      "frame": 207,
      "live_rows": 250,
      "native": {
        "cpu_seconds": 12.9375,
        "handles": 114,
        "io_read_bytes": 1508292304,
        "io_write_bytes": 52207588,
        "io_write_operations": 24428,
        "private_bytes": 8867840,
        "working_set_bytes": 17981440
      },
      "token_bytes": 0,
      "virtual_utc": 1800002037,
      "wal_bytes": 4177712,
      "wall_secs": 206.0306115
    },
    {
      "active_tokens": 0,
      "frame": 208,
      "live_rows": 250,
      "native": {
        "cpu_seconds": 12.953125,
        "handles": 114,
        "io_read_bytes": 1513060048,
        "io_write_bytes": 52281748,
        "io_write_operations": 24464,
        "private_bytes": 8867840,
        "working_set_bytes": 17981440
      },
      "token_bytes": 0,
      "virtual_utc": 1800002038,
      "wal_bytes": 4177712,
      "wall_secs": 207.0296985
    },
    {
      "active_tokens": 0,
      "frame": 209,
      "live_rows": 250,
      "native": {
        "cpu_seconds": 12.96875,
        "handles": 114,
        "io_read_bytes": 1517827792,
        "io_write_bytes": 52355908,
        "io_write_operations": 24500,
        "private_bytes": 8867840,
        "working_set_bytes": 17981440
      },
      "token_bytes": 0,
      "virtual_utc": 1800002039,
      "wal_bytes": 4177712,
      "wall_secs": 208.0310872
    },
    {
      "active_tokens": 0,
      "frame": 210,
      "live_rows": 250,
      "native": {
        "cpu_seconds": 13.0,
        "handles": 114,
        "io_read_bytes": 1522611920,
        "io_write_bytes": 52471268,
        "io_write_operations": 24556,
        "private_bytes": 8867840,
        "working_set_bytes": 17981440
      },
      "token_bytes": 0,
      "virtual_utc": 1800002040,
      "wal_bytes": 4177712,
      "wall_secs": 209.0326361
    },
    {
      "active_tokens": 0,
      "frame": 211,
      "live_rows": 250,
      "native": {
        "cpu_seconds": 13.015625,
        "handles": 114,
        "io_read_bytes": 1527375568,
        "io_write_bytes": 52545428,
        "io_write_operations": 24592,
        "private_bytes": 8867840,
        "working_set_bytes": 17981440
      },
      "token_bytes": 0,
      "virtual_utc": 1800002041,
      "wal_bytes": 4177712,
      "wall_secs": 210.0297435
    },
    {
      "active_tokens": 0,
      "frame": 212,
      "live_rows": 250,
      "native": {
        "cpu_seconds": 13.03125,
        "handles": 114,
        "io_read_bytes": 1532147408,
        "io_write_bytes": 52627828,
        "io_write_operations": 24632,
        "private_bytes": 8867840,
        "working_set_bytes": 17981440
      },
      "token_bytes": 0,
      "virtual_utc": 1800002042,
      "wal_bytes": 4177712,
      "wall_secs": 211.0297775
    },
    {
      "active_tokens": 0,
      "frame": 213,
      "live_rows": 250,
      "native": {
        "cpu_seconds": 13.0625,
        "handles": 114,
        "io_read_bytes": 1536915152,
        "io_write_bytes": 52701988,
        "io_write_operations": 24668,
        "private_bytes": 8867840,
        "working_set_bytes": 17981440
      },
      "token_bytes": 0,
      "virtual_utc": 1800002043,
      "wal_bytes": 4177712,
      "wall_secs": 212.0294599
    },
    {
      "active_tokens": 0,
      "frame": 214,
      "live_rows": 250,
      "native": {
        "cpu_seconds": 13.078125,
        "handles": 114,
        "io_read_bytes": 1541682896,
        "io_write_bytes": 52776148,
        "io_write_operations": 24704,
        "private_bytes": 8867840,
        "working_set_bytes": 17981440
      },
      "token_bytes": 0,
      "virtual_utc": 1800002044,
      "wal_bytes": 4177712,
      "wall_secs": 213.0319773
    },
    {
      "active_tokens": 0,
      "frame": 215,
      "live_rows": 250,
      "native": {
        "cpu_seconds": 13.125,
        "handles": 114,
        "io_read_bytes": 1546450640,
        "io_write_bytes": 52850308,
        "io_write_operations": 24740,
        "private_bytes": 8867840,
        "working_set_bytes": 17981440
      },
      "token_bytes": 0,
      "virtual_utc": 1800002045,
      "wal_bytes": 4177712,
      "wall_secs": 214.0317701
    },
    {
      "active_tokens": 0,
      "frame": 216,
      "live_rows": 250,
      "native": {
        "cpu_seconds": 13.140625,
        "handles": 114,
        "io_read_bytes": 1551218384,
        "io_write_bytes": 52924468,
        "io_write_operations": 24776,
        "private_bytes": 8138752,
        "working_set_bytes": 17620992
      },
      "token_bytes": 0,
      "virtual_utc": 1800002046,
      "wal_bytes": 4177712,
      "wall_secs": 215.029676
    },
    {
      "active_tokens": 0,
      "frame": 217,
      "live_rows": 250,
      "native": {
        "cpu_seconds": 13.171875,
        "handles": 114,
        "io_read_bytes": 1555986128,
        "io_write_bytes": 52998628,
        "io_write_operations": 24812,
        "private_bytes": 8863744,
        "working_set_bytes": 17952768
      },
      "token_bytes": 0,
      "virtual_utc": 1800002047,
      "wal_bytes": 4177712,
      "wall_secs": 216.0288899
    },
    {
      "active_tokens": 0,
      "frame": 218,
      "live_rows": 250,
      "native": {
        "cpu_seconds": 13.203125,
        "handles": 114,
        "io_read_bytes": 1560753872,
        "io_write_bytes": 53072788,
        "io_write_operations": 24848,
        "private_bytes": 8863744,
        "working_set_bytes": 17969152
      },
      "token_bytes": 0,
      "virtual_utc": 1800002048,
      "wal_bytes": 4177712,
      "wall_secs": 217.0283262
    },
    {
      "active_tokens": 0,
      "frame": 219,
      "live_rows": 250,
      "native": {
        "cpu_seconds": 13.234375,
        "handles": 114,
        "io_read_bytes": 1565521616,
        "io_write_bytes": 53146948,
        "io_write_operations": 24884,
        "private_bytes": 8863744,
        "working_set_bytes": 17969152
      },
      "token_bytes": 0,
      "virtual_utc": 1800002049,
      "wal_bytes": 4177712,
      "wall_secs": 218.0291669
    },
    {
      "active_tokens": 0,
      "frame": 220,
      "live_rows": 250,
      "native": {
        "cpu_seconds": 13.265625,
        "handles": 114,
        "io_read_bytes": 1570289360,
        "io_write_bytes": 53221108,
        "io_write_operations": 24920,
        "private_bytes": 8863744,
        "working_set_bytes": 17977344
      },
      "token_bytes": 0,
      "virtual_utc": 1800002050,
      "wal_bytes": 4177712,
      "wall_secs": 219.0289473
    },
    {
      "active_tokens": 0,
      "frame": 221,
      "live_rows": 250,
      "native": {
        "cpu_seconds": 13.28125,
        "handles": 114,
        "io_read_bytes": 1575057104,
        "io_write_bytes": 53295268,
        "io_write_operations": 24956,
        "private_bytes": 8863744,
        "working_set_bytes": 17977344
      },
      "token_bytes": 0,
      "virtual_utc": 1800002051,
      "wal_bytes": 4177712,
      "wall_secs": 220.0301679
    },
    {
      "active_tokens": 0,
      "frame": 222,
      "live_rows": 250,
      "native": {
        "cpu_seconds": 13.3125,
        "handles": 114,
        "io_read_bytes": 1579824848,
        "io_write_bytes": 53369428,
        "io_write_operations": 24992,
        "private_bytes": 8863744,
        "working_set_bytes": 17973248
      },
      "token_bytes": 0,
      "virtual_utc": 1800002052,
      "wal_bytes": 4177712,
      "wall_secs": 221.0287052
    },
    {
      "active_tokens": 0,
      "frame": 223,
      "live_rows": 250,
      "native": {
        "cpu_seconds": 13.34375,
        "handles": 114,
        "io_read_bytes": 1584592592,
        "io_write_bytes": 53443588,
        "io_write_operations": 25028,
        "private_bytes": 8863744,
        "working_set_bytes": 17973248
      },
      "token_bytes": 0,
      "virtual_utc": 1800002053,
      "wal_bytes": 4177712,
      "wall_secs": 222.0293192
    },
    {
      "active_tokens": 0,
      "frame": 224,
      "live_rows": 250,
      "native": {
        "cpu_seconds": 13.375,
        "handles": 114,
        "io_read_bytes": 1589491408,
        "io_write_bytes": 53648820,
        "io_write_operations": 25096,
        "private_bytes": 8863744,
        "working_set_bytes": 17973248
      },
      "token_bytes": 0,
      "virtual_utc": 1800002054,
      "wal_bytes": 4177712,
      "wall_secs": 223.0305963
    },
    {
      "active_tokens": 0,
      "frame": 225,
      "live_rows": 250,
      "native": {
        "cpu_seconds": 13.375,
        "handles": 114,
        "io_read_bytes": 1594259152,
        "io_write_bytes": 53723012,
        "io_write_operations": 25133,
        "private_bytes": 8863744,
        "working_set_bytes": 17973248
      },
      "token_bytes": 0,
      "virtual_utc": 1800002055,
      "wal_bytes": 4177712,
      "wall_secs": 224.0305342
    },
    {
      "active_tokens": 0,
      "frame": 226,
      "live_rows": 250,
      "native": {
        "cpu_seconds": 13.40625,
        "handles": 114,
        "io_read_bytes": 1599026896,
        "io_write_bytes": 53797172,
        "io_write_operations": 25169,
        "private_bytes": 8867840,
        "working_set_bytes": 17977344
      },
      "token_bytes": 0,
      "virtual_utc": 1800002056,
      "wal_bytes": 4177712,
      "wall_secs": 225.020047
    },
    {
      "active_tokens": 0,
      "frame": 227,
      "live_rows": 250,
      "native": {
        "cpu_seconds": 13.421875,
        "handles": 114,
        "io_read_bytes": 1603794640,
        "io_write_bytes": 53871332,
        "io_write_operations": 25205,
        "private_bytes": 9412608,
        "working_set_bytes": 18571264
      },
      "token_bytes": 0,
      "virtual_utc": 1800002057,
      "wal_bytes": 4177712,
      "wall_secs": 226.0294797
    },
    {
      "active_tokens": 0,
      "frame": 228,
      "live_rows": 250,
      "native": {
        "cpu_seconds": 13.4375,
        "handles": 114,
        "io_read_bytes": 1608562384,
        "io_write_bytes": 53945492,
        "io_write_operations": 25241,
        "private_bytes": 9412608,
        "working_set_bytes": 18583552
      },
      "token_bytes": 0,
      "virtual_utc": 1800002058,
      "wal_bytes": 4177712,
      "wall_secs": 227.0303875
    },
    {
      "active_tokens": 0,
      "frame": 229,
      "live_rows": 250,
      "native": {
        "cpu_seconds": 13.46875,
        "handles": 114,
        "io_read_bytes": 1613330128,
        "io_write_bytes": 54019652,
        "io_write_operations": 25277,
        "private_bytes": 9412608,
        "working_set_bytes": 18583552
      },
      "token_bytes": 0,
      "virtual_utc": 1800002059,
      "wal_bytes": 4177712,
      "wall_secs": 228.0248563
    },
    {
      "active_tokens": 0,
      "frame": 230,
      "live_rows": 250,
      "native": {
        "cpu_seconds": 13.5,
        "handles": 114,
        "io_read_bytes": 1618097872,
        "io_write_bytes": 54097932,
        "io_write_operations": 25315,
        "private_bytes": 9412608,
        "working_set_bytes": 18591744
      },
      "token_bytes": 0,
      "virtual_utc": 1800002060,
      "wal_bytes": 4177712,
      "wall_secs": 229.0280339
    },
    {
      "active_tokens": 0,
      "frame": 231,
      "live_rows": 250,
      "native": {
        "cpu_seconds": 13.53125,
        "handles": 114,
        "io_read_bytes": 1622865616,
        "io_write_bytes": 54172092,
        "io_write_operations": 25351,
        "private_bytes": 9412608,
        "working_set_bytes": 18599936
      },
      "token_bytes": 0,
      "virtual_utc": 1800002061,
      "wal_bytes": 4177712,
      "wall_secs": 230.0195409
    },
    {
      "active_tokens": 0,
      "frame": 232,
      "live_rows": 250,
      "native": {
        "cpu_seconds": 13.546875,
        "handles": 114,
        "io_read_bytes": 1627633360,
        "io_write_bytes": 54246252,
        "io_write_operations": 25387,
        "private_bytes": 9412608,
        "working_set_bytes": 18644992
      },
      "token_bytes": 0,
      "virtual_utc": 1800002062,
      "wal_bytes": 4177712,
      "wall_secs": 231.0313818
    },
    {
      "active_tokens": 0,
      "frame": 233,
      "live_rows": 250,
      "native": {
        "cpu_seconds": 13.5625,
        "handles": 114,
        "io_read_bytes": 1632401104,
        "io_write_bytes": 54320412,
        "io_write_operations": 25423,
        "private_bytes": 9682944,
        "working_set_bytes": 18866176
      },
      "token_bytes": 0,
      "virtual_utc": 1800002063,
      "wal_bytes": 4177712,
      "wall_secs": 232.0309595
    },
    {
      "active_tokens": 0,
      "frame": 234,
      "live_rows": 250,
      "native": {
        "cpu_seconds": 13.578125,
        "handles": 114,
        "io_read_bytes": 1637168848,
        "io_write_bytes": 54394572,
        "io_write_operations": 25459,
        "private_bytes": 9682944,
        "working_set_bytes": 18866176
      },
      "token_bytes": 0,
      "virtual_utc": 1800002064,
      "wal_bytes": 4177712,
      "wall_secs": 233.0325263
    },
    {
      "active_tokens": 0,
      "frame": 235,
      "live_rows": 250,
      "native": {
        "cpu_seconds": 13.609375,
        "handles": 114,
        "io_read_bytes": 1641936592,
        "io_write_bytes": 54468732,
        "io_write_operations": 25495,
        "private_bytes": 9682944,
        "working_set_bytes": 18866176
      },
      "token_bytes": 0,
      "virtual_utc": 1800002065,
      "wal_bytes": 4177712,
      "wall_secs": 234.0312004
    },
    {
      "active_tokens": 0,
      "frame": 236,
      "live_rows": 250,
      "native": {
        "cpu_seconds": 13.640625,
        "handles": 114,
        "io_read_bytes": 1646704336,
        "io_write_bytes": 54542892,
        "io_write_operations": 25531,
        "private_bytes": 9682944,
        "working_set_bytes": 18866176
      },
      "token_bytes": 0,
      "virtual_utc": 1800002066,
      "wal_bytes": 4177712,
      "wall_secs": 235.0185951
    },
    {
      "active_tokens": 0,
      "frame": 237,
      "live_rows": 250,
      "native": {
        "cpu_seconds": 13.65625,
        "handles": 114,
        "io_read_bytes": 1651472080,
        "io_write_bytes": 54617052,
        "io_write_operations": 25567,
        "private_bytes": 9682944,
        "working_set_bytes": 18866176
      },
      "token_bytes": 0,
      "virtual_utc": 1800002067,
      "wal_bytes": 4177712,
      "wall_secs": 236.0293846
    },
    {
      "active_tokens": 0,
      "frame": 238,
      "live_rows": 250,
      "native": {
        "cpu_seconds": 13.6875,
        "handles": 114,
        "io_read_bytes": 1656239824,
        "io_write_bytes": 54691212,
        "io_write_operations": 25603,
        "private_bytes": 9682944,
        "working_set_bytes": 18866176
      },
      "token_bytes": 0,
      "virtual_utc": 1800002068,
      "wal_bytes": 4177712,
      "wall_secs": 237.0291276
    },
    {
      "active_tokens": 0,
      "frame": 239,
      "live_rows": 250,
      "native": {
        "cpu_seconds": 13.703125,
        "handles": 114,
        "io_read_bytes": 1661007568,
        "io_write_bytes": 54765372,
        "io_write_operations": 25639,
        "private_bytes": 9682944,
        "working_set_bytes": 18866176
      },
      "token_bytes": 0,
      "virtual_utc": 1800002069,
      "wal_bytes": 4177712,
      "wall_secs": 238.030628
    },
    {
      "active_tokens": 0,
      "frame": 240,
      "live_rows": 250,
      "native": {
        "cpu_seconds": 13.71875,
        "handles": 114,
        "io_read_bytes": 1665775312,
        "io_write_bytes": 54839532,
        "io_write_operations": 25675,
        "private_bytes": 9682944,
        "working_set_bytes": 18866176
      },
      "token_bytes": 0,
      "virtual_utc": 1800002070,
      "wal_bytes": 4177712,
      "wall_secs": 239.0307005
    },
    {
      "active_tokens": 0,
      "frame": 241,
      "live_rows": 250,
      "native": {
        "cpu_seconds": 13.75,
        "handles": 114,
        "io_read_bytes": 1670543056,
        "io_write_bytes": 54913692,
        "io_write_operations": 25711,
        "private_bytes": 9682944,
        "working_set_bytes": 18866176
      },
      "token_bytes": 0,
      "virtual_utc": 1800002071,
      "wal_bytes": 4177712,
      "wall_secs": 240.0216659
    },
    {
      "active_tokens": 0,
      "frame": 242,
      "live_rows": 250,
      "native": {
        "cpu_seconds": 13.78125,
        "handles": 114,
        "io_read_bytes": 1675310800,
        "io_write_bytes": 54987852,
        "io_write_operations": 25747,
        "private_bytes": 9682944,
        "working_set_bytes": 18866176
      },
      "token_bytes": 0,
      "virtual_utc": 1800002072,
      "wal_bytes": 4177712,
      "wall_secs": 241.0320253
    },
    {
      "active_tokens": 0,
      "frame": 243,
      "live_rows": 250,
      "native": {
        "cpu_seconds": 13.796875,
        "handles": 114,
        "io_read_bytes": 1680078544,
        "io_write_bytes": 55062012,
        "io_write_operations": 25783,
        "private_bytes": 9682944,
        "working_set_bytes": 18866176
      },
      "token_bytes": 0,
      "virtual_utc": 1800002073,
      "wal_bytes": 4177712,
      "wall_secs": 242.030841
    },
    {
      "active_tokens": 0,
      "frame": 244,
      "live_rows": 250,
      "native": {
        "cpu_seconds": 13.8125,
        "handles": 114,
        "io_read_bytes": 1684846288,
        "io_write_bytes": 55136172,
        "io_write_operations": 25819,
        "private_bytes": 9682944,
        "working_set_bytes": 18866176
      },
      "token_bytes": 0,
      "virtual_utc": 1800002074,
      "wal_bytes": 4177712,
      "wall_secs": 243.0315489
    },
    {
      "active_tokens": 0,
      "frame": 245,
      "live_rows": 250,
      "native": {
        "cpu_seconds": 13.828125,
        "handles": 114,
        "io_read_bytes": 1689614032,
        "io_write_bytes": 55210332,
        "io_write_operations": 25855,
        "private_bytes": 9682944,
        "working_set_bytes": 18866176
      },
      "token_bytes": 0,
      "virtual_utc": 1800002075,
      "wal_bytes": 4177712,
      "wall_secs": 244.0326078
    },
    {
      "active_tokens": 0,
      "frame": 246,
      "live_rows": 250,
      "native": {
        "cpu_seconds": 13.875,
        "handles": 114,
        "io_read_bytes": 1694381776,
        "io_write_bytes": 55284492,
        "io_write_operations": 25891,
        "private_bytes": 9682944,
        "working_set_bytes": 18866176
      },
      "token_bytes": 0,
      "virtual_utc": 1800002076,
      "wal_bytes": 4177712,
      "wall_secs": 245.0288717
    },
    {
      "active_tokens": 0,
      "frame": 247,
      "live_rows": 250,
      "native": {
        "cpu_seconds": 13.90625,
        "handles": 114,
        "io_read_bytes": 1699149520,
        "io_write_bytes": 55358652,
        "io_write_operations": 25927,
        "private_bytes": 9682944,
        "working_set_bytes": 18866176
      },
      "token_bytes": 0,
      "virtual_utc": 1800002077,
      "wal_bytes": 4177712,
      "wall_secs": 246.0282689
    },
    {
      "active_tokens": 0,
      "frame": 248,
      "live_rows": 250,
      "native": {
        "cpu_seconds": 13.921875,
        "handles": 114,
        "io_read_bytes": 1703917264,
        "io_write_bytes": 55432812,
        "io_write_operations": 25963,
        "private_bytes": 9682944,
        "working_set_bytes": 18866176
      },
      "token_bytes": 0,
      "virtual_utc": 1800002078,
      "wal_bytes": 4177712,
      "wall_secs": 247.0297056
    },
    {
      "active_tokens": 0,
      "frame": 249,
      "live_rows": 250,
      "native": {
        "cpu_seconds": 13.953125,
        "handles": 114,
        "io_read_bytes": 1708685008,
        "io_write_bytes": 55506972,
        "io_write_operations": 25999,
        "private_bytes": 9682944,
        "working_set_bytes": 18866176
      },
      "token_bytes": 0,
      "virtual_utc": 1800002079,
      "wal_bytes": 4177712,
      "wall_secs": 248.0289762
    },
    {
      "active_tokens": 0,
      "frame": 250,
      "live_rows": 250,
      "native": {
        "cpu_seconds": 13.96875,
        "handles": 114,
        "io_read_bytes": 1713452752,
        "io_write_bytes": 55581132,
        "io_write_operations": 26035,
        "private_bytes": 9682944,
        "working_set_bytes": 18866176
      },
      "token_bytes": 0,
      "virtual_utc": 1800002080,
      "wal_bytes": 4177712,
      "wall_secs": 249.0307906
    },
    {
      "active_tokens": 0,
      "frame": 251,
      "live_rows": 250,
      "native": {
        "cpu_seconds": 13.984375,
        "handles": 114,
        "io_read_bytes": 1718220496,
        "io_write_bytes": 55655292,
        "io_write_operations": 26071,
        "private_bytes": 9682944,
        "working_set_bytes": 18866176
      },
      "token_bytes": 0,
      "virtual_utc": 1800002081,
      "wal_bytes": 4177712,
      "wall_secs": 250.0315361
    },
    {
      "active_tokens": 0,
      "frame": 252,
      "live_rows": 250,
      "native": {
        "cpu_seconds": 14.015625,
        "handles": 114,
        "io_read_bytes": 1722988240,
        "io_write_bytes": 55729452,
        "io_write_operations": 26107,
        "private_bytes": 9682944,
        "working_set_bytes": 18866176
      },
      "token_bytes": 0,
      "virtual_utc": 1800002082,
      "wal_bytes": 4177712,
      "wall_secs": 251.1302743
    },
    {
      "active_tokens": 0,
      "frame": 253,
      "live_rows": 250,
      "native": {
        "cpu_seconds": 14.03125,
        "handles": 114,
        "io_read_bytes": 1727755984,
        "io_write_bytes": 55803612,
        "io_write_operations": 26143,
        "private_bytes": 9682944,
        "working_set_bytes": 18866176
      },
      "token_bytes": 0,
      "virtual_utc": 1800002083,
      "wal_bytes": 4177712,
      "wall_secs": 252.0304573
    },
    {
      "active_tokens": 0,
      "frame": 254,
      "live_rows": 250,
      "native": {
        "cpu_seconds": 14.046875,
        "handles": 114,
        "io_read_bytes": 1732523728,
        "io_write_bytes": 55877772,
        "io_write_operations": 26179,
        "private_bytes": 9682944,
        "working_set_bytes": 18866176
      },
      "token_bytes": 0,
      "virtual_utc": 1800002084,
      "wal_bytes": 4177712,
      "wall_secs": 253.0296141
    },
    {
      "active_tokens": 0,
      "frame": 255,
      "live_rows": 250,
      "native": {
        "cpu_seconds": 14.078125,
        "handles": 114,
        "io_read_bytes": 1737291472,
        "io_write_bytes": 55951932,
        "io_write_operations": 26215,
        "private_bytes": 9682944,
        "working_set_bytes": 18866176
      },
      "token_bytes": 0,
      "virtual_utc": 1800002085,
      "wal_bytes": 4177712,
      "wall_secs": 254.0286111
    },
    {
      "active_tokens": 0,
      "frame": 256,
      "live_rows": 250,
      "native": {
        "cpu_seconds": 14.109375,
        "handles": 114,
        "io_read_bytes": 1742059216,
        "io_write_bytes": 56026092,
        "io_write_operations": 26251,
        "private_bytes": 9682944,
        "working_set_bytes": 18866176
      },
      "token_bytes": 0,
      "virtual_utc": 1800002086,
      "wal_bytes": 4177712,
      "wall_secs": 255.0334107
    },
    {
      "active_tokens": 0,
      "frame": 257,
      "live_rows": 250,
      "native": {
        "cpu_seconds": 14.140625,
        "handles": 114,
        "io_read_bytes": 1746826960,
        "io_write_bytes": 56100252,
        "io_write_operations": 26287,
        "private_bytes": 8613888,
        "working_set_bytes": 17784832
      },
      "token_bytes": 0,
      "virtual_utc": 1800002087,
      "wal_bytes": 4177712,
      "wall_secs": 256.0288493
    },
    {
      "active_tokens": 0,
      "frame": 258,
      "live_rows": 250,
      "native": {
        "cpu_seconds": 14.15625,
        "handles": 114,
        "io_read_bytes": 1751594704,
        "io_write_bytes": 56174412,
        "io_write_operations": 26323,
        "private_bytes": 9453568,
        "working_set_bytes": 18608128
      },
      "token_bytes": 0,
      "virtual_utc": 1800002088,
      "wal_bytes": 4177712,
      "wall_secs": 257.0321131
    },
    {
      "active_tokens": 0,
      "frame": 259,
      "live_rows": 250,
      "native": {
        "cpu_seconds": 14.203125,
        "handles": 114,
        "io_read_bytes": 1756362448,
        "io_write_bytes": 56248572,
        "io_write_operations": 26359,
        "private_bytes": 9453568,
        "working_set_bytes": 18620416
      },
      "token_bytes": 0,
      "virtual_utc": 1800002089,
      "wal_bytes": 4177712,
      "wall_secs": 258.0290325
    },
    {
      "active_tokens": 0,
      "frame": 260,
      "live_rows": 250,
      "native": {
        "cpu_seconds": 14.234375,
        "handles": 114,
        "io_read_bytes": 1761130192,
        "io_write_bytes": 56322732,
        "io_write_operations": 26395,
        "private_bytes": 9453568,
        "working_set_bytes": 18620416
      },
      "token_bytes": 0,
      "virtual_utc": 1800002090,
      "wal_bytes": 4177712,
      "wall_secs": 259.0294701
    },
    {
      "active_tokens": 0,
      "frame": 261,
      "live_rows": 250,
      "native": {
        "cpu_seconds": 14.25,
        "handles": 114,
        "io_read_bytes": 1765897936,
        "io_write_bytes": 56396892,
        "io_write_operations": 26431,
        "private_bytes": 9457664,
        "working_set_bytes": 18624512
      },
      "token_bytes": 0,
      "virtual_utc": 1800002091,
      "wal_bytes": 4177712,
      "wall_secs": 260.0303075
    },
    {
      "active_tokens": 0,
      "frame": 262,
      "live_rows": 250,
      "native": {
        "cpu_seconds": 14.265625,
        "handles": 114,
        "io_read_bytes": 1770665680,
        "io_write_bytes": 56471052,
        "io_write_operations": 26467,
        "private_bytes": 9494528,
        "working_set_bytes": 18731008
      },
      "token_bytes": 0,
      "virtual_utc": 1800002092,
      "wal_bytes": 4177712,
      "wall_secs": 261.0322272
    },
    {
      "active_tokens": 0,
      "frame": 263,
      "live_rows": 250,
      "native": {
        "cpu_seconds": 14.3125,
        "handles": 114,
        "io_read_bytes": 1775433424,
        "io_write_bytes": 56545212,
        "io_write_operations": 26503,
        "private_bytes": 8929280,
        "working_set_bytes": 18128896
      },
      "token_bytes": 0,
      "virtual_utc": 1800002093,
      "wal_bytes": 4177712,
      "wall_secs": 262.0291469
    },
    {
      "active_tokens": 0,
      "frame": 264,
      "live_rows": 250,
      "native": {
        "cpu_seconds": 14.34375,
        "handles": 114,
        "io_read_bytes": 1780201168,
        "io_write_bytes": 56619372,
        "io_write_operations": 26539,
        "private_bytes": 9969664,
        "working_set_bytes": 18706432
      },
      "token_bytes": 0,
      "virtual_utc": 1800002094,
      "wal_bytes": 4177712,
      "wall_secs": 263.0295165
    },
    {
      "active_tokens": 0,
      "frame": 265,
      "live_rows": 250,
      "native": {
        "cpu_seconds": 14.375,
        "handles": 114,
        "io_read_bytes": 1784968912,
        "io_write_bytes": 56693532,
        "io_write_operations": 26575,
        "private_bytes": 9981952,
        "working_set_bytes": 18718720
      },
      "token_bytes": 0,
      "virtual_utc": 1800002095,
      "wal_bytes": 4177712,
      "wall_secs": 264.0278187
    },
    {
      "active_tokens": 0,
      "frame": 266,
      "live_rows": 250,
      "native": {
        "cpu_seconds": 14.390625,
        "handles": 114,
        "io_read_bytes": 1789736656,
        "io_write_bytes": 56767692,
        "io_write_operations": 26611,
        "private_bytes": 9986048,
        "working_set_bytes": 18796544
      },
      "token_bytes": 0,
      "virtual_utc": 1800002096,
      "wal_bytes": 4177712,
      "wall_secs": 265.0304279
    },
    {
      "active_tokens": 0,
      "frame": 267,
      "live_rows": 250,
      "native": {
        "cpu_seconds": 14.40625,
        "handles": 114,
        "io_read_bytes": 1794504400,
        "io_write_bytes": 56841852,
        "io_write_operations": 26647,
        "private_bytes": 9986048,
        "working_set_bytes": 18808832
      },
      "token_bytes": 0,
      "virtual_utc": 1800002097,
      "wal_bytes": 4177712,
      "wall_secs": 266.0305519
    },
    {
      "active_tokens": 0,
      "frame": 268,
      "live_rows": 250,
      "native": {
        "cpu_seconds": 14.4375,
        "handles": 114,
        "io_read_bytes": 1799272144,
        "io_write_bytes": 56916012,
        "io_write_operations": 26683,
        "private_bytes": 9986048,
        "working_set_bytes": 18808832
      },
      "token_bytes": 0,
      "virtual_utc": 1800002098,
      "wal_bytes": 4177712,
      "wall_secs": 267.0290274
    },
    {
      "active_tokens": 0,
      "frame": 269,
      "live_rows": 250,
      "native": {
        "cpu_seconds": 14.453125,
        "handles": 114,
        "io_read_bytes": 1804039888,
        "io_write_bytes": 56990172,
        "io_write_operations": 26719,
        "private_bytes": 9986048,
        "working_set_bytes": 18808832
      },
      "token_bytes": 0,
      "virtual_utc": 1800002099,
      "wal_bytes": 4177712,
      "wall_secs": 268.0305414
    },
    {
      "active_tokens": 0,
      "frame": 270,
      "live_rows": 250,
      "native": {
        "cpu_seconds": 14.46875,
        "handles": 114,
        "io_read_bytes": 1808824016,
        "io_write_bytes": 57105532,
        "io_write_operations": 26775,
        "private_bytes": 9986048,
        "working_set_bytes": 18808832
      },
      "token_bytes": 0,
      "virtual_utc": 1800002100,
      "wal_bytes": 4177712,
      "wall_secs": 269.0299789
    },
    {
      "active_tokens": 0,
      "frame": 271,
      "live_rows": 250,
      "native": {
        "cpu_seconds": 14.484375,
        "handles": 114,
        "io_read_bytes": 1813587664,
        "io_write_bytes": 57179692,
        "io_write_operations": 26811,
        "private_bytes": 9986048,
        "working_set_bytes": 18817024
      },
      "token_bytes": 0,
      "virtual_utc": 1800002101,
      "wal_bytes": 4177712,
      "wall_secs": 270.0303772
    },
    {
      "active_tokens": 0,
      "frame": 272,
      "live_rows": 250,
      "native": {
        "cpu_seconds": 14.484375,
        "handles": 114,
        "io_read_bytes": 1818359504,
        "io_write_bytes": 57262092,
        "io_write_operations": 26851,
        "private_bytes": 9986048,
        "working_set_bytes": 18821120
      },
      "token_bytes": 0,
      "virtual_utc": 1800002102,
      "wal_bytes": 4177712,
      "wall_secs": 271.0309674
    },
    {
      "active_tokens": 0,
      "frame": 273,
      "live_rows": 250,
      "native": {
        "cpu_seconds": 14.5,
        "handles": 114,
        "io_read_bytes": 1823127248,
        "io_write_bytes": 57336252,
        "io_write_operations": 26887,
        "private_bytes": 9986048,
        "working_set_bytes": 18821120
      },
      "token_bytes": 0,
      "virtual_utc": 1800002103,
      "wal_bytes": 4177712,
      "wall_secs": 272.0294003
    },
    {
      "active_tokens": 0,
      "frame": 274,
      "live_rows": 250,
      "native": {
        "cpu_seconds": 14.53125,
        "handles": 114,
        "io_read_bytes": 1827894992,
        "io_write_bytes": 57410412,
        "io_write_operations": 26923,
        "private_bytes": 9986048,
        "working_set_bytes": 18821120
      },
      "token_bytes": 0,
      "virtual_utc": 1800002104,
      "wal_bytes": 4177712,
      "wall_secs": 273.0289636
    },
    {
      "active_tokens": 0,
      "frame": 275,
      "live_rows": 250,
      "native": {
        "cpu_seconds": 14.5625,
        "handles": 114,
        "io_read_bytes": 1832662736,
        "io_write_bytes": 57484572,
        "io_write_operations": 26959,
        "private_bytes": 9986048,
        "working_set_bytes": 18821120
      },
      "token_bytes": 0,
      "virtual_utc": 1800002105,
      "wal_bytes": 4177712,
      "wall_secs": 274.0281505
    },
    {
      "active_tokens": 0,
      "frame": 276,
      "live_rows": 250,
      "native": {
        "cpu_seconds": 14.578125,
        "handles": 114,
        "io_read_bytes": 1837430480,
        "io_write_bytes": 57558732,
        "io_write_operations": 26995,
        "private_bytes": 9986048,
        "working_set_bytes": 18821120
      },
      "token_bytes": 0,
      "virtual_utc": 1800002106,
      "wal_bytes": 4177712,
      "wall_secs": 275.0294246
    },
    {
      "active_tokens": 0,
      "frame": 277,
      "live_rows": 250,
      "native": {
        "cpu_seconds": 14.59375,
        "handles": 114,
        "io_read_bytes": 1842198224,
        "io_write_bytes": 57632892,
        "io_write_operations": 27031,
        "private_bytes": 9986048,
        "working_set_bytes": 18821120
      },
      "token_bytes": 0,
      "virtual_utc": 1800002107,
      "wal_bytes": 4177712,
      "wall_secs": 276.030735
    },
    {
      "active_tokens": 0,
      "frame": 278,
      "live_rows": 250,
      "native": {
        "cpu_seconds": 14.625,
        "handles": 114,
        "io_read_bytes": 1846965968,
        "io_write_bytes": 57707052,
        "io_write_operations": 27067,
        "private_bytes": 9986048,
        "working_set_bytes": 18821120
      },
      "token_bytes": 0,
      "virtual_utc": 1800002108,
      "wal_bytes": 4177712,
      "wall_secs": 277.0194291
    },
    {
      "active_tokens": 0,
      "frame": 279,
      "live_rows": 250,
      "native": {
        "cpu_seconds": 14.65625,
        "handles": 114,
        "io_read_bytes": 1851864784,
        "io_write_bytes": 57912284,
        "io_write_operations": 27135,
        "private_bytes": 9986048,
        "working_set_bytes": 18821120
      },
      "token_bytes": 0,
      "virtual_utc": 1800002109,
      "wal_bytes": 4177712,
      "wall_secs": 278.0351068
    },
    {
      "active_tokens": 0,
      "frame": 280,
      "live_rows": 250,
      "native": {
        "cpu_seconds": 14.671875,
        "handles": 114,
        "io_read_bytes": 1856632528,
        "io_write_bytes": 57986476,
        "io_write_operations": 27172,
        "private_bytes": 9986048,
        "working_set_bytes": 18821120
      },
      "token_bytes": 0,
      "virtual_utc": 1800002110,
      "wal_bytes": 4177712,
      "wall_secs": 279.0308125
    },
    {
      "active_tokens": 0,
      "frame": 281,
      "live_rows": 250,
      "native": {
        "cpu_seconds": 14.6875,
        "handles": 114,
        "io_read_bytes": 1861400272,
        "io_write_bytes": 58064756,
        "io_write_operations": 27210,
        "private_bytes": 9986048,
        "working_set_bytes": 18821120
      },
      "token_bytes": 0,
      "virtual_utc": 1800002111,
      "wal_bytes": 4177712,
      "wall_secs": 280.0305539
    },
    {
      "active_tokens": 0,
      "frame": 282,
      "live_rows": 250,
      "native": {
        "cpu_seconds": 14.703125,
        "handles": 114,
        "io_read_bytes": 1866168016,
        "io_write_bytes": 58138916,
        "io_write_operations": 27246,
        "private_bytes": 9986048,
        "working_set_bytes": 18821120
      },
      "token_bytes": 0,
      "virtual_utc": 1800002112,
      "wal_bytes": 4177712,
      "wall_secs": 281.0297765
    },
    {
      "active_tokens": 0,
      "frame": 283,
      "live_rows": 250,
      "native": {
        "cpu_seconds": 14.71875,
        "handles": 114,
        "io_read_bytes": 1870935760,
        "io_write_bytes": 58213076,
        "io_write_operations": 27282,
        "private_bytes": 9986048,
        "working_set_bytes": 18821120
      },
      "token_bytes": 0,
      "virtual_utc": 1800002113,
      "wal_bytes": 4177712,
      "wall_secs": 282.029453
    },
    {
      "active_tokens": 0,
      "frame": 284,
      "live_rows": 250,
      "native": {
        "cpu_seconds": 14.75,
        "handles": 114,
        "io_read_bytes": 1875703504,
        "io_write_bytes": 58287236,
        "io_write_operations": 27318,
        "private_bytes": 9986048,
        "working_set_bytes": 18821120
      },
      "token_bytes": 0,
      "virtual_utc": 1800002114,
      "wal_bytes": 4177712,
      "wall_secs": 283.0284022
    },
    {
      "active_tokens": 0,
      "frame": 285,
      "live_rows": 250,
      "native": {
        "cpu_seconds": 14.765625,
        "handles": 114,
        "io_read_bytes": 1880471248,
        "io_write_bytes": 58361396,
        "io_write_operations": 27354,
        "private_bytes": 9986048,
        "working_set_bytes": 18821120
      },
      "token_bytes": 0,
      "virtual_utc": 1800002115,
      "wal_bytes": 4177712,
      "wall_secs": 284.0313853
    },
    {
      "active_tokens": 0,
      "frame": 286,
      "live_rows": 250,
      "native": {
        "cpu_seconds": 14.796875,
        "handles": 114,
        "io_read_bytes": 1885238992,
        "io_write_bytes": 58435556,
        "io_write_operations": 27390,
        "private_bytes": 9986048,
        "working_set_bytes": 18821120
      },
      "token_bytes": 0,
      "virtual_utc": 1800002116,
      "wal_bytes": 4177712,
      "wall_secs": 285.0289292
    },
    {
      "active_tokens": 0,
      "frame": 287,
      "live_rows": 250,
      "native": {
        "cpu_seconds": 14.828125,
        "handles": 114,
        "io_read_bytes": 1890006736,
        "io_write_bytes": 58509716,
        "io_write_operations": 27426,
        "private_bytes": 9986048,
        "working_set_bytes": 18821120
      },
      "token_bytes": 0,
      "virtual_utc": 1800002117,
      "wal_bytes": 4177712,
      "wall_secs": 286.0289128
    },
    {
      "active_tokens": 0,
      "frame": 288,
      "live_rows": 250,
      "native": {
        "cpu_seconds": 14.859375,
        "handles": 114,
        "io_read_bytes": 1894774480,
        "io_write_bytes": 58583876,
        "io_write_operations": 27462,
        "private_bytes": 9986048,
        "working_set_bytes": 18821120
      },
      "token_bytes": 0,
      "virtual_utc": 1800002118,
      "wal_bytes": 4177712,
      "wall_secs": 287.0283999
    },
    {
      "active_tokens": 0,
      "frame": 289,
      "live_rows": 250,
      "native": {
        "cpu_seconds": 14.890625,
        "handles": 114,
        "io_read_bytes": 1899542224,
        "io_write_bytes": 58658036,
        "io_write_operations": 27498,
        "private_bytes": 9986048,
        "working_set_bytes": 18821120
      },
      "token_bytes": 0,
      "virtual_utc": 1800002119,
      "wal_bytes": 4177712,
      "wall_secs": 288.0284628
    },
    {
      "active_tokens": 0,
      "frame": 290,
      "live_rows": 250,
      "native": {
        "cpu_seconds": 14.90625,
        "handles": 114,
        "io_read_bytes": 1904309968,
        "io_write_bytes": 58732196,
        "io_write_operations": 27534,
        "private_bytes": 9986048,
        "working_set_bytes": 18821120
      },
      "token_bytes": 0,
      "virtual_utc": 1800002120,
      "wal_bytes": 4177712,
      "wall_secs": 289.0299137
    },
    {
      "active_tokens": 0,
      "frame": 291,
      "live_rows": 250,
      "native": {
        "cpu_seconds": 14.921875,
        "handles": 114,
        "io_read_bytes": 1909077712,
        "io_write_bytes": 58806356,
        "io_write_operations": 27570,
        "private_bytes": 9986048,
        "working_set_bytes": 18821120
      },
      "token_bytes": 0,
      "virtual_utc": 1800002121,
      "wal_bytes": 4177712,
      "wall_secs": 290.031066
    },
    {
      "active_tokens": 0,
      "frame": 292,
      "live_rows": 250,
      "native": {
        "cpu_seconds": 14.9375,
        "handles": 114,
        "io_read_bytes": 1913845456,
        "io_write_bytes": 58880516,
        "io_write_operations": 27606,
        "private_bytes": 9986048,
        "working_set_bytes": 19099648
      },
      "token_bytes": 0,
      "virtual_utc": 1800002122,
      "wal_bytes": 4177712,
      "wall_secs": 291.0309988
    },
    {
      "active_tokens": 0,
      "frame": 293,
      "live_rows": 250,
      "native": {
        "cpu_seconds": 14.96875,
        "handles": 114,
        "io_read_bytes": 1918613200,
        "io_write_bytes": 58954676,
        "io_write_operations": 27642,
        "private_bytes": 9986048,
        "working_set_bytes": 19099648
      },
      "token_bytes": 0,
      "virtual_utc": 1800002123,
      "wal_bytes": 4177712,
      "wall_secs": 292.0280408
    },
    {
      "active_tokens": 0,
      "frame": 294,
      "live_rows": 250,
      "native": {
        "cpu_seconds": 15.0,
        "handles": 114,
        "io_read_bytes": 1923380944,
        "io_write_bytes": 59028836,
        "io_write_operations": 27678,
        "private_bytes": 9986048,
        "working_set_bytes": 19103744
      },
      "token_bytes": 0,
      "virtual_utc": 1800002124,
      "wal_bytes": 4177712,
      "wall_secs": 293.028292
    },
    {
      "active_tokens": 0,
      "frame": 295,
      "live_rows": 250,
      "native": {
        "cpu_seconds": 15.03125,
        "handles": 114,
        "io_read_bytes": 1928148688,
        "io_write_bytes": 59102996,
        "io_write_operations": 27714,
        "private_bytes": 9986048,
        "working_set_bytes": 19120128
      },
      "token_bytes": 0,
      "virtual_utc": 1800002125,
      "wal_bytes": 4177712,
      "wall_secs": 294.0289115
    },
    {
      "active_tokens": 0,
      "frame": 296,
      "live_rows": 250,
      "native": {
        "cpu_seconds": 15.046875,
        "handles": 114,
        "io_read_bytes": 1932916432,
        "io_write_bytes": 59177156,
        "io_write_operations": 27750,
        "private_bytes": 9986048,
        "working_set_bytes": 19128320
      },
      "token_bytes": 0,
      "virtual_utc": 1800002126,
      "wal_bytes": 4177712,
      "wall_secs": 295.0307877
    },
    {
      "active_tokens": 0,
      "frame": 297,
      "live_rows": 250,
      "native": {
        "cpu_seconds": 15.0625,
        "handles": 114,
        "io_read_bytes": 1937684176,
        "io_write_bytes": 59251316,
        "io_write_operations": 27786,
        "private_bytes": 9986048,
        "working_set_bytes": 19144704
      },
      "token_bytes": 0,
      "virtual_utc": 1800002127,
      "wal_bytes": 4177712,
      "wall_secs": 296.0315553
    },
    {
      "active_tokens": 0,
      "frame": 298,
      "live_rows": 250,
      "native": {
        "cpu_seconds": 15.09375,
        "handles": 114,
        "io_read_bytes": 1942451920,
        "io_write_bytes": 59325476,
        "io_write_operations": 27822,
        "private_bytes": 9986048,
        "working_set_bytes": 19152896
      },
      "token_bytes": 0,
      "virtual_utc": 1800002128,
      "wal_bytes": 4177712,
      "wall_secs": 297.0288945
    },
    {
      "active_tokens": 0,
      "frame": 299,
      "live_rows": 250,
      "native": {
        "cpu_seconds": 15.109375,
        "handles": 114,
        "io_read_bytes": 1947219664,
        "io_write_bytes": 59399636,
        "io_write_operations": 27858,
        "private_bytes": 9986048,
        "working_set_bytes": 19161088
      },
      "token_bytes": 0,
      "virtual_utc": 1800002129,
      "wal_bytes": 4177712,
      "wall_secs": 298.029987
    },
    {
      "active_tokens": 0,
      "frame": 300,
      "live_rows": 250,
      "native": {
        "cpu_seconds": 15.140625,
        "handles": 114,
        "io_read_bytes": 1951987408,
        "io_write_bytes": 59473796,
        "io_write_operations": 27894,
        "private_bytes": 9986048,
        "working_set_bytes": 19165184
      },
      "token_bytes": 0,
      "virtual_utc": 1800002130,
      "wal_bytes": 4177712,
      "wall_secs": 299.0301069
    }
  ],
  "schedule_lag_frames_max": 0,
  "schema_version": 1,
  "simulated_secs": 300,
  "spool_write_bytes": null,
  "sqlite_application_file_write_bytes": 23531752,
  "sqlite_xwrite": {
    "db_bytes": 1024000,
    "failed_calls": 0,
    "other_sqlite_file_bytes": 0,
    "successful_calls": 11182,
    "wal_bytes": 22507752
  },
  "synchronous": "FULL",
  "tables_and_indexes": {
    "dbstat_available": true,
    "objects": [
      {
        "bytes": 4096,
        "bytes_per_row": null,
        "kind": "table",
        "name": "alert_event",
        "rows": 0,
        "table": "alert_event"
      },
      {
        "bytes": 4096,
        "bytes_per_row": 585.1428571428571,
        "kind": "table",
        "name": "alert_instance",
        "rows": 7,
        "table": "alert_instance"
      },
      {
        "bytes": 4096,
        "bytes_per_row": null,
        "kind": "index",
        "name": "alert_instance_active_uniq",
        "rows": null,
        "table": "alert_instance"
      },
      {
        "bytes": 4096,
        "bytes_per_row": null,
        "kind": "index",
        "name": "alert_instance_identity",
        "rows": null,
        "table": "alert_instance"
      },
      {
        "bytes": 4096,
        "bytes_per_row": 585.1428571428571,
        "kind": "table",
        "name": "alert_rule",
        "rows": 7,
        "table": "alert_rule"
      },
      {
        "bytes": 4096,
        "bytes_per_row": null,
        "kind": "table",
        "name": "backup_manifest",
        "rows": 0,
        "table": "backup_manifest"
      },
      {
        "bytes": 4096,
        "bytes_per_row": 4096.0,
        "kind": "table",
        "name": "bundle_epoch",
        "rows": 1,
        "table": "bundle_epoch"
      },
      {
        "bytes": 32768,
        "bytes_per_row": 98.99697885196375,
        "kind": "table",
        "name": "committed_bundle",
        "rows": 331,
        "table": "committed_bundle"
      },
      {
        "bytes": 16384,
        "bytes_per_row": 32.768,
        "kind": "table",
        "name": "connection_chain",
        "rows": 500,
        "table": "connection_chain"
      },
      {
        "bytes": 36864,
        "bytes_per_row": 24.576,
        "kind": "table",
        "name": "connection_minute",
        "rows": 1500,
        "table": "connection_minute"
      },
      {
        "bytes": 16384,
        "bytes_per_row": 65.536,
        "kind": "table",
        "name": "connection_session",
        "rows": 250,
        "table": "connection_session"
      },
      {
        "bytes": 16384,
        "bytes_per_row": 65.536,
        "kind": "table",
        "name": "connection_session_attr",
        "rows": 250,
        "table": "connection_session_attr"
      },
      {
        "bytes": 12288,
        "bytes_per_row": null,
        "kind": "index",
        "name": "connection_session_identity",
        "rows": null,
        "table": "connection_session"
      },
      {
        "bytes": 4096,
        "bytes_per_row": 4096.0,
        "kind": "table",
        "name": "controller_epoch",
        "rows": 1,
        "table": "controller_epoch"
      },
      {
        "bytes": 4096,
        "bytes_per_row": null,
        "kind": "table",
        "name": "coverage_daily",
        "rows": 0,
        "table": "coverage_daily"
      },
      {
        "bytes": 4096,
        "bytes_per_row": null,
        "kind": "table",
        "name": "coverage_interval",
        "rows": 0,
        "table": "coverage_interval"
      },
      {
        "bytes": 4096,
        "bytes_per_row": 4096.0,
        "kind": "table",
        "name": "data_version",
        "rows": 1,
        "table": "data_version"
      },
      {
        "bytes": 4096,
        "bytes_per_row": 39.00952380952381,
        "kind": "table",
        "name": "dimension_dict",
        "rows": 105,
        "table": "dimension_dict"
      },
      {
        "bytes": 4096,
        "bytes_per_row": null,
        "kind": "index",
        "name": "dimension_dict_value",
        "rows": null,
        "table": "dimension_dict"
      },
      {
        "bytes": 4096,
        "bytes_per_row": null,
        "kind": "index",
        "name": "idx_alert_event_retention",
        "rows": null,
        "table": "alert_event"
      },
      {
        "bytes": 4096,
        "bytes_per_row": null,
        "kind": "index",
        "name": "idx_alert_instance_center",
        "rows": null,
        "table": "alert_instance"
      },
      {
        "bytes": 28672,
        "bytes_per_row": null,
        "kind": "index",
        "name": "idx_connection_minute_utc",
        "rows": null,
        "table": "connection_minute"
      },
      {
        "bytes": 4096,
        "bytes_per_row": null,
        "kind": "index",
        "name": "idx_connection_session_started",
        "rows": null,
        "table": "connection_session"
      },
      {
        "bytes": 4096,
        "bytes_per_row": null,
        "kind": "index",
        "name": "idx_daily_core_day",
        "rows": null,
        "table": "traffic_daily_core"
      },
      {
        "bytes": 4096,
        "bytes_per_row": null,
        "kind": "index",
        "name": "idx_daily_dim_lookup",
        "rows": null,
        "table": "traffic_daily_dimension"
      },
      {
        "bytes": 4096,
        "bytes_per_row": null,
        "kind": "index",
        "name": "idx_hourly_dim_lookup",
        "rows": null,
        "table": "traffic_hourly_dimension"
      },
      {
        "bytes": 4096,
        "bytes_per_row": null,
        "kind": "index",
        "name": "idx_outbox_due",
        "rows": null,
        "table": "notification_outbox"
      },
      {
        "bytes": 4096,
        "bytes_per_row": null,
        "kind": "index",
        "name": "idx_outbox_lease",
        "rows": null,
        "table": "notification_outbox"
      },
      {
        "bytes": 28672,
        "bytes_per_row": null,
        "kind": "index",
        "name": "idx_report_archive_kind_start",
        "rows": null,
        "table": "report_archive"
      },
      {
        "bytes": 4096,
        "bytes_per_row": null,
        "kind": "index",
        "name": "idx_session_attr_host",
        "rows": null,
        "table": "connection_session_attr"
      },
      {
        "bytes": 4096,
        "bytes_per_row": null,
        "kind": "table",
        "name": "machine_setting",
        "rows": 0,
        "table": "machine_setting"
      },
      {
        "bytes": 4096,
        "bytes_per_row": null,
        "kind": "table",
        "name": "notification_outbox",
        "rows": 0,
        "table": "notification_outbox"
      },
      {
        "bytes": 2297856,
        "bytes_per_row": 2059.010752688172,
        "kind": "table",
        "name": "report_archive",
        "rows": 1116,
        "table": "report_archive"
      },
      {
        "bytes": 176128,
        "bytes_per_row": null,
        "kind": "index",
        "name": "report_archive_period_uniq",
        "rows": null,
        "table": "report_archive"
      },
      {
        "bytes": 4096,
        "bytes_per_row": null,
        "kind": "table",
        "name": "report_snapshot_meta",
        "rows": 0,
        "table": "report_snapshot_meta"
      },
      {
        "bytes": 4096,
        "bytes_per_row": null,
        "kind": "table",
        "name": "retention_state",
        "rows": 0,
        "table": "retention_state"
      },
      {
        "bytes": 4096,
        "bytes_per_row": 1024.0,
        "kind": "table",
        "name": "retention_watermark",
        "rows": 4,
        "table": "retention_watermark"
      },
      {
        "bytes": 4096,
        "bytes_per_row": 1024.0,
        "kind": "table",
        "name": "schema_migration",
        "rows": 4,
        "table": "schema_migration"
      },
      {
        "bytes": 4096,
        "bytes_per_row": null,
        "kind": "index",
        "name": "sqlite_autoindex_alert_event_1",
        "rows": null,
        "table": "alert_event"
      },
      {
        "bytes": 4096,
        "bytes_per_row": null,
        "kind": "index",
        "name": "sqlite_autoindex_alert_event_2",
        "rows": null,
        "table": "alert_event"
      },
      {
        "bytes": 4096,
        "bytes_per_row": null,
        "kind": "index",
        "name": "sqlite_autoindex_alert_instance_1",
        "rows": null,
        "table": "alert_instance"
      },
      {
        "bytes": 4096,
        "bytes_per_row": null,
        "kind": "index",
        "name": "sqlite_autoindex_alert_rule_1",
        "rows": null,
        "table": "alert_rule"
      },
      {
        "bytes": 4096,
        "bytes_per_row": null,
        "kind": "index",
        "name": "sqlite_autoindex_committed_bundle_1",
        "rows": null,
        "table": "committed_bundle"
      },
      {
        "bytes": 12288,
        "bytes_per_row": null,
        "kind": "index",
        "name": "sqlite_autoindex_connection_chain_1",
        "rows": null,
        "table": "connection_chain"
      },
      {
        "bytes": 28672,
        "bytes_per_row": null,
        "kind": "index",
        "name": "sqlite_autoindex_connection_minute_1",
        "rows": null,
        "table": "connection_minute"
      },
      {
        "bytes": 4096,
        "bytes_per_row": null,
        "kind": "index",
        "name": "sqlite_autoindex_dimension_dict_1",
        "rows": null,
        "table": "dimension_dict"
      },
      {
        "bytes": 4096,
        "bytes_per_row": null,
        "kind": "index",
        "name": "sqlite_autoindex_machine_setting_1",
        "rows": null,
        "table": "machine_setting"
      },
      {
        "bytes": 4096,
        "bytes_per_row": null,
        "kind": "index",
        "name": "sqlite_autoindex_notification_outbox_1",
        "rows": null,
        "table": "notification_outbox"
      },
      {
        "bytes": 4096,
        "bytes_per_row": null,
        "kind": "index",
        "name": "sqlite_autoindex_notification_outbox_2",
        "rows": null,
        "table": "notification_outbox"
      },
      {
        "bytes": 53248,
        "bytes_per_row": null,
        "kind": "index",
        "name": "sqlite_autoindex_report_archive_1",
        "rows": null,
        "table": "report_archive"
      },
      {
        "bytes": 4096,
        "bytes_per_row": null,
        "kind": "index",
        "name": "sqlite_autoindex_report_snapshot_meta_1",
        "rows": null,
        "table": "report_snapshot_meta"
      },
      {
        "bytes": 4096,
        "bytes_per_row": null,
        "kind": "index",
        "name": "sqlite_autoindex_retention_state_1",
        "rows": null,
        "table": "retention_state"
      },
      {
        "bytes": 4096,
        "bytes_per_row": null,
        "kind": "index",
        "name": "sqlite_autoindex_retention_watermark_1",
        "rows": null,
        "table": "retention_watermark"
      },
      {
        "bytes": 4096,
        "bytes_per_row": null,
        "kind": "index",
        "name": "sqlite_autoindex_target_item_1",
        "rows": null,
        "table": "target_item"
      },
      {
        "bytes": 4096,
        "bytes_per_row": null,
        "kind": "index",
        "name": "sqlite_autoindex_traffic_daily_core_1",
        "rows": null,
        "table": "traffic_daily_core"
      },
      {
        "bytes": 4096,
        "bytes_per_row": null,
        "kind": "index",
        "name": "sqlite_autoindex_traffic_daily_dimension_1",
        "rows": null,
        "table": "traffic_daily_dimension"
      },
      {
        "bytes": 4096,
        "bytes_per_row": null,
        "kind": "index",
        "name": "sqlite_autoindex_traffic_hourly_dimension_1",
        "rows": null,
        "table": "traffic_hourly_dimension"
      },
      {
        "bytes": 4096,
        "bytes_per_row": 4096.0,
        "kind": "table",
        "name": "target_item",
        "rows": 1,
        "table": "target_item"
      },
      {
        "bytes": 4096,
        "bytes_per_row": 4096.0,
        "kind": "table",
        "name": "target_set",
        "rows": 1,
        "table": "target_set"
      },
      {
        "bytes": 4096,
        "bytes_per_row": null,
        "kind": "table",
        "name": "traffic_daily_core",
        "rows": 0,
        "table": "traffic_daily_core"
      },
      {
        "bytes": 4096,
        "bytes_per_row": null,
        "kind": "table",
        "name": "traffic_daily_dimension",
        "rows": 0,
        "table": "traffic_daily_dimension"
      },
      {
        "bytes": 4096,
        "bytes_per_row": null,
        "kind": "table",
        "name": "traffic_hourly_dimension",
        "rows": 0,
        "table": "traffic_hourly_dimension"
      }
    ]
  },
  "traffic": {
    "conserved": true,
    "expected_added_download": 3516900,
    "expected_added_upload": 1048200,
    "final_download": 3868590,
    "final_upload": 1153020,
    "initial_download": 351690,
    "initial_upload": 104820
  },
  "warmup_wall_secs": 30.0003143,
  "writer_rows_changed": 453000
}
