{
  "all_application_file_write_bytes": null,
  "commits": 300,
  "executable_sha256": "ab26881af77948371d3a6e300682fe6773887fff10b410da795d87c5fbde8076",
  "final_files_and_pages": {
    "active_page_bytes": 2973696,
    "archive_failed": 0,
    "archive_ok": 1116,
    "archive_spool_present_bytes": 0,
    "db_bytes": 2973696,
    "freelist_count": 1,
    "journal_mode": "wal",
    "page_count": 727,
    "page_size": 4096,
    "reusable_page_bytes": 4096,
    "schema_version": 4,
    "shm_bytes": 32768,
    "spool_present_bytes": 0,
    "synchronous": 2,
    "wal_bytes": 4177712
  },
  "fixture_hash": "e4f93c4c583bec372f8e675e66e5004823987f6832bf1387c0a4f54e965004f1",
  "frame_budget_overruns": 0,
  "frames": 300,
  "heap_phases": null,
  "initial_files_and_pages": {
    "active_page_bytes": 2871296,
    "archive_failed": 0,
    "archive_ok": 1116,
    "archive_spool_present_bytes": 0,
    "db_bytes": 2666496,
    "freelist_count": 0,
    "journal_mode": "wal",
    "page_count": 701,
    "page_size": 4096,
    "reusable_page_bytes": 0,
    "schema_version": 4,
    "shm_bytes": 32768,
    "spool_present_bytes": 0,
    "synchronous": 2,
    "wal_bytes": 4161232
  },
  "kind": "isolated-real-facade",
  "latency": {
    "archive_tick": {
      "count": 300,
      "max_ms": 69.527,
      "p50_ms": 12.2529,
      "p95_ms": 13.0416,
      "p99_ms": 16.3236
    },
    "facade_ingest_including_durable_commit": {
      "count": 300,
      "max_ms": 412.6699,
      "p50_ms": 17.993,
      "p95_ms": 20.352,
      "p99_ms": 23.372600000000002
    },
    "live_query": {
      "count": 0,
      "max_ms": 0.0,
      "p50_ms": 0.0,
      "p95_ms": 0.0,
      "p99_ms": 0.0
    },
    "report_first_reader": {
      "count": 0,
      "max_ms": 0.0,
      "p50_ms": 0.0,
      "p95_ms": 0.0,
      "p99_ms": 0.0
    },
    "report_repeated_reader": {
      "count": 0,
      "max_ms": 0.0,
      "p50_ms": 0.0,
      "p95_ms": 0.0,
      "p99_ms": 0.0
    },
    "whole_tick": {
      "count": 300,
      "max_ms": 425.3977,
      "p50_ms": 30.4527,
      "p95_ms": 33.1388,
      "p99_ms": 35.937400000000004
    }
  },
  "limits": [
    "仅当前原生基准进程；没有 HTTP、Tauri 事件或 WebView，窗口为后台模拟状态。",
    "CPU/I/O/内存不含初始化、warmup、结果 JSON 写出及最终统计查询；采样开销包含在测量内。",
    "SQLite xWrite 只统计隔离目录内成功请求字节，不含 mmap/shm、spool、日志、系统缓存与物理设备写放大。",
    "process I/O 为 OS 当前进程计数，不能替代文件归属；spool 瞬时写入需要独立回归或文件跟踪。",
    "report first/repeated 每次均打开新 reader；未驱逐 OS page cache，不能宣称物理冷读。",
    "ingest 延迟包含 accounting、告警与提交；不是单独 SQLite commit 耗时。",
    "串行驱动没有 collector 输入队列；schedule_lag 不是实际队列深度。",
    "归档齐全 fixture 使用空历史的持久化结果；本回放不代替完整30天容量库或安装态 soak。",
    "failed 档案场景由隔离库 BEFORE INSERT 触发器拒绝持久化，非真实磁盘故障。"
  ],
  "local_utc_offset_seconds": -18000,
  "measured_wall_secs": 300.0001682,
  "native_after": {
    "cpu_seconds": 15.265625,
    "handles": 114,
    "io_read_bytes": 1951961104,
    "io_write_bytes": 59473796,
    "io_write_operations": 27894,
    "private_bytes": 9220096,
    "working_set_bytes": 18554880
  },
  "native_before": {
    "cpu_seconds": 8.03125,
    "handles": 114,
    "io_read_bytes": 521154576,
    "io_write_bytes": 35942044,
    "io_write_operations": 16712,
    "private_bytes": 7327744,
    "working_set_bytes": 16326656
  },
  "native_cpu_seconds": 7.234375,
  "native_private_bytes": {
    "max": 9490432.0,
    "p95": 9232384.0,
    "samples": 300
  },
  "native_process_io_read_bytes": 1430806528,
  "native_process_io_write_bytes": 23531752,
  "native_process_io_write_operations": 11182,
  "native_working_set_bytes": {
    "max": 18554880.0,
    "p95": 18362368.0,
    "samples": 300
  },
  "options": {
    "active": 250,
    "archive": "complete",
    "dir": "D:\\Documents\\Code\\Github\\clash-verge-ai-residential\\bench-data\\t05-rebuild-20261004-e14ecd88\\data\\primary\\primary-r1-baseline",
    "duration_secs": 300,
    "hz": 1,
    "metadata_change_percent": 100,
    "period_rule": false,
    "query_every_frames": 0,
    "seed": 20260919,
    "source_revision": "c278bb7b56603001e32e353d2ee589dccef0bfe9",
    "start_utc": 1800001800,
    "virtual_time": false,
    "warmup_secs": 30,
    "workload": "counters"
  },
  "platform": "windows",
  "process_id": 25828,
  "samples": [
    {
      "active_tokens": 0,
      "frame": 1,
      "live_rows": 250,
      "native": {
        "cpu_seconds": 8.0625,
        "handles": 114,
        "io_read_bytes": 525893648,
        "io_write_bytes": 36007964,
        "io_write_operations": 16744,
        "private_bytes": 7118848,
        "working_set_bytes": 15953920
      },
      "token_bytes": 0,
      "virtual_utc": 1800001831,
      "wal_bytes": 4161232,
      "wall_secs": 0.0282507
    },
    {
      "active_tokens": 0,
      "frame": 2,
      "live_rows": 250,
      "native": {
        "cpu_seconds": 8.078125,
        "handles": 114,
        "io_read_bytes": 530645008,
        "io_write_bytes": 36073884,
        "io_write_operations": 16776,
        "private_bytes": 7323648,
        "working_set_bytes": 16183296
      },
      "token_bytes": 0,
      "virtual_utc": 1800001832,
      "wal_bytes": 4161232,
      "wall_secs": 1.0323895
    },
    {
      "active_tokens": 0,
      "frame": 3,
      "live_rows": 250,
      "native": {
        "cpu_seconds": 8.125,
        "handles": 114,
        "io_read_bytes": 535396368,
        "io_write_bytes": 36148044,
        "io_write_operations": 16812,
        "private_bytes": 7331840,
        "working_set_bytes": 15769600
      },
      "token_bytes": 0,
      "virtual_utc": 1800001833,
      "wal_bytes": 4161232,
      "wall_secs": 2.0223778
    },
    {
      "active_tokens": 0,
      "frame": 4,
      "live_rows": 250,
      "native": {
        "cpu_seconds": 8.171875,
        "handles": 114,
        "io_read_bytes": 540540944,
        "io_write_bytes": 36611324,
        "io_write_operations": 16943,
        "private_bytes": 7593984,
        "working_set_bytes": 16461824
      },
      "token_bytes": 0,
      "virtual_utc": 1800001834,
      "wal_bytes": 4177712,
      "wall_secs": 3.0330022
    },
    {
      "active_tokens": 0,
      "frame": 5,
      "live_rows": 250,
      "native": {
        "cpu_seconds": 8.1875,
        "handles": 114,
        "io_read_bytes": 545296400,
        "io_write_bytes": 36685516,
        "io_write_operations": 16980,
        "private_bytes": 6565888,
        "working_set_bytes": 15650816
      },
      "token_bytes": 0,
      "virtual_utc": 1800001835,
      "wal_bytes": 4177712,
      "wall_secs": 4.0334515
    },
    {
      "active_tokens": 0,
      "frame": 6,
      "live_rows": 250,
      "native": {
        "cpu_seconds": 8.234375,
        "handles": 114,
        "io_read_bytes": 550051856,
        "io_write_bytes": 36759676,
        "io_write_operations": 17016,
        "private_bytes": 7593984,
        "working_set_bytes": 16089088
      },
      "token_bytes": 0,
      "virtual_utc": 1800001836,
      "wal_bytes": 4177712,
      "wall_secs": 5.0299478
    },
    {
      "active_tokens": 0,
      "frame": 7,
      "live_rows": 250,
      "native": {
        "cpu_seconds": 8.265625,
        "handles": 114,
        "io_read_bytes": 554807312,
        "io_write_bytes": 36833836,
        "io_write_operations": 17052,
        "private_bytes": 6565888,
        "working_set_bytes": 15511552
      },
      "token_bytes": 0,
      "virtual_utc": 1800001837,
      "wal_bytes": 4177712,
      "wall_secs": 6.0297716
    },
    {
      "active_tokens": 0,
      "frame": 8,
      "live_rows": 250,
      "native": {
        "cpu_seconds": 8.296875,
        "handles": 114,
        "io_read_bytes": 559562768,
        "io_write_bytes": 36907996,
        "io_write_operations": 17088,
        "private_bytes": 7577600,
        "working_set_bytes": 16420864
      },
      "token_bytes": 0,
      "virtual_utc": 1800001838,
      "wal_bytes": 4177712,
      "wall_secs": 7.0307021
    },
    {
      "active_tokens": 0,
      "frame": 9,
      "live_rows": 250,
      "native": {
        "cpu_seconds": 8.328125,
        "handles": 114,
        "io_read_bytes": 564318224,
        "io_write_bytes": 36982156,
        "io_write_operations": 17124,
        "private_bytes": 6496256,
        "working_set_bytes": 15806464
      },
      "token_bytes": 0,
      "virtual_utc": 1800001839,
      "wal_bytes": 4177712,
      "wall_secs": 8.0296699
    },
    {
      "active_tokens": 0,
      "frame": 10,
      "live_rows": 250,
      "native": {
        "cpu_seconds": 8.359375,
        "handles": 114,
        "io_read_bytes": 569073680,
        "io_write_bytes": 37056316,
        "io_write_operations": 17160,
        "private_bytes": 7593984,
        "working_set_bytes": 16252928
      },
      "token_bytes": 0,
      "virtual_utc": 1800001840,
      "wal_bytes": 4177712,
      "wall_secs": 9.030288
    },
    {
      "active_tokens": 0,
      "frame": 11,
      "live_rows": 250,
      "native": {
        "cpu_seconds": 8.390625,
        "handles": 114,
        "io_read_bytes": 573829136,
        "io_write_bytes": 37130476,
        "io_write_operations": 17196,
        "private_bytes": 6602752,
        "working_set_bytes": 15540224
      },
      "token_bytes": 0,
      "virtual_utc": 1800001841,
      "wal_bytes": 4177712,
      "wall_secs": 10.0285064
    },
    {
      "active_tokens": 0,
      "frame": 12,
      "live_rows": 250,
      "native": {
        "cpu_seconds": 8.40625,
        "handles": 114,
        "io_read_bytes": 578584592,
        "io_write_bytes": 37204636,
        "io_write_operations": 17232,
        "private_bytes": 7577600,
        "working_set_bytes": 16285696
      },
      "token_bytes": 0,
      "virtual_utc": 1800001842,
      "wal_bytes": 4177712,
      "wall_secs": 11.0318066
    },
    {
      "active_tokens": 0,
      "frame": 13,
      "live_rows": 250,
      "native": {
        "cpu_seconds": 8.453125,
        "handles": 114,
        "io_read_bytes": 583340048,
        "io_write_bytes": 37278796,
        "io_write_operations": 17268,
        "private_bytes": 6926336,
        "working_set_bytes": 16039936
      },
      "token_bytes": 0,
      "virtual_utc": 1800001843,
      "wal_bytes": 4177712,
      "wall_secs": 12.0335014
    },
    {
      "active_tokens": 0,
      "frame": 14,
      "live_rows": 250,
      "native": {
        "cpu_seconds": 8.46875,
        "handles": 114,
        "io_read_bytes": 588095504,
        "io_write_bytes": 37352956,
        "io_write_operations": 17304,
        "private_bytes": 7593984,
        "working_set_bytes": 16465920
      },
      "token_bytes": 0,
      "virtual_utc": 1800001844,
      "wal_bytes": 4177712,
      "wall_secs": 13.0329164
    },
    {
      "active_tokens": 0,
      "frame": 15,
      "live_rows": 250,
      "native": {
        "cpu_seconds": 8.515625,
        "handles": 114,
        "io_read_bytes": 592850960,
        "io_write_bytes": 37427116,
        "io_write_operations": 17340,
        "private_bytes": 6627328,
        "working_set_bytes": 15679488
      },
      "token_bytes": 0,
      "virtual_utc": 1800001845,
      "wal_bytes": 4177712,
      "wall_secs": 14.0335486
    },
    {
      "active_tokens": 0,
      "frame": 16,
      "live_rows": 250,
      "native": {
        "cpu_seconds": 8.53125,
        "handles": 114,
        "io_read_bytes": 597606416,
        "io_write_bytes": 37501276,
        "io_write_operations": 17376,
        "private_bytes": 7589888,
        "working_set_bytes": 16130048
      },
      "token_bytes": 0,
      "virtual_utc": 1800001846,
      "wal_bytes": 4177712,
      "wall_secs": 15.0311367
    },
    {
      "active_tokens": 0,
      "frame": 17,
      "live_rows": 250,
      "native": {
        "cpu_seconds": 8.5625,
        "handles": 114,
        "io_read_bytes": 602361872,
        "io_write_bytes": 37575436,
        "io_write_operations": 17412,
        "private_bytes": 6254592,
        "working_set_bytes": 15568896
      },
      "token_bytes": 0,
      "virtual_utc": 1800001847,
      "wal_bytes": 4177712,
      "wall_secs": 16.0294462
    },
    {
      "active_tokens": 0,
      "frame": 18,
      "live_rows": 250,
      "native": {
        "cpu_seconds": 8.640625,
        "handles": 114,
        "io_read_bytes": 607117328,
        "io_write_bytes": 37649596,
        "io_write_operations": 17448,
        "private_bytes": 7593984,
        "working_set_bytes": 16375808
      },
      "token_bytes": 0,
      "virtual_utc": 1800001848,
      "wal_bytes": 4177712,
      "wall_secs": 17.090531
    },
    {
      "active_tokens": 0,
      "frame": 19,
      "live_rows": 250,
      "native": {
        "cpu_seconds": 8.671875,
        "handles": 114,
        "io_read_bytes": 611872784,
        "io_write_bytes": 37723756,
        "io_write_operations": 17484,
        "private_bytes": 6459392,
        "working_set_bytes": 15781888
      },
      "token_bytes": 0,
      "virtual_utc": 1800001849,
      "wal_bytes": 4177712,
      "wall_secs": 18.0310351
    },
    {
      "active_tokens": 0,
      "frame": 20,
      "live_rows": 250,
      "native": {
        "cpu_seconds": 8.703125,
        "handles": 114,
        "io_read_bytes": 616628240,
        "io_write_bytes": 37797916,
        "io_write_operations": 17520,
        "private_bytes": 7593984,
        "working_set_bytes": 16310272
      },
      "token_bytes": 0,
      "virtual_utc": 1800001850,
      "wal_bytes": 4177712,
      "wall_secs": 19.0300045
    },
    {
      "active_tokens": 0,
      "frame": 21,
      "live_rows": 250,
      "native": {
        "cpu_seconds": 8.734375,
        "handles": 114,
        "io_read_bytes": 621383696,
        "io_write_bytes": 37872076,
        "io_write_operations": 17556,
        "private_bytes": 6799360,
        "working_set_bytes": 15974400
      },
      "token_bytes": 0,
      "virtual_utc": 1800001851,
      "wal_bytes": 4177712,
      "wall_secs": 20.028913
    },
    {
      "active_tokens": 0,
      "frame": 22,
      "live_rows": 250,
      "native": {
        "cpu_seconds": 8.765625,
        "handles": 114,
        "io_read_bytes": 626139152,
        "io_write_bytes": 37946236,
        "io_write_operations": 17592,
        "private_bytes": 7593984,
        "working_set_bytes": 16564224
      },
      "token_bytes": 0,
      "virtual_utc": 1800001852,
      "wal_bytes": 4177712,
      "wall_secs": 21.0291202
    },
    {
      "active_tokens": 0,
      "frame": 23,
      "live_rows": 250,
      "native": {
        "cpu_seconds": 8.796875,
        "handles": 114,
        "io_read_bytes": 630894608,
        "io_write_bytes": 38028636,
        "io_write_operations": 17632,
        "private_bytes": 6279168,
        "working_set_bytes": 15593472
      },
      "token_bytes": 0,
      "virtual_utc": 1800001853,
      "wal_bytes": 4177712,
      "wall_secs": 22.0295664
    },
    {
      "active_tokens": 0,
      "frame": 24,
      "live_rows": 250,
      "native": {
        "cpu_seconds": 8.828125,
        "handles": 114,
        "io_read_bytes": 635654160,
        "io_write_bytes": 38102796,
        "io_write_operations": 17668,
        "private_bytes": 7593984,
        "working_set_bytes": 16429056
      },
      "token_bytes": 0,
      "virtual_utc": 1800001854,
      "wal_bytes": 4177712,
      "wall_secs": 23.0338428
    },
    {
      "active_tokens": 0,
      "frame": 25,
      "live_rows": 250,
      "native": {
        "cpu_seconds": 8.84375,
        "handles": 114,
        "io_read_bytes": 640413712,
        "io_write_bytes": 38176956,
        "io_write_operations": 17704,
        "private_bytes": 6488064,
        "working_set_bytes": 15810560
      },
      "token_bytes": 0,
      "virtual_utc": 1800001855,
      "wal_bytes": 4177712,
      "wall_secs": 24.0314423
    },
    {
      "active_tokens": 0,
      "frame": 26,
      "live_rows": 250,
      "native": {
        "cpu_seconds": 8.875,
        "handles": 114,
        "io_read_bytes": 645173264,
        "io_write_bytes": 38251116,
        "io_write_operations": 17740,
        "private_bytes": 7593984,
        "working_set_bytes": 16441344
      },
      "token_bytes": 0,
      "virtual_utc": 1800001856,
      "wal_bytes": 4177712,
      "wall_secs": 25.0292576
    },
    {
      "active_tokens": 0,
      "frame": 27,
      "live_rows": 250,
      "native": {
        "cpu_seconds": 8.90625,
        "handles": 114,
        "io_read_bytes": 649932816,
        "io_write_bytes": 38325276,
        "io_write_operations": 17776,
        "private_bytes": 6791168,
        "working_set_bytes": 15990784
      },
      "token_bytes": 0,
      "virtual_utc": 1800001857,
      "wal_bytes": 4177712,
      "wall_secs": 26.0289253
    },
    {
      "active_tokens": 0,
      "frame": 28,
      "live_rows": 250,
      "native": {
        "cpu_seconds": 8.9375,
        "handles": 114,
        "io_read_bytes": 654692368,
        "io_write_bytes": 38399436,
        "io_write_operations": 17812,
        "private_bytes": 7593984,
        "working_set_bytes": 16596992
      },
      "token_bytes": 0,
      "virtual_utc": 1800001858,
      "wal_bytes": 4177712,
      "wall_secs": 27.0335112
    },
    {
      "active_tokens": 0,
      "frame": 29,
      "live_rows": 250,
      "native": {
        "cpu_seconds": 8.96875,
        "handles": 114,
        "io_read_bytes": 659451920,
        "io_write_bytes": 38473596,
        "io_write_operations": 17848,
        "private_bytes": 6291456,
        "working_set_bytes": 15605760
      },
      "token_bytes": 0,
      "virtual_utc": 1800001859,
      "wal_bytes": 4177712,
      "wall_secs": 28.028828
    },
    {
      "active_tokens": 0,
      "frame": 30,
      "live_rows": 250,
      "native": {
        "cpu_seconds": 9.0,
        "handles": 114,
        "io_read_bytes": 664211472,
        "io_write_bytes": 38572476,
        "io_write_operations": 17896,
        "private_bytes": 7593984,
        "working_set_bytes": 16338944
      },
      "token_bytes": 0,
      "virtual_utc": 1800001860,
      "wal_bytes": 4177712,
      "wall_secs": 29.0293469
    },
    {
      "active_tokens": 0,
      "frame": 31,
      "live_rows": 250,
      "native": {
        "cpu_seconds": 9.015625,
        "handles": 114,
        "io_read_bytes": 668971024,
        "io_write_bytes": 38646636,
        "io_write_operations": 17932,
        "private_bytes": 6512640,
        "working_set_bytes": 15831040
      },
      "token_bytes": 0,
      "virtual_utc": 1800001861,
      "wal_bytes": 4177712,
      "wall_secs": 30.031945
    },
    {
      "active_tokens": 0,
      "frame": 32,
      "live_rows": 250,
      "native": {
        "cpu_seconds": 9.046875,
        "handles": 114,
        "io_read_bytes": 673738768,
        "io_write_bytes": 38729036,
        "io_write_operations": 17972,
        "private_bytes": 7065600,
        "working_set_bytes": 16158720
      },
      "token_bytes": 0,
      "virtual_utc": 1800001862,
      "wal_bytes": 4177712,
      "wall_secs": 31.0334488
    },
    {
      "active_tokens": 0,
      "frame": 33,
      "live_rows": 250,
      "native": {
        "cpu_seconds": 9.078125,
        "handles": 114,
        "io_read_bytes": 678502416,
        "io_write_bytes": 38803196,
        "io_write_operations": 18008,
        "private_bytes": 6750208,
        "working_set_bytes": 16023552
      },
      "token_bytes": 0,
      "virtual_utc": 1800001863,
      "wal_bytes": 4177712,
      "wall_secs": 32.0285057
    },
    {
      "active_tokens": 0,
      "frame": 34,
      "live_rows": 250,
      "native": {
        "cpu_seconds": 9.09375,
        "handles": 114,
        "io_read_bytes": 683266064,
        "io_write_bytes": 38877356,
        "io_write_operations": 18044,
        "private_bytes": 7593984,
        "working_set_bytes": 16523264
      },
      "token_bytes": 0,
      "virtual_utc": 1800001864,
      "wal_bytes": 4177712,
      "wall_secs": 33.0328777
    },
    {
      "active_tokens": 0,
      "frame": 35,
      "live_rows": 250,
      "native": {
        "cpu_seconds": 9.140625,
        "handles": 114,
        "io_read_bytes": 688029712,
        "io_write_bytes": 38951516,
        "io_write_operations": 18080,
        "private_bytes": 6344704,
        "working_set_bytes": 15704064
      },
      "token_bytes": 0,
      "virtual_utc": 1800001865,
      "wal_bytes": 4177712,
      "wall_secs": 34.0303296
    },
    {
      "active_tokens": 0,
      "frame": 36,
      "live_rows": 250,
      "native": {
        "cpu_seconds": 9.171875,
        "handles": 114,
        "io_read_bytes": 692793360,
        "io_write_bytes": 39025676,
        "io_write_operations": 18116,
        "private_bytes": 7593984,
        "working_set_bytes": 16433152
      },
      "token_bytes": 0,
      "virtual_utc": 1800001866,
      "wal_bytes": 4177712,
      "wall_secs": 35.030232
    },
    {
      "active_tokens": 0,
      "frame": 37,
      "live_rows": 250,
      "native": {
        "cpu_seconds": 9.203125,
        "handles": 114,
        "io_read_bytes": 697557008,
        "io_write_bytes": 39099836,
        "io_write_operations": 18152,
        "private_bytes": 6946816,
        "working_set_bytes": 16154624
      },
      "token_bytes": 0,
      "virtual_utc": 1800001867,
      "wal_bytes": 4177712,
      "wall_secs": 36.029582
    },
    {
      "active_tokens": 0,
      "frame": 38,
      "live_rows": 250,
      "native": {
        "cpu_seconds": 9.234375,
        "handles": 114,
        "io_read_bytes": 702320656,
        "io_write_bytes": 39173996,
        "io_write_operations": 18188,
        "private_bytes": 7471104,
        "working_set_bytes": 16429056
      },
      "token_bytes": 0,
      "virtual_utc": 1800001868,
      "wal_bytes": 4177712,
      "wall_secs": 37.0289494
    },
    {
      "active_tokens": 0,
      "frame": 39,
      "live_rows": 250,
      "native": {
        "cpu_seconds": 9.25,
        "handles": 114,
        "io_read_bytes": 707084304,
        "io_write_bytes": 39248156,
        "io_write_operations": 18224,
        "private_bytes": 7114752,
        "working_set_bytes": 16429056
      },
      "token_bytes": 0,
      "virtual_utc": 1800001869,
      "wal_bytes": 4177712,
      "wall_secs": 38.0319903
    },
    {
      "active_tokens": 0,
      "frame": 40,
      "live_rows": 250,
      "native": {
        "cpu_seconds": 9.28125,
        "handles": 114,
        "io_read_bytes": 711847952,
        "io_write_bytes": 39322316,
        "io_write_operations": 18260,
        "private_bytes": 7581696,
        "working_set_bytes": 16609280
      },
      "token_bytes": 0,
      "virtual_utc": 1800001870,
      "wal_bytes": 4177712,
      "wall_secs": 39.0294656
    },
    {
      "active_tokens": 0,
      "frame": 41,
      "live_rows": 250,
      "native": {
        "cpu_seconds": 9.296875,
        "handles": 114,
        "io_read_bytes": 716611600,
        "io_write_bytes": 39396476,
        "io_write_operations": 18296,
        "private_bytes": 6922240,
        "working_set_bytes": 16265216
      },
      "token_bytes": 0,
      "virtual_utc": 1800001871,
      "wal_bytes": 4177712,
      "wall_secs": 40.03261
    },
    {
      "active_tokens": 0,
      "frame": 42,
      "live_rows": 250,
      "native": {
        "cpu_seconds": 9.3125,
        "handles": 114,
        "io_read_bytes": 721375248,
        "io_write_bytes": 39470636,
        "io_write_operations": 18332,
        "private_bytes": 7860224,
        "working_set_bytes": 16785408
      },
      "token_bytes": 0,
      "virtual_utc": 1800001872,
      "wal_bytes": 4177712,
      "wall_secs": 41.0336537
    },
    {
      "active_tokens": 0,
      "frame": 43,
      "live_rows": 250,
      "native": {
        "cpu_seconds": 9.34375,
        "handles": 114,
        "io_read_bytes": 726138896,
        "io_write_bytes": 39544796,
        "io_write_operations": 18368,
        "private_bytes": 6434816,
        "working_set_bytes": 15814656
      },
      "token_bytes": 0,
      "virtual_utc": 1800001873,
      "wal_bytes": 4177712,
      "wall_secs": 42.0307823
    },
    {
      "active_tokens": 0,
      "frame": 44,
      "live_rows": 250,
      "native": {
        "cpu_seconds": 9.359375,
        "handles": 114,
        "io_read_bytes": 730902544,
        "io_write_bytes": 39618956,
        "io_write_operations": 18404,
        "private_bytes": 7860224,
        "working_set_bytes": 16633856
      },
      "token_bytes": 0,
      "virtual_utc": 1800001874,
      "wal_bytes": 4177712,
      "wall_secs": 43.0309487
    },
    {
      "active_tokens": 0,
      "frame": 45,
      "live_rows": 250,
      "native": {
        "cpu_seconds": 9.359375,
        "handles": 114,
        "io_read_bytes": 735666192,
        "io_write_bytes": 39693116,
        "io_write_operations": 18440,
        "private_bytes": 6852608,
        "working_set_bytes": 16224256
      },
      "token_bytes": 0,
      "virtual_utc": 1800001875,
      "wal_bytes": 4177712,
      "wall_secs": 44.0313985
    },
    {
      "active_tokens": 0,
      "frame": 46,
      "live_rows": 250,
      "native": {
        "cpu_seconds": 9.375,
        "handles": 114,
        "io_read_bytes": 740429840,
        "io_write_bytes": 39767276,
        "io_write_operations": 18476,
        "private_bytes": 7860224,
        "working_set_bytes": 16523264
      },
      "token_bytes": 0,
      "virtual_utc": 1800001876,
      "wal_bytes": 4177712,
      "wall_secs": 45.0314011
    },
    {
      "active_tokens": 0,
      "frame": 47,
      "live_rows": 250,
      "native": {
        "cpu_seconds": 9.40625,
        "handles": 114,
        "io_read_bytes": 745193488,
        "io_write_bytes": 39841436,
        "io_write_operations": 18512,
        "private_bytes": 7028736,
        "working_set_bytes": 16347136
      },
      "token_bytes": 0,
      "virtual_utc": 1800001877,
      "wal_bytes": 4177712,
      "wall_secs": 46.0279601
    },
    {
      "active_tokens": 0,
      "frame": 48,
      "live_rows": 250,
      "native": {
        "cpu_seconds": 9.4375,
        "handles": 114,
        "io_read_bytes": 749957136,
        "io_write_bytes": 39915596,
        "io_write_operations": 18548,
        "private_bytes": 7860224,
        "working_set_bytes": 16781312
      },
      "token_bytes": 0,
      "virtual_utc": 1800001878,
      "wal_bytes": 4177712,
      "wall_secs": 47.0290639
    },
    {
      "active_tokens": 0,
      "frame": 49,
      "live_rows": 250,
      "native": {
        "cpu_seconds": 9.46875,
        "handles": 114,
        "io_read_bytes": 754720784,
        "io_write_bytes": 39989756,
        "io_write_operations": 18584,
        "private_bytes": 6537216,
        "working_set_bytes": 15917056
      },
      "token_bytes": 0,
      "virtual_utc": 1800001879,
      "wal_bytes": 4177712,
      "wall_secs": 48.0288529
    },
    {
      "active_tokens": 0,
      "frame": 50,
      "live_rows": 250,
      "native": {
        "cpu_seconds": 9.5,
        "handles": 114,
        "io_read_bytes": 759484432,
        "io_write_bytes": 40063916,
        "io_write_operations": 18620,
        "private_bytes": 7860224,
        "working_set_bytes": 16617472
      },
      "token_bytes": 0,
      "virtual_utc": 1800001880,
      "wal_bytes": 4177712,
      "wall_secs": 49.0290054
    },
    {
      "active_tokens": 0,
      "frame": 51,
      "live_rows": 250,
      "native": {
        "cpu_seconds": 9.53125,
        "handles": 114,
        "io_read_bytes": 764248080,
        "io_write_bytes": 40138076,
        "io_write_operations": 18656,
        "private_bytes": 7143424,
        "working_set_bytes": 16445440
      },
      "token_bytes": 0,
      "virtual_utc": 1800001881,
      "wal_bytes": 4177712,
      "wall_secs": 50.0296485
    },
    {
      "active_tokens": 0,
      "frame": 52,
      "live_rows": 250,
      "native": {
        "cpu_seconds": 9.546875,
        "handles": 114,
        "io_read_bytes": 769011728,
        "io_write_bytes": 40212236,
        "io_write_operations": 18692,
        "private_bytes": 7860224,
        "working_set_bytes": 16842752
      },
      "token_bytes": 0,
      "virtual_utc": 1800001882,
      "wal_bytes": 4177712,
      "wall_secs": 51.0313569
    },
    {
      "active_tokens": 0,
      "frame": 53,
      "live_rows": 250,
      "native": {
        "cpu_seconds": 9.5625,
        "handles": 114,
        "io_read_bytes": 773775376,
        "io_write_bytes": 40286396,
        "io_write_operations": 18728,
        "private_bytes": 6938624,
        "working_set_bytes": 16314368
      },
      "token_bytes": 0,
      "virtual_utc": 1800001883,
      "wal_bytes": 4177712,
      "wall_secs": 52.0309056
    },
    {
      "active_tokens": 0,
      "frame": 54,
      "live_rows": 250,
      "native": {
        "cpu_seconds": 9.609375,
        "handles": 114,
        "io_read_bytes": 778539024,
        "io_write_bytes": 40360556,
        "io_write_operations": 18764,
        "private_bytes": 7860224,
        "working_set_bytes": 16650240
      },
      "token_bytes": 0,
      "virtual_utc": 1800001884,
      "wal_bytes": 4177712,
      "wall_secs": 53.0350178
    },
    {
      "active_tokens": 0,
      "frame": 55,
      "live_rows": 250,
      "native": {
        "cpu_seconds": 9.640625,
        "handles": 114,
        "io_read_bytes": 783302672,
        "io_write_bytes": 40434716,
        "io_write_operations": 18800,
        "private_bytes": 6545408,
        "working_set_bytes": 15925248
      },
      "token_bytes": 0,
      "virtual_utc": 1800001885,
      "wal_bytes": 4177712,
      "wall_secs": 54.0320338
    },
    {
      "active_tokens": 0,
      "frame": 56,
      "live_rows": 250,
      "native": {
        "cpu_seconds": 9.671875,
        "handles": 114,
        "io_read_bytes": 788066320,
        "io_write_bytes": 40508876,
        "io_write_operations": 18836,
        "private_bytes": 7852032,
        "working_set_bytes": 16510976
      },
      "token_bytes": 0,
      "virtual_utc": 1800001886,
      "wal_bytes": 4177712,
      "wall_secs": 55.0280562
    },
    {
      "active_tokens": 0,
      "frame": 57,
      "live_rows": 250,
      "native": {
        "cpu_seconds": 9.671875,
        "handles": 114,
        "io_read_bytes": 792829968,
        "io_write_bytes": 40583036,
        "io_write_operations": 18872,
        "private_bytes": 7081984,
        "working_set_bytes": 16437248
      },
      "token_bytes": 0,
      "virtual_utc": 1800001887,
      "wal_bytes": 4177712,
      "wall_secs": 56.0330354
    },
    {
      "active_tokens": 0,
      "frame": 58,
      "live_rows": 250,
      "native": {
        "cpu_seconds": 9.703125,
        "handles": 114,
        "io_read_bytes": 797593616,
        "io_write_bytes": 40657196,
        "io_write_operations": 18908,
        "private_bytes": 7860224,
        "working_set_bytes": 16834560
      },
      "token_bytes": 0,
      "virtual_utc": 1800001888,
      "wal_bytes": 4177712,
      "wall_secs": 57.0316396
    },
    {
      "active_tokens": 0,
      "frame": 59,
      "live_rows": 250,
      "native": {
        "cpu_seconds": 9.734375,
        "handles": 114,
        "io_read_bytes": 802471952,
        "io_write_bytes": 40846044,
        "io_write_operations": 18972,
        "private_bytes": 7008256,
        "working_set_bytes": 16326656
      },
      "token_bytes": 0,
      "virtual_utc": 1800001889,
      "wal_bytes": 4177712,
      "wall_secs": 58.035848
    },
    {
      "active_tokens": 0,
      "frame": 60,
      "live_rows": 250,
      "native": {
        "cpu_seconds": 9.75,
        "handles": 114,
        "io_read_bytes": 807235600,
        "io_write_bytes": 40920236,
        "io_write_operations": 19009,
        "private_bytes": 7860224,
        "working_set_bytes": 16846848
      },
      "token_bytes": 0,
      "virtual_utc": 1800001890,
      "wal_bytes": 4177712,
      "wall_secs": 59.0311503
    },
    {
      "active_tokens": 0,
      "frame": 61,
      "live_rows": 250,
      "native": {
        "cpu_seconds": 9.765625,
        "handles": 114,
        "io_read_bytes": 811999248,
        "io_write_bytes": 40994396,
        "io_write_operations": 19045,
        "private_bytes": 6467584,
        "working_set_bytes": 15847424
      },
      "token_bytes": 0,
      "virtual_utc": 1800001891,
      "wal_bytes": 4177712,
      "wall_secs": 60.0315484
    },
    {
      "active_tokens": 0,
      "frame": 62,
      "live_rows": 250,
      "native": {
        "cpu_seconds": 9.796875,
        "handles": 114,
        "io_read_bytes": 816762896,
        "io_write_bytes": 41068556,
        "io_write_operations": 19081,
        "private_bytes": 7860224,
        "working_set_bytes": 16613376
      },
      "token_bytes": 0,
      "virtual_utc": 1800001892,
      "wal_bytes": 4177712,
      "wall_secs": 61.0283042
    },
    {
      "active_tokens": 0,
      "frame": 63,
      "live_rows": 250,
      "native": {
        "cpu_seconds": 9.828125,
        "handles": 114,
        "io_read_bytes": 821526544,
        "io_write_bytes": 41142716,
        "io_write_operations": 19117,
        "private_bytes": 7733248,
        "working_set_bytes": 16441344
      },
      "token_bytes": 0,
      "virtual_utc": 1800001893,
      "wal_bytes": 4177712,
      "wall_secs": 62.029189
    },
    {
      "active_tokens": 0,
      "frame": 64,
      "live_rows": 250,
      "native": {
        "cpu_seconds": 9.859375,
        "handles": 114,
        "io_read_bytes": 826290192,
        "io_write_bytes": 41216876,
        "io_write_operations": 19153,
        "private_bytes": 7860224,
        "working_set_bytes": 16752640
      },
      "token_bytes": 0,
      "virtual_utc": 1800001894,
      "wal_bytes": 4177712,
      "wall_secs": 63.0297747
    },
    {
      "active_tokens": 0,
      "frame": 65,
      "live_rows": 250,
      "native": {
        "cpu_seconds": 9.890625,
        "handles": 114,
        "io_read_bytes": 831053840,
        "io_write_bytes": 41291036,
        "io_write_operations": 19189,
        "private_bytes": 6713344,
        "working_set_bytes": 16068608
      },
      "token_bytes": 0,
      "virtual_utc": 1800001895,
      "wal_bytes": 4177712,
      "wall_secs": 64.0293401
    },
    {
      "active_tokens": 0,
      "frame": 66,
      "live_rows": 250,
      "native": {
        "cpu_seconds": 9.921875,
        "handles": 114,
        "io_read_bytes": 835817488,
        "io_write_bytes": 41365196,
        "io_write_operations": 19225,
        "private_bytes": 7860224,
        "working_set_bytes": 16826368
      },
      "token_bytes": 0,
      "virtual_utc": 1800001896,
      "wal_bytes": 4177712,
      "wall_secs": 65.0294616
    },
    {
      "active_tokens": 0,
      "frame": 67,
      "live_rows": 250,
      "native": {
        "cpu_seconds": 9.953125,
        "handles": 114,
        "io_read_bytes": 840581136,
        "io_write_bytes": 41439356,
        "io_write_operations": 19261,
        "private_bytes": 6512640,
        "working_set_bytes": 15892480
      },
      "token_bytes": 0,
      "virtual_utc": 1800001897,
      "wal_bytes": 4177712,
      "wall_secs": 66.0298096
    },
    {
      "active_tokens": 0,
      "frame": 68,
      "live_rows": 250,
      "native": {
        "cpu_seconds": 9.984375,
        "handles": 114,
        "io_read_bytes": 845344784,
        "io_write_bytes": 41513516,
        "io_write_operations": 19297,
        "private_bytes": 7860224,
        "working_set_bytes": 16625664
      },
      "token_bytes": 0,
      "virtual_utc": 1800001898,
      "wal_bytes": 4177712,
      "wall_secs": 67.0290099
    },
    {
      "active_tokens": 0,
      "frame": 69,
      "live_rows": 250,
      "native": {
        "cpu_seconds": 10.015625,
        "handles": 114,
        "io_read_bytes": 850108432,
        "io_write_bytes": 41587676,
        "io_write_operations": 19333,
        "private_bytes": 6905856,
        "working_set_bytes": 16273408
      },
      "token_bytes": 0,
      "virtual_utc": 1800001899,
      "wal_bytes": 4177712,
      "wall_secs": 68.0293679
    },
    {
      "active_tokens": 0,
      "frame": 70,
      "live_rows": 250,
      "native": {
        "cpu_seconds": 10.03125,
        "handles": 114,
        "io_read_bytes": 854872080,
        "io_write_bytes": 41661836,
        "io_write_operations": 19369,
        "private_bytes": 7860224,
        "working_set_bytes": 16834560
      },
      "token_bytes": 0,
      "virtual_utc": 1800001900,
      "wal_bytes": 4177712,
      "wall_secs": 69.0326637
    },
    {
      "active_tokens": 0,
      "frame": 71,
      "live_rows": 250,
      "native": {
        "cpu_seconds": 10.0625,
        "handles": 114,
        "io_read_bytes": 859635728,
        "io_write_bytes": 41735996,
        "io_write_operations": 19405,
        "private_bytes": 7065600,
        "working_set_bytes": 16351232
      },
      "token_bytes": 0,
      "virtual_utc": 1800001901,
      "wal_bytes": 4177712,
      "wall_secs": 70.0323714
    },
    {
      "active_tokens": 0,
      "frame": 72,
      "live_rows": 250,
      "native": {
        "cpu_seconds": 10.09375,
        "handles": 114,
        "io_read_bytes": 864399376,
        "io_write_bytes": 41810156,
        "io_write_operations": 19441,
        "private_bytes": 7860224,
        "working_set_bytes": 16769024
      },
      "token_bytes": 0,
      "virtual_utc": 1800001902,
      "wal_bytes": 4177712,
      "wall_secs": 71.0311318
    },
    {
      "active_tokens": 0,
      "frame": 73,
      "live_rows": 250,
      "native": {
        "cpu_seconds": 10.109375,
        "handles": 114,
        "io_read_bytes": 869163024,
        "io_write_bytes": 41884316,
        "io_write_operations": 19477,
        "private_bytes": 6709248,
        "working_set_bytes": 15962112
      },
      "token_bytes": 0,
      "virtual_utc": 1800001903,
      "wal_bytes": 4177712,
      "wall_secs": 72.0323133
    },
    {
      "active_tokens": 0,
      "frame": 74,
      "live_rows": 250,
      "native": {
        "cpu_seconds": 10.125,
        "handles": 114,
        "io_read_bytes": 873926672,
        "io_write_bytes": 41958476,
        "io_write_operations": 19513,
        "private_bytes": 7860224,
        "working_set_bytes": 16846848
      },
      "token_bytes": 0,
      "virtual_utc": 1800001904,
      "wal_bytes": 4177712,
      "wall_secs": 73.0310667
    },
    {
      "active_tokens": 0,
      "frame": 75,
      "live_rows": 250,
      "native": {
        "cpu_seconds": 10.15625,
        "handles": 114,
        "io_read_bytes": 878690320,
        "io_write_bytes": 42032636,
        "io_write_operations": 19549,
        "private_bytes": 6934528,
        "working_set_bytes": 16306176
      },
      "token_bytes": 0,
      "virtual_utc": 1800001905,
      "wal_bytes": 4177712,
      "wall_secs": 74.0291541
    },
    {
      "active_tokens": 0,
      "frame": 76,
      "live_rows": 250,
      "native": {
        "cpu_seconds": 10.1875,
        "handles": 114,
        "io_read_bytes": 883453968,
        "io_write_bytes": 42110916,
        "io_write_operations": 19587,
        "private_bytes": 7860224,
        "working_set_bytes": 16830464
      },
      "token_bytes": 0,
      "virtual_utc": 1800001906,
      "wal_bytes": 4177712,
      "wall_secs": 75.0293306
    },
    {
      "active_tokens": 0,
      "frame": 77,
      "live_rows": 250,
      "native": {
        "cpu_seconds": 10.21875,
        "handles": 114,
        "io_read_bytes": 888217616,
        "io_write_bytes": 42185076,
        "io_write_operations": 19623,
        "private_bytes": 7065600,
        "working_set_bytes": 16375808
      },
      "token_bytes": 0,
      "virtual_utc": 1800001907,
      "wal_bytes": 4177712,
      "wall_secs": 76.0327616
    },
    {
      "active_tokens": 0,
      "frame": 78,
      "live_rows": 250,
      "native": {
        "cpu_seconds": 10.265625,
        "handles": 114,
        "io_read_bytes": 892981264,
        "io_write_bytes": 42259236,
        "io_write_operations": 19659,
        "private_bytes": 7860224,
        "working_set_bytes": 16842752
      },
      "token_bytes": 0,
      "virtual_utc": 1800001908,
      "wal_bytes": 4177712,
      "wall_secs": 77.028539
    },
    {
      "active_tokens": 0,
      "frame": 79,
      "live_rows": 250,
      "native": {
        "cpu_seconds": 10.28125,
        "handles": 114,
        "io_read_bytes": 897744912,
        "io_write_bytes": 42333396,
        "io_write_operations": 19695,
        "private_bytes": 6610944,
        "working_set_bytes": 15990784
      },
      "token_bytes": 0,
      "virtual_utc": 1800001909,
      "wal_bytes": 4177712,
      "wall_secs": 78.0311006
    },
    {
      "active_tokens": 0,
      "frame": 80,
      "live_rows": 250,
      "native": {
        "cpu_seconds": 10.296875,
        "handles": 114,
        "io_read_bytes": 902508560,
        "io_write_bytes": 42407556,
        "io_write_operations": 19731,
        "private_bytes": 7860224,
        "working_set_bytes": 16621568
      },
      "token_bytes": 0,
      "virtual_utc": 1800001910,
      "wal_bytes": 4177712,
      "wall_secs": 79.0317562
    },
    {
      "active_tokens": 0,
      "frame": 81,
      "live_rows": 250,
      "native": {
        "cpu_seconds": 10.328125,
        "handles": 114,
        "io_read_bytes": 907272208,
        "io_write_bytes": 42481716,
        "io_write_operations": 19767,
        "private_bytes": 7028736,
        "working_set_bytes": 16265216
      },
      "token_bytes": 0,
      "virtual_utc": 1800001911,
      "wal_bytes": 4177712,
      "wall_secs": 80.0289858
    },
    {
      "active_tokens": 0,
      "frame": 82,
      "live_rows": 250,
      "native": {
        "cpu_seconds": 10.34375,
        "handles": 114,
        "io_read_bytes": 912035856,
        "io_write_bytes": 42555876,
        "io_write_operations": 19803,
        "private_bytes": 7860224,
        "working_set_bytes": 16756736
      },
      "token_bytes": 0,
      "virtual_utc": 1800001912,
      "wal_bytes": 4177712,
      "wall_secs": 81.0305684
    },
    {
      "active_tokens": 0,
      "frame": 83,
      "live_rows": 250,
      "native": {
        "cpu_seconds": 10.359375,
        "handles": 114,
        "io_read_bytes": 916799504,
        "io_write_bytes": 42630036,
        "io_write_operations": 19839,
        "private_bytes": 6938624,
        "working_set_bytes": 16162816
      },
      "token_bytes": 0,
      "virtual_utc": 1800001913,
      "wal_bytes": 4177712,
      "wall_secs": 82.0307346
    },
    {
      "active_tokens": 0,
      "frame": 84,
      "live_rows": 250,
      "native": {
        "cpu_seconds": 10.375,
        "handles": 114,
        "io_read_bytes": 921563152,
        "io_write_bytes": 42704196,
        "io_write_operations": 19875,
        "private_bytes": 7860224,
        "working_set_bytes": 16769024
      },
      "token_bytes": 0,
      "virtual_utc": 1800001914,
      "wal_bytes": 4177712,
      "wall_secs": 83.0307245
    },
    {
      "active_tokens": 0,
      "frame": 85,
      "live_rows": 250,
      "native": {
        "cpu_seconds": 10.40625,
        "handles": 114,
        "io_read_bytes": 926326800,
        "io_write_bytes": 42778356,
        "io_write_operations": 19911,
        "private_bytes": 7008256,
        "working_set_bytes": 16379904
      },
      "token_bytes": 0,
      "virtual_utc": 1800001915,
      "wal_bytes": 4177712,
      "wall_secs": 84.0328289
    },
    {
      "active_tokens": 0,
      "frame": 86,
      "live_rows": 250,
      "native": {
        "cpu_seconds": 10.421875,
        "handles": 114,
        "io_read_bytes": 931090448,
        "io_write_bytes": 42852516,
        "io_write_operations": 19947,
        "private_bytes": 7860224,
        "working_set_bytes": 16740352
      },
      "token_bytes": 0,
      "virtual_utc": 1800001916,
      "wal_bytes": 4177712,
      "wall_secs": 85.0322005
    },
    {
      "active_tokens": 0,
      "frame": 87,
      "live_rows": 250,
      "native": {
        "cpu_seconds": 10.4375,
        "handles": 114,
        "io_read_bytes": 935854096,
        "io_write_bytes": 42926676,
        "io_write_operations": 19983,
        "private_bytes": 7155712,
        "working_set_bytes": 16515072
      },
      "token_bytes": 0,
      "virtual_utc": 1800001917,
      "wal_bytes": 4177712,
      "wall_secs": 86.0313734
    },
    {
      "active_tokens": 0,
      "frame": 88,
      "live_rows": 250,
      "native": {
        "cpu_seconds": 10.46875,
        "handles": 114,
        "io_read_bytes": 940617744,
        "io_write_bytes": 43000836,
        "io_write_operations": 20019,
        "private_bytes": 7860224,
        "working_set_bytes": 16846848
      },
      "token_bytes": 0,
      "virtual_utc": 1800001918,
      "wal_bytes": 4177712,
      "wall_secs": 87.0289164
    },
    {
      "active_tokens": 0,
      "frame": 89,
      "live_rows": 250,
      "native": {
        "cpu_seconds": 10.484375,
        "handles": 114,
        "io_read_bytes": 945381392,
        "io_write_bytes": 43074996,
        "io_write_operations": 20055,
        "private_bytes": 7045120,
        "working_set_bytes": 16392192
      },
      "token_bytes": 0,
      "virtual_utc": 1800001919,
      "wal_bytes": 4177712,
      "wall_secs": 88.0324453
    },
    {
      "active_tokens": 0,
      "frame": 90,
      "live_rows": 250,
      "native": {
        "cpu_seconds": 10.53125,
        "handles": 114,
        "io_read_bytes": 950157328,
        "io_write_bytes": 43182116,
        "io_write_operations": 20107,
        "private_bytes": 7860224,
        "working_set_bytes": 16846848
      },
      "token_bytes": 0,
      "virtual_utc": 1800001920,
      "wal_bytes": 4177712,
      "wall_secs": 89.029261
    },
    {
      "active_tokens": 0,
      "frame": 91,
      "live_rows": 250,
      "native": {
        "cpu_seconds": 10.546875,
        "handles": 114,
        "io_read_bytes": 954920976,
        "io_write_bytes": 43256276,
        "io_write_operations": 20143,
        "private_bytes": 7581696,
        "working_set_bytes": 16408576
      },
      "token_bytes": 0,
      "virtual_utc": 1800001921,
      "wal_bytes": 4177712,
      "wall_secs": 90.0307383
    },
    {
      "active_tokens": 0,
      "frame": 92,
      "live_rows": 250,
      "native": {
        "cpu_seconds": 10.5625,
        "handles": 114,
        "io_read_bytes": 959692816,
        "io_write_bytes": 43338676,
        "io_write_operations": 20183,
        "private_bytes": 7860224,
        "working_set_bytes": 16875520
      },
      "token_bytes": 0,
      "virtual_utc": 1800001922,
      "wal_bytes": 4177712,
      "wall_secs": 91.0303325
    },
    {
      "active_tokens": 0,
      "frame": 93,
      "live_rows": 250,
      "native": {
        "cpu_seconds": 10.578125,
        "handles": 114,
        "io_read_bytes": 964460560,
        "io_write_bytes": 43412836,
        "io_write_operations": 20219,
        "private_bytes": 6963200,
        "working_set_bytes": 16314368
      },
      "token_bytes": 0,
      "virtual_utc": 1800001923,
      "wal_bytes": 4177712,
      "wall_secs": 92.0302546
    },
    {
      "active_tokens": 0,
      "frame": 94,
      "live_rows": 250,
      "native": {
        "cpu_seconds": 10.609375,
        "handles": 114,
        "io_read_bytes": 969228304,
        "io_write_bytes": 43486996,
        "io_write_operations": 20255,
        "private_bytes": 7843840,
        "working_set_bytes": 16830464
      },
      "token_bytes": 0,
      "virtual_utc": 1800001924,
      "wal_bytes": 4177712,
      "wall_secs": 93.0289018
    },
    {
      "active_tokens": 0,
      "frame": 95,
      "live_rows": 250,
      "native": {
        "cpu_seconds": 10.625,
        "handles": 114,
        "io_read_bytes": 973996048,
        "io_write_bytes": 43561156,
        "io_write_operations": 20291,
        "private_bytes": 7065600,
        "working_set_bytes": 16379904
      },
      "token_bytes": 0,
      "virtual_utc": 1800001925,
      "wal_bytes": 4177712,
      "wall_secs": 94.0314454
    },
    {
      "active_tokens": 0,
      "frame": 96,
      "live_rows": 250,
      "native": {
        "cpu_seconds": 10.640625,
        "handles": 114,
        "io_read_bytes": 978763792,
        "io_write_bytes": 43635316,
        "io_write_operations": 20327,
        "private_bytes": 7860224,
        "working_set_bytes": 16834560
      },
      "token_bytes": 0,
      "virtual_utc": 1800001926,
      "wal_bytes": 4177712,
      "wall_secs": 95.0310865
    },
    {
      "active_tokens": 0,
      "frame": 97,
      "live_rows": 250,
      "native": {
        "cpu_seconds": 10.65625,
        "handles": 114,
        "io_read_bytes": 983531536,
        "io_write_bytes": 43709476,
        "io_write_operations": 20363,
        "private_bytes": 7602176,
        "working_set_bytes": 16457728
      },
      "token_bytes": 0,
      "virtual_utc": 1800001927,
      "wal_bytes": 4177712,
      "wall_secs": 96.030992
    },
    {
      "active_tokens": 0,
      "frame": 98,
      "live_rows": 250,
      "native": {
        "cpu_seconds": 10.671875,
        "handles": 114,
        "io_read_bytes": 988299280,
        "io_write_bytes": 43783636,
        "io_write_operations": 20399,
        "private_bytes": 7860224,
        "working_set_bytes": 16846848
      },
      "token_bytes": 0,
      "virtual_utc": 1800001928,
      "wal_bytes": 4177712,
      "wall_secs": 97.0308534
    },
    {
      "active_tokens": 0,
      "frame": 99,
      "live_rows": 250,
      "native": {
        "cpu_seconds": 10.6875,
        "handles": 114,
        "io_read_bytes": 993067024,
        "io_write_bytes": 43857796,
        "io_write_operations": 20435,
        "private_bytes": 8126464,
        "working_set_bytes": 17252352
      },
      "token_bytes": 0,
      "virtual_utc": 1800001929,
      "wal_bytes": 4177712,
      "wall_secs": 98.0307506
    },
    {
      "active_tokens": 0,
      "frame": 100,
      "live_rows": 250,
      "native": {
        "cpu_seconds": 10.703125,
        "handles": 114,
        "io_read_bytes": 997834768,
        "io_write_bytes": 43931956,
        "io_write_operations": 20471,
        "private_bytes": 8126464,
        "working_set_bytes": 17367040
      },
      "token_bytes": 0,
      "virtual_utc": 1800001930,
      "wal_bytes": 4177712,
      "wall_secs": 99.0315569
    },
    {
      "active_tokens": 0,
      "frame": 101,
      "live_rows": 250,
      "native": {
        "cpu_seconds": 10.734375,
        "handles": 114,
        "io_read_bytes": 1002602512,
        "io_write_bytes": 44006116,
        "io_write_operations": 20507,
        "private_bytes": 7540736,
        "working_set_bytes": 16883712
      },
      "token_bytes": 0,
      "virtual_utc": 1800001931,
      "wal_bytes": 4177712,
      "wall_secs": 100.0287317
    },
    {
      "active_tokens": 0,
      "frame": 102,
      "live_rows": 250,
      "native": {
        "cpu_seconds": 10.75,
        "handles": 114,
        "io_read_bytes": 1007370256,
        "io_write_bytes": 44080276,
        "io_write_operations": 20543,
        "private_bytes": 8122368,
        "working_set_bytes": 17190912
      },
      "token_bytes": 0,
      "virtual_utc": 1800001932,
      "wal_bytes": 4177712,
      "wall_secs": 101.0314464
    },
    {
      "active_tokens": 0,
      "frame": 103,
      "live_rows": 250,
      "native": {
        "cpu_seconds": 10.765625,
        "handles": 114,
        "io_read_bytes": 1012138000,
        "io_write_bytes": 44154436,
        "io_write_operations": 20579,
        "private_bytes": 7569408,
        "working_set_bytes": 16936960
      },
      "token_bytes": 0,
      "virtual_utc": 1800001933,
      "wal_bytes": 4177712,
      "wall_secs": 102.0310587
    },
    {
      "active_tokens": 0,
      "frame": 104,
      "live_rows": 250,
      "native": {
        "cpu_seconds": 10.796875,
        "handles": 114,
        "io_read_bytes": 1016905744,
        "io_write_bytes": 44228596,
        "io_write_operations": 20615,
        "private_bytes": 8126464,
        "working_set_bytes": 17272832
      },
      "token_bytes": 0,
      "virtual_utc": 1800001934,
      "wal_bytes": 4177712,
      "wall_secs": 103.3354452
    },
    {
      "active_tokens": 0,
      "frame": 105,
      "live_rows": 250,
      "native": {
        "cpu_seconds": 10.8125,
        "handles": 114,
        "io_read_bytes": 1021673488,
        "io_write_bytes": 44302756,
        "io_write_operations": 20651,
        "private_bytes": 7163904,
        "working_set_bytes": 16539648
      },
      "token_bytes": 0,
      "virtual_utc": 1800001935,
      "wal_bytes": 4177712,
      "wall_secs": 104.0312733
    },
    {
      "active_tokens": 0,
      "frame": 106,
      "live_rows": 250,
      "native": {
        "cpu_seconds": 10.84375,
        "handles": 114,
        "io_read_bytes": 1026441232,
        "io_write_bytes": 44376916,
        "io_write_operations": 20687,
        "private_bytes": 8126464,
        "working_set_bytes": 17256448
      },
      "token_bytes": 0,
      "virtual_utc": 1800001936,
      "wal_bytes": 4177712,
      "wall_secs": 105.0284997
    },
    {
      "active_tokens": 0,
      "frame": 107,
      "live_rows": 250,
      "native": {
        "cpu_seconds": 10.859375,
        "handles": 114,
        "io_read_bytes": 1031208976,
        "io_write_bytes": 44451076,
        "io_write_operations": 20723,
        "private_bytes": 7401472,
        "working_set_bytes": 16777216
      },
      "token_bytes": 0,
      "virtual_utc": 1800001937,
      "wal_bytes": 4177712,
      "wall_secs": 106.0313441
    },
    {
      "active_tokens": 0,
      "frame": 108,
      "live_rows": 250,
      "native": {
        "cpu_seconds": 10.875,
        "handles": 114,
        "io_read_bytes": 1035976720,
        "io_write_bytes": 44525236,
        "io_write_operations": 20759,
        "private_bytes": 8126464,
        "working_set_bytes": 17276928
      },
      "token_bytes": 0,
      "virtual_utc": 1800001938,
      "wal_bytes": 4177712,
      "wall_secs": 107.03132
    },
    {
      "active_tokens": 0,
      "frame": 109,
      "live_rows": 250,
      "native": {
        "cpu_seconds": 10.890625,
        "handles": 114,
        "io_read_bytes": 1040744464,
        "io_write_bytes": 44599396,
        "io_write_operations": 20795,
        "private_bytes": 7512064,
        "working_set_bytes": 16875520
      },
      "token_bytes": 0,
      "virtual_utc": 1800001939,
      "wal_bytes": 4177712,
      "wall_secs": 108.0311225
    },
    {
      "active_tokens": 0,
      "frame": 110,
      "live_rows": 250,
      "native": {
        "cpu_seconds": 10.90625,
        "handles": 114,
        "io_read_bytes": 1045512208,
        "io_write_bytes": 44673556,
        "io_write_operations": 20831,
        "private_bytes": 8380416,
        "working_set_bytes": 17276928
      },
      "token_bytes": 0,
      "virtual_utc": 1800001940,
      "wal_bytes": 4177712,
      "wall_secs": 109.0302061
    },
    {
      "active_tokens": 0,
      "frame": 111,
      "live_rows": 250,
      "native": {
        "cpu_seconds": 10.921875,
        "handles": 114,
        "io_read_bytes": 1050279952,
        "io_write_bytes": 44747716,
        "io_write_operations": 20867,
        "private_bytes": 7512064,
        "working_set_bytes": 16879616
      },
      "token_bytes": 0,
      "virtual_utc": 1800001941,
      "wal_bytes": 4177712,
      "wall_secs": 110.0318596
    },
    {
      "active_tokens": 0,
      "frame": 112,
      "live_rows": 250,
      "native": {
        "cpu_seconds": 10.9375,
        "handles": 114,
        "io_read_bytes": 1055047696,
        "io_write_bytes": 44821876,
        "io_write_operations": 20903,
        "private_bytes": 8392704,
        "working_set_bytes": 17391616
      },
      "token_bytes": 0,
      "virtual_utc": 1800001942,
      "wal_bytes": 4177712,
      "wall_secs": 111.0310093
    },
    {
      "active_tokens": 0,
      "frame": 113,
      "live_rows": 250,
      "native": {
        "cpu_seconds": 10.96875,
        "handles": 114,
        "io_read_bytes": 1059815440,
        "io_write_bytes": 44896036,
        "io_write_operations": 20939,
        "private_bytes": 7528448,
        "working_set_bytes": 16863232
      },
      "token_bytes": 0,
      "virtual_utc": 1800001943,
      "wal_bytes": 4177712,
      "wall_secs": 112.0208253
    },
    {
      "active_tokens": 0,
      "frame": 114,
      "live_rows": 250,
      "native": {
        "cpu_seconds": 11.0,
        "handles": 114,
        "io_read_bytes": 1064706064,
        "io_write_bytes": 45093076,
        "io_write_operations": 21005,
        "private_bytes": 8392704,
        "working_set_bytes": 17395712
      },
      "token_bytes": 0,
      "virtual_utc": 1800001944,
      "wal_bytes": 4177712,
      "wall_secs": 113.034507
    },
    {
      "active_tokens": 0,
      "frame": 115,
      "live_rows": 250,
      "native": {
        "cpu_seconds": 11.03125,
        "handles": 114,
        "io_read_bytes": 1069473808,
        "io_write_bytes": 45167268,
        "io_write_operations": 21042,
        "private_bytes": 7589888,
        "working_set_bytes": 16912384
      },
      "token_bytes": 0,
      "virtual_utc": 1800001945,
      "wal_bytes": 4177712,
      "wall_secs": 114.0336538
    },
    {
      "active_tokens": 0,
      "frame": 116,
      "live_rows": 250,
      "native": {
        "cpu_seconds": 11.0625,
        "handles": 114,
        "io_read_bytes": 1074241552,
        "io_write_bytes": 45241428,
        "io_write_operations": 21078,
        "private_bytes": 8392704,
        "working_set_bytes": 17395712
      },
      "token_bytes": 0,
      "virtual_utc": 1800001946,
      "wal_bytes": 4177712,
      "wall_secs": 115.0291948
    },
    {
      "active_tokens": 0,
      "frame": 117,
      "live_rows": 250,
      "native": {
        "cpu_seconds": 11.09375,
        "handles": 114,
        "io_read_bytes": 1079009296,
        "io_write_bytes": 45315588,
        "io_write_operations": 21114,
        "private_bytes": 7512064,
        "working_set_bytes": 16830464
      },
      "token_bytes": 0,
      "virtual_utc": 1800001947,
      "wal_bytes": 4177712,
      "wall_secs": 116.0330037
    },
    {
      "active_tokens": 0,
      "frame": 118,
      "live_rows": 250,
      "native": {
        "cpu_seconds": 11.140625,
        "handles": 114,
        "io_read_bytes": 1083777040,
        "io_write_bytes": 45389748,
        "io_write_operations": 21150,
        "private_bytes": 8392704,
        "working_set_bytes": 17408000
      },
      "token_bytes": 0,
      "virtual_utc": 1800001948,
      "wal_bytes": 4177712,
      "wall_secs": 117.0218512
    },
    {
      "active_tokens": 0,
      "frame": 119,
      "live_rows": 250,
      "native": {
        "cpu_seconds": 11.15625,
        "handles": 114,
        "io_read_bytes": 1088544784,
        "io_write_bytes": 45463908,
        "io_write_operations": 21186,
        "private_bytes": 7651328,
        "working_set_bytes": 16908288
      },
      "token_bytes": 0,
      "virtual_utc": 1800001949,
      "wal_bytes": 4177712,
      "wall_secs": 118.0306958
    },
    {
      "active_tokens": 0,
      "frame": 120,
      "live_rows": 250,
      "native": {
        "cpu_seconds": 11.171875,
        "handles": 114,
        "io_read_bytes": 1093312528,
        "io_write_bytes": 45538068,
        "io_write_operations": 21222,
        "private_bytes": 8073216,
        "working_set_bytes": 17289216
      },
      "token_bytes": 0,
      "virtual_utc": 1800001950,
      "wal_bytes": 4177712,
      "wall_secs": 119.0310291
    },
    {
      "active_tokens": 0,
      "frame": 121,
      "live_rows": 250,
      "native": {
        "cpu_seconds": 11.1875,
        "handles": 114,
        "io_read_bytes": 1098080272,
        "io_write_bytes": 45612228,
        "io_write_operations": 21258,
        "private_bytes": 7507968,
        "working_set_bytes": 16875520
      },
      "token_bytes": 0,
      "virtual_utc": 1800001951,
      "wal_bytes": 4177712,
      "wall_secs": 120.0328395
    },
    {
      "active_tokens": 0,
      "frame": 122,
      "live_rows": 250,
      "native": {
        "cpu_seconds": 11.21875,
        "handles": 114,
        "io_read_bytes": 1102848016,
        "io_write_bytes": 45686388,
        "io_write_operations": 21294,
        "private_bytes": 7925760,
        "working_set_bytes": 17088512
      },
      "token_bytes": 0,
      "virtual_utc": 1800001952,
      "wal_bytes": 4177712,
      "wall_secs": 121.0307258
    },
    {
      "active_tokens": 0,
      "frame": 123,
      "live_rows": 250,
      "native": {
        "cpu_seconds": 11.25,
        "handles": 114,
        "io_read_bytes": 1107615760,
        "io_write_bytes": 45760548,
        "io_write_operations": 21330,
        "private_bytes": 7700480,
        "working_set_bytes": 16879616
      },
      "token_bytes": 0,
      "virtual_utc": 1800001953,
      "wal_bytes": 4177712,
      "wall_secs": 122.024039
    },
    {
      "active_tokens": 0,
      "frame": 124,
      "live_rows": 250,
      "native": {
        "cpu_seconds": 11.265625,
        "handles": 114,
        "io_read_bytes": 1112383504,
        "io_write_bytes": 45834708,
        "io_write_operations": 21366,
        "private_bytes": 8392704,
        "working_set_bytes": 17477632
      },
      "token_bytes": 0,
      "virtual_utc": 1800001954,
      "wal_bytes": 4177712,
      "wall_secs": 123.0308326
    },
    {
      "active_tokens": 0,
      "frame": 125,
      "live_rows": 250,
      "native": {
        "cpu_seconds": 11.296875,
        "handles": 114,
        "io_read_bytes": 1117151248,
        "io_write_bytes": 45908868,
        "io_write_operations": 21402,
        "private_bytes": 7667712,
        "working_set_bytes": 17018880
      },
      "token_bytes": 0,
      "virtual_utc": 1800001955,
      "wal_bytes": 4177712,
      "wall_secs": 124.0321653
    },
    {
      "active_tokens": 0,
      "frame": 126,
      "live_rows": 250,
      "native": {
        "cpu_seconds": 11.3125,
        "handles": 114,
        "io_read_bytes": 1121918992,
        "io_write_bytes": 45983028,
        "io_write_operations": 21438,
        "private_bytes": 8392704,
        "working_set_bytes": 17362944
      },
      "token_bytes": 0,
      "virtual_utc": 1800001956,
      "wal_bytes": 4177712,
      "wall_secs": 125.0312265
    },
    {
      "active_tokens": 0,
      "frame": 127,
      "live_rows": 250,
      "native": {
        "cpu_seconds": 11.328125,
        "handles": 114,
        "io_read_bytes": 1126686736,
        "io_write_bytes": 46057188,
        "io_write_operations": 21474,
        "private_bytes": 8241152,
        "working_set_bytes": 16994304
      },
      "token_bytes": 0,
      "virtual_utc": 1800001957,
      "wal_bytes": 4177712,
      "wall_secs": 126.0300352
    },
    {
      "active_tokens": 0,
      "frame": 128,
      "live_rows": 250,
      "native": {
        "cpu_seconds": 11.359375,
        "handles": 114,
        "io_read_bytes": 1131454480,
        "io_write_bytes": 46135468,
        "io_write_operations": 21512,
        "private_bytes": 8392704,
        "working_set_bytes": 17309696
      },
      "token_bytes": 0,
      "virtual_utc": 1800001958,
      "wal_bytes": 4177712,
      "wall_secs": 127.0230675
    },
    {
      "active_tokens": 0,
      "frame": 129,
      "live_rows": 250,
      "native": {
        "cpu_seconds": 11.375,
        "handles": 114,
        "io_read_bytes": 1136222224,
        "io_write_bytes": 46209628,
        "io_write_operations": 21548,
        "private_bytes": 8146944,
        "working_set_bytes": 16924672
      },
      "token_bytes": 0,
      "virtual_utc": 1800001959,
      "wal_bytes": 4177712,
      "wall_secs": 128.0315708
    },
    {
      "active_tokens": 0,
      "frame": 130,
      "live_rows": 250,
      "native": {
        "cpu_seconds": 11.390625,
        "handles": 114,
        "io_read_bytes": 1140989968,
        "io_write_bytes": 46283788,
        "io_write_operations": 21584,
        "private_bytes": 8392704,
        "working_set_bytes": 17260544
      },
      "token_bytes": 0,
      "virtual_utc": 1800001960,
      "wal_bytes": 4177712,
      "wall_secs": 129.0317268
    },
    {
      "active_tokens": 0,
      "frame": 131,
      "live_rows": 250,
      "native": {
        "cpu_seconds": 11.421875,
        "handles": 114,
        "io_read_bytes": 1145757712,
        "io_write_bytes": 46357948,
        "io_write_operations": 21620,
        "private_bytes": 8167424,
        "working_set_bytes": 16941056
      },
      "token_bytes": 0,
      "virtual_utc": 1800001961,
      "wal_bytes": 4177712,
      "wall_secs": 130.0291939
    },
    {
      "active_tokens": 0,
      "frame": 132,
      "live_rows": 250,
      "native": {
        "cpu_seconds": 11.453125,
        "handles": 114,
        "io_read_bytes": 1150525456,
        "io_write_bytes": 46432108,
        "io_write_operations": 21656,
        "private_bytes": 8392704,
        "working_set_bytes": 17272832
      },
      "token_bytes": 0,
      "virtual_utc": 1800001962,
      "wal_bytes": 4177712,
      "wall_secs": 131.0296791
    },
    {
      "active_tokens": 0,
      "frame": 133,
      "live_rows": 250,
      "native": {
        "cpu_seconds": 11.46875,
        "handles": 114,
        "io_read_bytes": 1155293200,
        "io_write_bytes": 46506268,
        "io_write_operations": 21692,
        "private_bytes": 8220672,
        "working_set_bytes": 16932864
      },
      "token_bytes": 0,
      "virtual_utc": 1800001963,
      "wal_bytes": 4177712,
      "wall_secs": 132.0313028
    },
    {
      "active_tokens": 0,
      "frame": 134,
      "live_rows": 250,
      "native": {
        "cpu_seconds": 11.484375,
        "handles": 114,
        "io_read_bytes": 1160060944,
        "io_write_bytes": 46580428,
        "io_write_operations": 21728,
        "private_bytes": 8392704,
        "working_set_bytes": 17289216
      },
      "token_bytes": 0,
      "virtual_utc": 1800001964,
      "wal_bytes": 4177712,
      "wall_secs": 133.0305972
    },
    {
      "active_tokens": 0,
      "frame": 135,
      "live_rows": 250,
      "native": {
        "cpu_seconds": 11.5,
        "handles": 114,
        "io_read_bytes": 1164828688,
        "io_write_bytes": 46654588,
        "io_write_operations": 21764,
        "private_bytes": 8163328,
        "working_set_bytes": 16941056
      },
      "token_bytes": 0,
      "virtual_utc": 1800001965,
      "wal_bytes": 4177712,
      "wall_secs": 134.0302706
    },
    {
      "active_tokens": 0,
      "frame": 136,
      "live_rows": 250,
      "native": {
        "cpu_seconds": 11.53125,
        "handles": 114,
        "io_read_bytes": 1169596432,
        "io_write_bytes": 46728748,
        "io_write_operations": 21800,
        "private_bytes": 8392704,
        "working_set_bytes": 17399808
      },
      "token_bytes": 0,
      "virtual_utc": 1800001966,
      "wal_bytes": 4177712,
      "wall_secs": 135.031752
    },
    {
      "active_tokens": 0,
      "frame": 137,
      "live_rows": 250,
      "native": {
        "cpu_seconds": 11.546875,
        "handles": 114,
        "io_read_bytes": 1174364176,
        "io_write_bytes": 46802908,
        "io_write_operations": 21836,
        "private_bytes": 7421952,
        "working_set_bytes": 16756736
      },
      "token_bytes": 0,
      "virtual_utc": 1800001967,
      "wal_bytes": 4177712,
      "wall_secs": 136.031069
    },
    {
      "active_tokens": 0,
      "frame": 138,
      "live_rows": 250,
      "native": {
        "cpu_seconds": 11.578125,
        "handles": 114,
        "io_read_bytes": 1179131920,
        "io_write_bytes": 46877068,
        "io_write_operations": 21872,
        "private_bytes": 8609792,
        "working_set_bytes": 17334272
      },
      "token_bytes": 0,
      "virtual_utc": 1800001968,
      "wal_bytes": 4177712,
      "wall_secs": 137.0299792
    },
    {
      "active_tokens": 0,
      "frame": 139,
      "live_rows": 250,
      "native": {
        "cpu_seconds": 11.59375,
        "handles": 114,
        "io_read_bytes": 1183899664,
        "io_write_bytes": 46951228,
        "io_write_operations": 21908,
        "private_bytes": 7602176,
        "working_set_bytes": 16900096
      },
      "token_bytes": 0,
      "virtual_utc": 1800001969,
      "wal_bytes": 4177712,
      "wall_secs": 138.031326
    },
    {
      "active_tokens": 0,
      "frame": 140,
      "live_rows": 250,
      "native": {
        "cpu_seconds": 11.609375,
        "handles": 114,
        "io_read_bytes": 1188667408,
        "io_write_bytes": 47025388,
        "io_write_operations": 21944,
        "private_bytes": 8663040,
        "working_set_bytes": 17272832
      },
      "token_bytes": 0,
      "virtual_utc": 1800001970,
      "wal_bytes": 4177712,
      "wall_secs": 139.0309728
    },
    {
      "active_tokens": 0,
      "frame": 141,
      "live_rows": 250,
      "native": {
        "cpu_seconds": 11.625,
        "handles": 114,
        "io_read_bytes": 1193435152,
        "io_write_bytes": 47099548,
        "io_write_operations": 21980,
        "private_bytes": 8503296,
        "working_set_bytes": 16998400
      },
      "token_bytes": 0,
      "virtual_utc": 1800001971,
      "wal_bytes": 4177712,
      "wall_secs": 140.031626
    },
    {
      "active_tokens": 0,
      "frame": 142,
      "live_rows": 250,
      "native": {
        "cpu_seconds": 11.640625,
        "handles": 114,
        "io_read_bytes": 1198202896,
        "io_write_bytes": 47173708,
        "io_write_operations": 22016,
        "private_bytes": 8663040,
        "working_set_bytes": 17297408
      },
      "token_bytes": 0,
      "virtual_utc": 1800001972,
      "wal_bytes": 4177712,
      "wall_secs": 141.031044
    },
    {
      "active_tokens": 0,
      "frame": 143,
      "live_rows": 250,
      "native": {
        "cpu_seconds": 11.65625,
        "handles": 114,
        "io_read_bytes": 1202970640,
        "io_write_bytes": 47247868,
        "io_write_operations": 22052,
        "private_bytes": 8450048,
        "working_set_bytes": 16994304
      },
      "token_bytes": 0,
      "virtual_utc": 1800001973,
      "wal_bytes": 4177712,
      "wall_secs": 142.0310309
    },
    {
      "active_tokens": 0,
      "frame": 144,
      "live_rows": 250,
      "native": {
        "cpu_seconds": 11.671875,
        "handles": 114,
        "io_read_bytes": 1207738384,
        "io_write_bytes": 47322028,
        "io_write_operations": 22088,
        "private_bytes": 8663040,
        "working_set_bytes": 17342464
      },
      "token_bytes": 0,
      "virtual_utc": 1800001974,
      "wal_bytes": 4177712,
      "wall_secs": 143.0319684
    },
    {
      "active_tokens": 0,
      "frame": 145,
      "live_rows": 250,
      "native": {
        "cpu_seconds": 11.703125,
        "handles": 114,
        "io_read_bytes": 1212506128,
        "io_write_bytes": 47396188,
        "io_write_operations": 22124,
        "private_bytes": 7680000,
        "working_set_bytes": 16941056
      },
      "token_bytes": 0,
      "virtual_utc": 1800001975,
      "wal_bytes": 4177712,
      "wall_secs": 144.030061
    },
    {
      "active_tokens": 0,
      "frame": 146,
      "live_rows": 250,
      "native": {
        "cpu_seconds": 11.71875,
        "handles": 114,
        "io_read_bytes": 1217273872,
        "io_write_bytes": 47470348,
        "io_write_operations": 22160,
        "private_bytes": 8663040,
        "working_set_bytes": 17301504
      },
      "token_bytes": 0,
      "virtual_utc": 1800001976,
      "wal_bytes": 4177712,
      "wall_secs": 145.0302969
    },
    {
      "active_tokens": 0,
      "frame": 147,
      "live_rows": 250,
      "native": {
        "cpu_seconds": 11.75,
        "handles": 114,
        "io_read_bytes": 1222041616,
        "io_write_bytes": 47544508,
        "io_write_operations": 22196,
        "private_bytes": 8409088,
        "working_set_bytes": 16887808
      },
      "token_bytes": 0,
      "virtual_utc": 1800001977,
      "wal_bytes": 4177712,
      "wall_secs": 146.0287504
    },
    {
      "active_tokens": 0,
      "frame": 148,
      "live_rows": 250,
      "native": {
        "cpu_seconds": 11.765625,
        "handles": 114,
        "io_read_bytes": 1226809360,
        "io_write_bytes": 47618668,
        "io_write_operations": 22232,
        "private_bytes": 8663040,
        "working_set_bytes": 17354752
      },
      "token_bytes": 0,
      "virtual_utc": 1800001978,
      "wal_bytes": 4177712,
      "wall_secs": 147.0310571
    },
    {
      "active_tokens": 0,
      "frame": 149,
      "live_rows": 250,
      "native": {
        "cpu_seconds": 11.78125,
        "handles": 114,
        "io_read_bytes": 1231577104,
        "io_write_bytes": 47692828,
        "io_write_operations": 22268,
        "private_bytes": 7643136,
        "working_set_bytes": 16949248
      },
      "token_bytes": 0,
      "virtual_utc": 1800001979,
      "wal_bytes": 4177712,
      "wall_secs": 148.0308387
    },
    {
      "active_tokens": 0,
      "frame": 150,
      "live_rows": 250,
      "native": {
        "cpu_seconds": 11.8125,
        "handles": 114,
        "io_read_bytes": 1236361232,
        "io_write_bytes": 47808188,
        "io_write_operations": 22324,
        "private_bytes": 8601600,
        "working_set_bytes": 17334272
      },
      "token_bytes": 0,
      "virtual_utc": 1800001980,
      "wal_bytes": 4177712,
      "wall_secs": 149.0295925
    },
    {
      "active_tokens": 0,
      "frame": 151,
      "live_rows": 250,
      "native": {
        "cpu_seconds": 11.828125,
        "handles": 114,
        "io_read_bytes": 1241124880,
        "io_write_bytes": 47882348,
        "io_write_operations": 22360,
        "private_bytes": 7639040,
        "working_set_bytes": 16977920
      },
      "token_bytes": 0,
      "virtual_utc": 1800001981,
      "wal_bytes": 4177712,
      "wall_secs": 150.0311978
    },
    {
      "active_tokens": 0,
      "frame": 152,
      "live_rows": 250,
      "native": {
        "cpu_seconds": 11.84375,
        "handles": 114,
        "io_read_bytes": 1245896720,
        "io_write_bytes": 47964748,
        "io_write_operations": 22400,
        "private_bytes": 8609792,
        "working_set_bytes": 17354752
      },
      "token_bytes": 0,
      "virtual_utc": 1800001982,
      "wal_bytes": 4177712,
      "wall_secs": 151.0307997
    },
    {
      "active_tokens": 0,
      "frame": 153,
      "live_rows": 250,
      "native": {
        "cpu_seconds": 11.875,
        "handles": 114,
        "io_read_bytes": 1250668560,
        "io_write_bytes": 48047148,
        "io_write_operations": 22440,
        "private_bytes": 8400896,
        "working_set_bytes": 17027072
      },
      "token_bytes": 0,
      "virtual_utc": 1800001983,
      "wal_bytes": 4177712,
      "wall_secs": 152.0293174
    },
    {
      "active_tokens": 0,
      "frame": 154,
      "live_rows": 250,
      "native": {
        "cpu_seconds": 11.90625,
        "handles": 114,
        "io_read_bytes": 1255436304,
        "io_write_bytes": 48121308,
        "io_write_operations": 22476,
        "private_bytes": 8663040,
        "working_set_bytes": 17391616
      },
      "token_bytes": 0,
      "virtual_utc": 1800001984,
      "wal_bytes": 4177712,
      "wall_secs": 153.029011
    },
    {
      "active_tokens": 0,
      "frame": 155,
      "live_rows": 250,
      "native": {
        "cpu_seconds": 11.9375,
        "handles": 114,
        "io_read_bytes": 1260204048,
        "io_write_bytes": 48195468,
        "io_write_operations": 22512,
        "private_bytes": 7655424,
        "working_set_bytes": 17006592
      },
      "token_bytes": 0,
      "virtual_utc": 1800001985,
      "wal_bytes": 4177712,
      "wall_secs": 154.0277116
    },
    {
      "active_tokens": 0,
      "frame": 156,
      "live_rows": 250,
      "native": {
        "cpu_seconds": 11.953125,
        "handles": 114,
        "io_read_bytes": 1264971792,
        "io_write_bytes": 48269628,
        "io_write_operations": 22548,
        "private_bytes": 8609792,
        "working_set_bytes": 17432576
      },
      "token_bytes": 0,
      "virtual_utc": 1800001986,
      "wal_bytes": 4177712,
      "wall_secs": 155.031042
    },
    {
      "active_tokens": 0,
      "frame": 157,
      "live_rows": 250,
      "native": {
        "cpu_seconds": 11.96875,
        "handles": 114,
        "io_read_bytes": 1269743632,
        "io_write_bytes": 48352028,
        "io_write_operations": 22588,
        "private_bytes": 7753728,
        "working_set_bytes": 17002496
      },
      "token_bytes": 0,
      "virtual_utc": 1800001987,
      "wal_bytes": 4177712,
      "wall_secs": 156.0313624
    },
    {
      "active_tokens": 0,
      "frame": 158,
      "live_rows": 250,
      "native": {
        "cpu_seconds": 11.984375,
        "handles": 114,
        "io_read_bytes": 1274511376,
        "io_write_bytes": 48426188,
        "io_write_operations": 22624,
        "private_bytes": 8609792,
        "working_set_bytes": 17494016
      },
      "token_bytes": 0,
      "virtual_utc": 1800001988,
      "wal_bytes": 4177712,
      "wall_secs": 157.0310214
    },
    {
      "active_tokens": 0,
      "frame": 159,
      "live_rows": 250,
      "native": {
        "cpu_seconds": 12.015625,
        "handles": 114,
        "io_read_bytes": 1279283216,
        "io_write_bytes": 48508588,
        "io_write_operations": 22664,
        "private_bytes": 7860224,
        "working_set_bytes": 16994304
      },
      "token_bytes": 0,
      "virtual_utc": 1800001989,
      "wal_bytes": 4177712,
      "wall_secs": 158.0294439
    },
    {
      "active_tokens": 0,
      "frame": 160,
      "live_rows": 250,
      "native": {
        "cpu_seconds": 12.03125,
        "handles": 114,
        "io_read_bytes": 1284046864,
        "io_write_bytes": 48582748,
        "io_write_operations": 22700,
        "private_bytes": 8564736,
        "working_set_bytes": 17485824
      },
      "token_bytes": 0,
      "virtual_utc": 1800001990,
      "wal_bytes": 4177712,
      "wall_secs": 159.0318499
    },
    {
      "active_tokens": 0,
      "frame": 161,
      "live_rows": 250,
      "native": {
        "cpu_seconds": 12.046875,
        "handles": 114,
        "io_read_bytes": 1288814608,
        "io_write_bytes": 48656908,
        "io_write_operations": 22736,
        "private_bytes": 7733248,
        "working_set_bytes": 17006592
      },
      "token_bytes": 0,
      "virtual_utc": 1800001991,
      "wal_bytes": 4177712,
      "wall_secs": 160.0310487
    },
    {
      "active_tokens": 0,
      "frame": 162,
      "live_rows": 250,
      "native": {
        "cpu_seconds": 12.078125,
        "handles": 114,
        "io_read_bytes": 1293582352,
        "io_write_bytes": 48731068,
        "io_write_operations": 22772,
        "private_bytes": 8597504,
        "working_set_bytes": 17637376
      },
      "token_bytes": 0,
      "virtual_utc": 1800001992,
      "wal_bytes": 4177712,
      "wall_secs": 161.0293877
    },
    {
      "active_tokens": 0,
      "frame": 163,
      "live_rows": 250,
      "native": {
        "cpu_seconds": 12.09375,
        "handles": 114,
        "io_read_bytes": 1298350096,
        "io_write_bytes": 48805228,
        "io_write_operations": 22808,
        "private_bytes": 7712768,
        "working_set_bytes": 17063936
      },
      "token_bytes": 0,
      "virtual_utc": 1800001993,
      "wal_bytes": 4177712,
      "wall_secs": 162.0313368
    },
    {
      "active_tokens": 0,
      "frame": 164,
      "live_rows": 250,
      "native": {
        "cpu_seconds": 12.109375,
        "handles": 114,
        "io_read_bytes": 1303117840,
        "io_write_bytes": 48879388,
        "io_write_operations": 22844,
        "private_bytes": 8609792,
        "working_set_bytes": 17604608
      },
      "token_bytes": 0,
      "virtual_utc": 1800001994,
      "wal_bytes": 4177712,
      "wall_secs": 163.0322993
    },
    {
      "active_tokens": 0,
      "frame": 165,
      "live_rows": 250,
      "native": {
        "cpu_seconds": 12.125,
        "handles": 114,
        "io_read_bytes": 1307885584,
        "io_write_bytes": 48953548,
        "io_write_operations": 22880,
        "private_bytes": 7766016,
        "working_set_bytes": 17092608
      },
      "token_bytes": 0,
      "virtual_utc": 1800001995,
      "wal_bytes": 4177712,
      "wall_secs": 164.0313268
    },
    {
      "active_tokens": 0,
      "frame": 166,
      "live_rows": 250,
      "native": {
        "cpu_seconds": 12.140625,
        "handles": 114,
        "io_read_bytes": 1312653328,
        "io_write_bytes": 49027708,
        "io_write_operations": 22916,
        "private_bytes": 8663040,
        "working_set_bytes": 17661952
      },
      "token_bytes": 0,
      "virtual_utc": 1800001996,
      "wal_bytes": 4177712,
      "wall_secs": 165.0309909
    },
    {
      "active_tokens": 0,
      "frame": 167,
      "live_rows": 250,
      "native": {
        "cpu_seconds": 12.15625,
        "handles": 114,
        "io_read_bytes": 1317421072,
        "io_write_bytes": 49101868,
        "io_write_operations": 22952,
        "private_bytes": 7819264,
        "working_set_bytes": 17162240
      },
      "token_bytes": 0,
      "virtual_utc": 1800001997,
      "wal_bytes": 4177712,
      "wall_secs": 166.0332429
    },
    {
      "active_tokens": 0,
      "frame": 168,
      "live_rows": 250,
      "native": {
        "cpu_seconds": 12.1875,
        "handles": 114,
        "io_read_bytes": 1322188816,
        "io_write_bytes": 49176028,
        "io_write_operations": 22988,
        "private_bytes": 8663040,
        "working_set_bytes": 17571840
      },
      "token_bytes": 0,
      "virtual_utc": 1800001998,
      "wal_bytes": 4177712,
      "wall_secs": 167.0314017
    },
    {
      "active_tokens": 0,
      "frame": 169,
      "live_rows": 250,
      "native": {
        "cpu_seconds": 12.21875,
        "handles": 114,
        "io_read_bytes": 1327091728,
        "io_write_bytes": 49385356,
        "io_write_operations": 23057,
        "private_bytes": 7958528,
        "working_set_bytes": 17166336
      },
      "token_bytes": 0,
      "virtual_utc": 1800001999,
      "wal_bytes": 4177712,
      "wall_secs": 168.033308
    },
    {
      "active_tokens": 0,
      "frame": 170,
      "live_rows": 250,
      "native": {
        "cpu_seconds": 12.25,
        "handles": 114,
        "io_read_bytes": 1331859472,
        "io_write_bytes": 49459548,
        "io_write_operations": 23094,
        "private_bytes": 8638464,
        "working_set_bytes": 17420288
      },
      "token_bytes": 0,
      "virtual_utc": 1800002000,
      "wal_bytes": 4177712,
      "wall_secs": 169.0339351
    },
    {
      "active_tokens": 0,
      "frame": 171,
      "live_rows": 250,
      "native": {
        "cpu_seconds": 12.265625,
        "handles": 114,
        "io_read_bytes": 1336627216,
        "io_write_bytes": 49533708,
        "io_write_operations": 23130,
        "private_bytes": 7438336,
        "working_set_bytes": 16797696
      },
      "token_bytes": 0,
      "virtual_utc": 1800002001,
      "wal_bytes": 4177712,
      "wall_secs": 170.0313472
    },
    {
      "active_tokens": 0,
      "frame": 172,
      "live_rows": 250,
      "native": {
        "cpu_seconds": 12.296875,
        "handles": 114,
        "io_read_bytes": 1341394960,
        "io_write_bytes": 49607868,
        "io_write_operations": 23166,
        "private_bytes": 8663040,
        "working_set_bytes": 17633280
      },
      "token_bytes": 0,
      "virtual_utc": 1800002002,
      "wal_bytes": 4177712,
      "wall_secs": 171.029029
    },
    {
      "active_tokens": 0,
      "frame": 173,
      "live_rows": 250,
      "native": {
        "cpu_seconds": 12.3125,
        "handles": 114,
        "io_read_bytes": 1346162704,
        "io_write_bytes": 49682028,
        "io_write_operations": 23202,
        "private_bytes": 7651328,
        "working_set_bytes": 16945152
      },
      "token_bytes": 0,
      "virtual_utc": 1800002003,
      "wal_bytes": 4177712,
      "wall_secs": 172.0309409
    },
    {
      "active_tokens": 0,
      "frame": 174,
      "live_rows": 250,
      "native": {
        "cpu_seconds": 12.328125,
        "handles": 114,
        "io_read_bytes": 1350930448,
        "io_write_bytes": 49756188,
        "io_write_operations": 23238,
        "private_bytes": 8663040,
        "working_set_bytes": 17408000
      },
      "token_bytes": 0,
      "virtual_utc": 1800002004,
      "wal_bytes": 4177712,
      "wall_secs": 173.0308988
    },
    {
      "active_tokens": 0,
      "frame": 175,
      "live_rows": 250,
      "native": {
        "cpu_seconds": 12.34375,
        "handles": 114,
        "io_read_bytes": 1355698192,
        "io_write_bytes": 49830348,
        "io_write_operations": 23274,
        "private_bytes": 7675904,
        "working_set_bytes": 17002496
      },
      "token_bytes": 0,
      "virtual_utc": 1800002005,
      "wal_bytes": 4177712,
      "wall_secs": 174.0324615
    },
    {
      "active_tokens": 0,
      "frame": 176,
      "live_rows": 250,
      "native": {
        "cpu_seconds": 12.375,
        "handles": 114,
        "io_read_bytes": 1360465936,
        "io_write_bytes": 49904508,
        "io_write_operations": 23310,
        "private_bytes": 8663040,
        "working_set_bytes": 17403904
      },
      "token_bytes": 0,
      "virtual_utc": 1800002006,
      "wal_bytes": 4177712,
      "wall_secs": 175.0306218
    },
    {
      "active_tokens": 0,
      "frame": 177,
      "live_rows": 250,
      "native": {
        "cpu_seconds": 12.40625,
        "handles": 114,
        "io_read_bytes": 1365233680,
        "io_write_bytes": 49978668,
        "io_write_operations": 23346,
        "private_bytes": 7667712,
        "working_set_bytes": 17027072
      },
      "token_bytes": 0,
      "virtual_utc": 1800002007,
      "wal_bytes": 4177712,
      "wall_secs": 176.0290247
    },
    {
      "active_tokens": 0,
      "frame": 178,
      "live_rows": 250,
      "native": {
        "cpu_seconds": 12.4375,
        "handles": 114,
        "io_read_bytes": 1370001424,
        "io_write_bytes": 50052828,
        "io_write_operations": 23382,
        "private_bytes": 8646656,
        "working_set_bytes": 17391616
      },
      "token_bytes": 0,
      "virtual_utc": 1800002008,
      "wal_bytes": 4177712,
      "wall_secs": 177.0293205
    },
    {
      "active_tokens": 0,
      "frame": 179,
      "live_rows": 250,
      "native": {
        "cpu_seconds": 12.46875,
        "handles": 114,
        "io_read_bytes": 1374769168,
        "io_write_bytes": 50131108,
        "io_write_operations": 23420,
        "private_bytes": 7700480,
        "working_set_bytes": 17018880
      },
      "token_bytes": 0,
      "virtual_utc": 1800002009,
      "wal_bytes": 4177712,
      "wall_secs": 178.033063
    },
    {
      "active_tokens": 0,
      "frame": 180,
      "live_rows": 250,
      "native": {
        "cpu_seconds": 12.5,
        "handles": 114,
        "io_read_bytes": 1379536912,
        "io_write_bytes": 50205268,
        "io_write_operations": 23456,
        "private_bytes": 8663040,
        "working_set_bytes": 17408000
      },
      "token_bytes": 0,
      "virtual_utc": 1800002010,
      "wal_bytes": 4177712,
      "wall_secs": 179.030662
    },
    {
      "active_tokens": 0,
      "frame": 181,
      "live_rows": 250,
      "native": {
        "cpu_seconds": 12.515625,
        "handles": 114,
        "io_read_bytes": 1384304656,
        "io_write_bytes": 50279428,
        "io_write_operations": 23492,
        "private_bytes": 7651328,
        "working_set_bytes": 17006592
      },
      "token_bytes": 0,
      "virtual_utc": 1800002011,
      "wal_bytes": 4177712,
      "wall_secs": 180.0314086
    },
    {
      "active_tokens": 0,
      "frame": 182,
      "live_rows": 250,
      "native": {
        "cpu_seconds": 12.53125,
        "handles": 114,
        "io_read_bytes": 1389072400,
        "io_write_bytes": 50353588,
        "io_write_operations": 23528,
        "private_bytes": 8638464,
        "working_set_bytes": 17367040
      },
      "token_bytes": 0,
      "virtual_utc": 1800002012,
      "wal_bytes": 4177712,
      "wall_secs": 181.0310854
    },
    {
      "active_tokens": 0,
      "frame": 183,
      "live_rows": 250,
      "native": {
        "cpu_seconds": 12.546875,
        "handles": 114,
        "io_read_bytes": 1393840144,
        "io_write_bytes": 50427748,
        "io_write_operations": 23564,
        "private_bytes": 7663616,
        "working_set_bytes": 17006592
      },
      "token_bytes": 0,
      "virtual_utc": 1800002013,
      "wal_bytes": 4177712,
      "wall_secs": 182.0308571
    },
    {
      "active_tokens": 0,
      "frame": 184,
      "live_rows": 250,
      "native": {
        "cpu_seconds": 12.5625,
        "handles": 114,
        "io_read_bytes": 1398607888,
        "io_write_bytes": 50501908,
        "io_write_operations": 23600,
        "private_bytes": 8663040,
        "working_set_bytes": 17358848
      },
      "token_bytes": 0,
      "virtual_utc": 1800002014,
      "wal_bytes": 4177712,
      "wall_secs": 183.0321738
    },
    {
      "active_tokens": 0,
      "frame": 185,
      "live_rows": 250,
      "native": {
        "cpu_seconds": 12.578125,
        "handles": 114,
        "io_read_bytes": 1403375632,
        "io_write_bytes": 50576068,
        "io_write_operations": 23636,
        "private_bytes": 7700480,
        "working_set_bytes": 17002496
      },
      "token_bytes": 0,
      "virtual_utc": 1800002015,
      "wal_bytes": 4177712,
      "wall_secs": 184.0305962
    },
    {
      "active_tokens": 0,
      "frame": 186,
      "live_rows": 250,
      "native": {
        "cpu_seconds": 12.59375,
        "handles": 114,
        "io_read_bytes": 1408143376,
        "io_write_bytes": 50650228,
        "io_write_operations": 23672,
        "private_bytes": 8650752,
        "working_set_bytes": 17395712
      },
      "token_bytes": 0,
      "virtual_utc": 1800002016,
      "wal_bytes": 4177712,
      "wall_secs": 185.0306048
    },
    {
      "active_tokens": 0,
      "frame": 187,
      "live_rows": 250,
      "native": {
        "cpu_seconds": 12.609375,
        "handles": 114,
        "io_read_bytes": 1412911120,
        "io_write_bytes": 50724388,
        "io_write_operations": 23708,
        "private_bytes": 7659520,
        "working_set_bytes": 17010688
      },
      "token_bytes": 0,
      "virtual_utc": 1800002017,
      "wal_bytes": 4177712,
      "wall_secs": 186.0305741
    },
    {
      "active_tokens": 0,
      "frame": 188,
      "live_rows": 250,
      "native": {
        "cpu_seconds": 12.640625,
        "handles": 114,
        "io_read_bytes": 1417678864,
        "io_write_bytes": 50798548,
        "io_write_operations": 23744,
        "private_bytes": 8663040,
        "working_set_bytes": 17354752
      },
      "token_bytes": 0,
      "virtual_utc": 1800002018,
      "wal_bytes": 4177712,
      "wall_secs": 187.0277135
    },
    {
      "active_tokens": 0,
      "frame": 189,
      "live_rows": 250,
      "native": {
        "cpu_seconds": 12.65625,
        "handles": 114,
        "io_read_bytes": 1422446608,
        "io_write_bytes": 50872708,
        "io_write_operations": 23780,
        "private_bytes": 7659520,
        "working_set_bytes": 17014784
      },
      "token_bytes": 0,
      "virtual_utc": 1800002019,
      "wal_bytes": 4177712,
      "wall_secs": 188.0305743
    },
    {
      "active_tokens": 0,
      "frame": 190,
      "live_rows": 250,
      "native": {
        "cpu_seconds": 12.6875,
        "handles": 114,
        "io_read_bytes": 1427214352,
        "io_write_bytes": 50946868,
        "io_write_operations": 23816,
        "private_bytes": 8663040,
        "working_set_bytes": 17354752
      },
      "token_bytes": 0,
      "virtual_utc": 1800002020,
      "wal_bytes": 4177712,
      "wall_secs": 189.0216869
    },
    {
      "active_tokens": 0,
      "frame": 191,
      "live_rows": 250,
      "native": {
        "cpu_seconds": 12.71875,
        "handles": 114,
        "io_read_bytes": 1431982096,
        "io_write_bytes": 51021028,
        "io_write_operations": 23852,
        "private_bytes": 7688192,
        "working_set_bytes": 17035264
      },
      "token_bytes": 0,
      "virtual_utc": 1800002021,
      "wal_bytes": 4177712,
      "wall_secs": 190.0278295
    },
    {
      "active_tokens": 0,
      "frame": 192,
      "live_rows": 250,
      "native": {
        "cpu_seconds": 12.75,
        "handles": 114,
        "io_read_bytes": 1436749840,
        "io_write_bytes": 51095188,
        "io_write_operations": 23888,
        "private_bytes": 8663040,
        "working_set_bytes": 17395712
      },
      "token_bytes": 0,
      "virtual_utc": 1800002022,
      "wal_bytes": 4177712,
      "wall_secs": 191.0286753
    },
    {
      "active_tokens": 0,
      "frame": 193,
      "live_rows": 250,
      "native": {
        "cpu_seconds": 12.78125,
        "handles": 114,
        "io_read_bytes": 1441517584,
        "io_write_bytes": 51169348,
        "io_write_operations": 23924,
        "private_bytes": 7692288,
        "working_set_bytes": 17035264
      },
      "token_bytes": 0,
      "virtual_utc": 1800002023,
      "wal_bytes": 4177712,
      "wall_secs": 192.027054
    },
    {
      "active_tokens": 0,
      "frame": 194,
      "live_rows": 250,
      "native": {
        "cpu_seconds": 12.796875,
        "handles": 114,
        "io_read_bytes": 1446285328,
        "io_write_bytes": 51243508,
        "io_write_operations": 23960,
        "private_bytes": 8663040,
        "working_set_bytes": 17399808
      },
      "token_bytes": 0,
      "virtual_utc": 1800002024,
      "wal_bytes": 4177712,
      "wall_secs": 193.0301429
    },
    {
      "active_tokens": 0,
      "frame": 195,
      "live_rows": 250,
      "native": {
        "cpu_seconds": 12.8125,
        "handles": 114,
        "io_read_bytes": 1451053072,
        "io_write_bytes": 51317668,
        "io_write_operations": 23996,
        "private_bytes": 7716864,
        "working_set_bytes": 17051648
      },
      "token_bytes": 0,
      "virtual_utc": 1800002025,
      "wal_bytes": 4177712,
      "wall_secs": 194.0313132
    },
    {
      "active_tokens": 0,
      "frame": 196,
      "live_rows": 250,
      "native": {
        "cpu_seconds": 12.828125,
        "handles": 114,
        "io_read_bytes": 1455820816,
        "io_write_bytes": 51391828,
        "io_write_operations": 24032,
        "private_bytes": 8663040,
        "working_set_bytes": 17391616
      },
      "token_bytes": 0,
      "virtual_utc": 1800002026,
      "wal_bytes": 4177712,
      "wall_secs": 195.0312322
    },
    {
      "active_tokens": 0,
      "frame": 197,
      "live_rows": 250,
      "native": {
        "cpu_seconds": 12.859375,
        "handles": 114,
        "io_read_bytes": 1460588560,
        "io_write_bytes": 51465988,
        "io_write_operations": 24068,
        "private_bytes": 7663616,
        "working_set_bytes": 17018880
      },
      "token_bytes": 0,
      "virtual_utc": 1800002027,
      "wal_bytes": 4177712,
      "wall_secs": 196.0286843
    },
    {
      "active_tokens": 0,
      "frame": 198,
      "live_rows": 250,
      "native": {
        "cpu_seconds": 12.875,
        "handles": 114,
        "io_read_bytes": 1465356304,
        "io_write_bytes": 51540148,
        "io_write_operations": 24104,
        "private_bytes": 8663040,
        "working_set_bytes": 17485824
      },
      "token_bytes": 0,
      "virtual_utc": 1800002028,
      "wal_bytes": 4177712,
      "wall_secs": 197.03214
    },
    {
      "active_tokens": 0,
      "frame": 199,
      "live_rows": 250,
      "native": {
        "cpu_seconds": 12.90625,
        "handles": 114,
        "io_read_bytes": 1470124048,
        "io_write_bytes": 51614308,
        "io_write_operations": 24140,
        "private_bytes": 7680000,
        "working_set_bytes": 16973824
      },
      "token_bytes": 0,
      "virtual_utc": 1800002029,
      "wal_bytes": 4177712,
      "wall_secs": 198.0294045
    },
    {
      "active_tokens": 0,
      "frame": 200,
      "live_rows": 250,
      "native": {
        "cpu_seconds": 12.921875,
        "handles": 114,
        "io_read_bytes": 1474891792,
        "io_write_bytes": 51688468,
        "io_write_operations": 24176,
        "private_bytes": 8663040,
        "working_set_bytes": 17420288
      },
      "token_bytes": 0,
      "virtual_utc": 1800002030,
      "wal_bytes": 4177712,
      "wall_secs": 199.0326721
    },
    {
      "active_tokens": 0,
      "frame": 201,
      "live_rows": 250,
      "native": {
        "cpu_seconds": 12.96875,
        "handles": 114,
        "io_read_bytes": 1479659536,
        "io_write_bytes": 51762628,
        "io_write_operations": 24212,
        "private_bytes": 7704576,
        "working_set_bytes": 17047552
      },
      "token_bytes": 0,
      "virtual_utc": 1800002031,
      "wal_bytes": 4177712,
      "wall_secs": 200.0294509
    },
    {
      "active_tokens": 0,
      "frame": 202,
      "live_rows": 250,
      "native": {
        "cpu_seconds": 12.984375,
        "handles": 114,
        "io_read_bytes": 1484427280,
        "io_write_bytes": 51836788,
        "io_write_operations": 24248,
        "private_bytes": 8650752,
        "working_set_bytes": 17416192
      },
      "token_bytes": 0,
      "virtual_utc": 1800002032,
      "wal_bytes": 4177712,
      "wall_secs": 201.0307239
    },
    {
      "active_tokens": 0,
      "frame": 203,
      "live_rows": 250,
      "native": {
        "cpu_seconds": 13.015625,
        "handles": 114,
        "io_read_bytes": 1489195024,
        "io_write_bytes": 51910948,
        "io_write_operations": 24284,
        "private_bytes": 7639040,
        "working_set_bytes": 16990208
      },
      "token_bytes": 0,
      "virtual_utc": 1800002033,
      "wal_bytes": 4177712,
      "wall_secs": 202.028841
    },
    {
      "active_tokens": 0,
      "frame": 204,
      "live_rows": 250,
      "native": {
        "cpu_seconds": 13.03125,
        "handles": 114,
        "io_read_bytes": 1493962768,
        "io_write_bytes": 51985108,
        "io_write_operations": 24320,
        "private_bytes": 8663040,
        "working_set_bytes": 17399808
      },
      "token_bytes": 0,
      "virtual_utc": 1800002034,
      "wal_bytes": 4177712,
      "wall_secs": 203.0303825
    },
    {
      "active_tokens": 0,
      "frame": 205,
      "live_rows": 250,
      "native": {
        "cpu_seconds": 13.046875,
        "handles": 114,
        "io_read_bytes": 1498730512,
        "io_write_bytes": 52059268,
        "io_write_operations": 24356,
        "private_bytes": 7675904,
        "working_set_bytes": 17018880
      },
      "token_bytes": 0,
      "virtual_utc": 1800002035,
      "wal_bytes": 4177712,
      "wall_secs": 204.0310866
    },
    {
      "active_tokens": 0,
      "frame": 206,
      "live_rows": 250,
      "native": {
        "cpu_seconds": 13.078125,
        "handles": 114,
        "io_read_bytes": 1503498256,
        "io_write_bytes": 52133428,
        "io_write_operations": 24392,
        "private_bytes": 8650752,
        "working_set_bytes": 17408000
      },
      "token_bytes": 0,
      "virtual_utc": 1800002036,
      "wal_bytes": 4177712,
      "wall_secs": 205.0291724
    },
    {
      "active_tokens": 0,
      "frame": 207,
      "live_rows": 250,
      "native": {
        "cpu_seconds": 13.109375,
        "handles": 114,
        "io_read_bytes": 1508266000,
        "io_write_bytes": 52207588,
        "io_write_operations": 24428,
        "private_bytes": 7700480,
        "working_set_bytes": 17006592
      },
      "token_bytes": 0,
      "virtual_utc": 1800002037,
      "wal_bytes": 4177712,
      "wall_secs": 206.0300474
    },
    {
      "active_tokens": 0,
      "frame": 208,
      "live_rows": 250,
      "native": {
        "cpu_seconds": 13.140625,
        "handles": 114,
        "io_read_bytes": 1513033744,
        "io_write_bytes": 52281748,
        "io_write_operations": 24464,
        "private_bytes": 8663040,
        "working_set_bytes": 17395712
      },
      "token_bytes": 0,
      "virtual_utc": 1800002038,
      "wal_bytes": 4177712,
      "wall_secs": 207.026936
    },
    {
      "active_tokens": 0,
      "frame": 209,
      "live_rows": 250,
      "native": {
        "cpu_seconds": 13.171875,
        "handles": 114,
        "io_read_bytes": 1517801488,
        "io_write_bytes": 52355908,
        "io_write_operations": 24500,
        "private_bytes": 7667712,
        "working_set_bytes": 17027072
      },
      "token_bytes": 0,
      "virtual_utc": 1800002039,
      "wal_bytes": 4177712,
      "wall_secs": 208.0299559
    },
    {
      "active_tokens": 0,
      "frame": 210,
      "live_rows": 250,
      "native": {
        "cpu_seconds": 13.1875,
        "handles": 114,
        "io_read_bytes": 1522585616,
        "io_write_bytes": 52471268,
        "io_write_operations": 24556,
        "private_bytes": 8650752,
        "working_set_bytes": 17399808
      },
      "token_bytes": 0,
      "virtual_utc": 1800002040,
      "wal_bytes": 4177712,
      "wall_secs": 209.0316885
    },
    {
      "active_tokens": 0,
      "frame": 211,
      "live_rows": 250,
      "native": {
        "cpu_seconds": 13.203125,
        "handles": 114,
        "io_read_bytes": 1527349264,
        "io_write_bytes": 52545428,
        "io_write_operations": 24592,
        "private_bytes": 7680000,
        "working_set_bytes": 17014784
      },
      "token_bytes": 0,
      "virtual_utc": 1800002041,
      "wal_bytes": 4177712,
      "wall_secs": 210.0315951
    },
    {
      "active_tokens": 0,
      "frame": 212,
      "live_rows": 250,
      "native": {
        "cpu_seconds": 13.21875,
        "handles": 114,
        "io_read_bytes": 1532121104,
        "io_write_bytes": 52627828,
        "io_write_operations": 24632,
        "private_bytes": 8663040,
        "working_set_bytes": 17420288
      },
      "token_bytes": 0,
      "virtual_utc": 1800002042,
      "wal_bytes": 4177712,
      "wall_secs": 211.0310181
    },
    {
      "active_tokens": 0,
      "frame": 213,
      "live_rows": 250,
      "native": {
        "cpu_seconds": 13.25,
        "handles": 114,
        "io_read_bytes": 1536888848,
        "io_write_bytes": 52701988,
        "io_write_operations": 24668,
        "private_bytes": 7675904,
        "working_set_bytes": 17027072
      },
      "token_bytes": 0,
      "virtual_utc": 1800002043,
      "wal_bytes": 4177712,
      "wall_secs": 212.0296763
    },
    {
      "active_tokens": 0,
      "frame": 214,
      "live_rows": 250,
      "native": {
        "cpu_seconds": 13.28125,
        "handles": 114,
        "io_read_bytes": 1541656592,
        "io_write_bytes": 52776148,
        "io_write_operations": 24704,
        "private_bytes": 8663040,
        "working_set_bytes": 17408000
      },
      "token_bytes": 0,
      "virtual_utc": 1800002044,
      "wal_bytes": 4177712,
      "wall_secs": 213.0299255
    },
    {
      "active_tokens": 0,
      "frame": 215,
      "live_rows": 250,
      "native": {
        "cpu_seconds": 13.3125,
        "handles": 114,
        "io_read_bytes": 1546424336,
        "io_write_bytes": 52850308,
        "io_write_operations": 24740,
        "private_bytes": 7663616,
        "working_set_bytes": 16994304
      },
      "token_bytes": 0,
      "virtual_utc": 1800002045,
      "wal_bytes": 4177712,
      "wall_secs": 214.0295935
    },
    {
      "active_tokens": 0,
      "frame": 216,
      "live_rows": 250,
      "native": {
        "cpu_seconds": 13.34375,
        "handles": 114,
        "io_read_bytes": 1551192080,
        "io_write_bytes": 52924468,
        "io_write_operations": 24776,
        "private_bytes": 8650752,
        "working_set_bytes": 17403904
      },
      "token_bytes": 0,
      "virtual_utc": 1800002046,
      "wal_bytes": 4177712,
      "wall_secs": 215.028469
    },
    {
      "active_tokens": 0,
      "frame": 217,
      "live_rows": 250,
      "native": {
        "cpu_seconds": 13.359375,
        "handles": 114,
        "io_read_bytes": 1555959824,
        "io_write_bytes": 52998628,
        "io_write_operations": 24812,
        "private_bytes": 8577024,
        "working_set_bytes": 17080320
      },
      "token_bytes": 0,
      "virtual_utc": 1800002047,
      "wal_bytes": 4177712,
      "wall_secs": 216.0314794
    },
    {
      "active_tokens": 0,
      "frame": 218,
      "live_rows": 250,
      "native": {
        "cpu_seconds": 13.375,
        "handles": 114,
        "io_read_bytes": 1560727568,
        "io_write_bytes": 53072788,
        "io_write_operations": 24848,
        "private_bytes": 8663040,
        "working_set_bytes": 17596416
      },
      "token_bytes": 0,
      "virtual_utc": 1800002048,
      "wal_bytes": 4177712,
      "wall_secs": 217.0314458
    },
    {
      "active_tokens": 0,
      "frame": 219,
      "live_rows": 250,
      "native": {
        "cpu_seconds": 13.390625,
        "handles": 114,
        "io_read_bytes": 1565495312,
        "io_write_bytes": 53146948,
        "io_write_operations": 24884,
        "private_bytes": 7901184,
        "working_set_bytes": 17186816
      },
      "token_bytes": 0,
      "virtual_utc": 1800002049,
      "wal_bytes": 4177712,
      "wall_secs": 218.0313561
    },
    {
      "active_tokens": 0,
      "frame": 220,
      "live_rows": 250,
      "native": {
        "cpu_seconds": 13.40625,
        "handles": 114,
        "io_read_bytes": 1570263056,
        "io_write_bytes": 53221108,
        "io_write_operations": 24920,
        "private_bytes": 8663040,
        "working_set_bytes": 17551360
      },
      "token_bytes": 0,
      "virtual_utc": 1800002050,
      "wal_bytes": 4177712,
      "wall_secs": 219.0319622
    },
    {
      "active_tokens": 0,
      "frame": 221,
      "live_rows": 250,
      "native": {
        "cpu_seconds": 13.421875,
        "handles": 114,
        "io_read_bytes": 1575030800,
        "io_write_bytes": 53295268,
        "io_write_operations": 24956,
        "private_bytes": 7794688,
        "working_set_bytes": 17084416
      },
      "token_bytes": 0,
      "virtual_utc": 1800002051,
      "wal_bytes": 4177712,
      "wall_secs": 220.0317082
    },
    {
      "active_tokens": 0,
      "frame": 222,
      "live_rows": 250,
      "native": {
        "cpu_seconds": 13.453125,
        "handles": 114,
        "io_read_bytes": 1579798544,
        "io_write_bytes": 53369428,
        "io_write_operations": 24992,
        "private_bytes": 8663040,
        "working_set_bytes": 17461248
      },
      "token_bytes": 0,
      "virtual_utc": 1800002052,
      "wal_bytes": 4177712,
      "wall_secs": 221.0289905
    },
    {
      "active_tokens": 0,
      "frame": 223,
      "live_rows": 250,
      "native": {
        "cpu_seconds": 13.46875,
        "handles": 114,
        "io_read_bytes": 1584566288,
        "io_write_bytes": 53443588,
        "io_write_operations": 25028,
        "private_bytes": 8601600,
        "working_set_bytes": 17051648
      },
      "token_bytes": 0,
      "virtual_utc": 1800002053,
      "wal_bytes": 4177712,
      "wall_secs": 222.031661
    },
    {
      "active_tokens": 0,
      "frame": 224,
      "live_rows": 250,
      "native": {
        "cpu_seconds": 13.5,
        "handles": 114,
        "io_read_bytes": 1589465104,
        "io_write_bytes": 53648820,
        "io_write_operations": 25096,
        "private_bytes": 8663040,
        "working_set_bytes": 17453056
      },
      "token_bytes": 0,
      "virtual_utc": 1800002054,
      "wal_bytes": 4177712,
      "wall_secs": 223.0364695
    },
    {
      "active_tokens": 0,
      "frame": 225,
      "live_rows": 250,
      "native": {
        "cpu_seconds": 13.53125,
        "handles": 114,
        "io_read_bytes": 1594232848,
        "io_write_bytes": 53723012,
        "io_write_operations": 25133,
        "private_bytes": 8577024,
        "working_set_bytes": 17080320
      },
      "token_bytes": 0,
      "virtual_utc": 1800002055,
      "wal_bytes": 4177712,
      "wall_secs": 224.0334726
    },
    {
      "active_tokens": 0,
      "frame": 226,
      "live_rows": 250,
      "native": {
        "cpu_seconds": 13.5625,
        "handles": 114,
        "io_read_bytes": 1599000592,
        "io_write_bytes": 53797172,
        "io_write_operations": 25169,
        "private_bytes": 8663040,
        "working_set_bytes": 17481728
      },
      "token_bytes": 0,
      "virtual_utc": 1800002056,
      "wal_bytes": 4177712,
      "wall_secs": 225.0343019
    },
    {
      "active_tokens": 0,
      "frame": 227,
      "live_rows": 250,
      "native": {
        "cpu_seconds": 13.578125,
        "handles": 114,
        "io_read_bytes": 1603768336,
        "io_write_bytes": 53871332,
        "io_write_operations": 25205,
        "private_bytes": 8220672,
        "working_set_bytes": 17465344
      },
      "token_bytes": 0,
      "virtual_utc": 1800002057,
      "wal_bytes": 4177712,
      "wall_secs": 226.032056
    },
    {
      "active_tokens": 0,
      "frame": 228,
      "live_rows": 250,
      "native": {
        "cpu_seconds": 13.59375,
        "handles": 114,
        "io_read_bytes": 1608536080,
        "io_write_bytes": 53945492,
        "io_write_operations": 25241,
        "private_bytes": 8605696,
        "working_set_bytes": 17686528
      },
      "token_bytes": 0,
      "virtual_utc": 1800002058,
      "wal_bytes": 4177712,
      "wall_secs": 227.0312992
    },
    {
      "active_tokens": 0,
      "frame": 229,
      "live_rows": 250,
      "native": {
        "cpu_seconds": 13.609375,
        "handles": 114,
        "io_read_bytes": 1613303824,
        "io_write_bytes": 54019652,
        "io_write_operations": 25277,
        "private_bytes": 8249344,
        "working_set_bytes": 17395712
      },
      "token_bytes": 0,
      "virtual_utc": 1800002059,
      "wal_bytes": 4177712,
      "wall_secs": 228.0306605
    },
    {
      "active_tokens": 0,
      "frame": 230,
      "live_rows": 250,
      "native": {
        "cpu_seconds": 13.640625,
        "handles": 114,
        "io_read_bytes": 1618071568,
        "io_write_bytes": 54097932,
        "io_write_operations": 25315,
        "private_bytes": 8970240,
        "working_set_bytes": 17952768
      },
      "token_bytes": 0,
      "virtual_utc": 1800002060,
      "wal_bytes": 4177712,
      "wall_secs": 229.033747
    },
    {
      "active_tokens": 0,
      "frame": 231,
      "live_rows": 250,
      "native": {
        "cpu_seconds": 13.671875,
        "handles": 114,
        "io_read_bytes": 1622839312,
        "io_write_bytes": 54172092,
        "io_write_operations": 25351,
        "private_bytes": 8675328,
        "working_set_bytes": 17399808
      },
      "token_bytes": 0,
      "virtual_utc": 1800002061,
      "wal_bytes": 4177712,
      "wall_secs": 230.0286112
    },
    {
      "active_tokens": 0,
      "frame": 232,
      "live_rows": 250,
      "native": {
        "cpu_seconds": 13.6875,
        "handles": 114,
        "io_read_bytes": 1627607056,
        "io_write_bytes": 54246252,
        "io_write_operations": 25387,
        "private_bytes": 9478144,
        "working_set_bytes": 18051072
      },
      "token_bytes": 0,
      "virtual_utc": 1800002062,
      "wal_bytes": 4177712,
      "wall_secs": 231.0310056
    },
    {
      "active_tokens": 0,
      "frame": 233,
      "live_rows": 250,
      "native": {
        "cpu_seconds": 13.703125,
        "handles": 114,
        "io_read_bytes": 1632374800,
        "io_write_bytes": 54320412,
        "io_write_operations": 25423,
        "private_bytes": 9347072,
        "working_set_bytes": 17530880
      },
      "token_bytes": 0,
      "virtual_utc": 1800002063,
      "wal_bytes": 4177712,
      "wall_secs": 232.0316833
    },
    {
      "active_tokens": 0,
      "frame": 234,
      "live_rows": 250,
      "native": {
        "cpu_seconds": 13.71875,
        "handles": 114,
        "io_read_bytes": 1637142544,
        "io_write_bytes": 54394572,
        "io_write_operations": 25459,
        "private_bytes": 9490432,
        "working_set_bytes": 18010112
      },
      "token_bytes": 0,
      "virtual_utc": 1800002064,
      "wal_bytes": 4177712,
      "wall_secs": 233.0301499
    },
    {
      "active_tokens": 0,
      "frame": 235,
      "live_rows": 250,
      "native": {
        "cpu_seconds": 13.734375,
        "handles": 114,
        "io_read_bytes": 1641910288,
        "io_write_bytes": 54468732,
        "io_write_operations": 25495,
        "private_bytes": 8105984,
        "working_set_bytes": 17260544
      },
      "token_bytes": 0,
      "virtual_utc": 1800002065,
      "wal_bytes": 4177712,
      "wall_secs": 234.0310127
    },
    {
      "active_tokens": 0,
      "frame": 236,
      "live_rows": 250,
      "native": {
        "cpu_seconds": 13.765625,
        "handles": 114,
        "io_read_bytes": 1646678032,
        "io_write_bytes": 54542892,
        "io_write_operations": 25531,
        "private_bytes": 8933376,
        "working_set_bytes": 18038784
      },
      "token_bytes": 0,
      "virtual_utc": 1800002066,
      "wal_bytes": 4177712,
      "wall_secs": 235.0309808
    },
    {
      "active_tokens": 0,
      "frame": 237,
      "live_rows": 250,
      "native": {
        "cpu_seconds": 13.765625,
        "handles": 114,
        "io_read_bytes": 1651445776,
        "io_write_bytes": 54617052,
        "io_write_operations": 25567,
        "private_bytes": 9199616,
        "working_set_bytes": 18239488
      },
      "token_bytes": 0,
      "virtual_utc": 1800002067,
      "wal_bytes": 4177712,
      "wall_secs": 236.0297383
    },
    {
      "active_tokens": 0,
      "frame": 238,
      "live_rows": 250,
      "native": {
        "cpu_seconds": 13.78125,
        "handles": 114,
        "io_read_bytes": 1656213520,
        "io_write_bytes": 54691212,
        "io_write_operations": 25603,
        "private_bytes": 9199616,
        "working_set_bytes": 18239488
      },
      "token_bytes": 0,
      "virtual_utc": 1800002068,
      "wal_bytes": 4177712,
      "wall_secs": 237.0308084
    },
    {
      "active_tokens": 0,
      "frame": 239,
      "live_rows": 250,
      "native": {
        "cpu_seconds": 13.8125,
        "handles": 114,
        "io_read_bytes": 1660981264,
        "io_write_bytes": 54765372,
        "io_write_operations": 25639,
        "private_bytes": 8470528,
        "working_set_bytes": 17186816
      },
      "token_bytes": 0,
      "virtual_utc": 1800002069,
      "wal_bytes": 4177712,
      "wall_secs": 238.0197961
    },
    {
      "active_tokens": 0,
      "frame": 240,
      "live_rows": 250,
      "native": {
        "cpu_seconds": 13.828125,
        "handles": 114,
        "io_read_bytes": 1665749008,
        "io_write_bytes": 54839532,
        "io_write_operations": 25675,
        "private_bytes": 9199616,
        "working_set_bytes": 18030592
      },
      "token_bytes": 0,
      "virtual_utc": 1800002070,
      "wal_bytes": 4177712,
      "wall_secs": 239.0305775
    },
    {
      "active_tokens": 0,
      "frame": 241,
      "live_rows": 250,
      "native": {
        "cpu_seconds": 13.859375,
        "handles": 114,
        "io_read_bytes": 1670516752,
        "io_write_bytes": 54913692,
        "io_write_operations": 25711,
        "private_bytes": 8830976,
        "working_set_bytes": 17530880
      },
      "token_bytes": 0,
      "virtual_utc": 1800002071,
      "wal_bytes": 4177712,
      "wall_secs": 240.0301387
    },
    {
      "active_tokens": 0,
      "frame": 242,
      "live_rows": 250,
      "native": {
        "cpu_seconds": 13.890625,
        "handles": 114,
        "io_read_bytes": 1675284496,
        "io_write_bytes": 54987852,
        "io_write_operations": 25747,
        "private_bytes": 9199616,
        "working_set_bytes": 18010112
      },
      "token_bytes": 0,
      "virtual_utc": 1800002072,
      "wal_bytes": 4177712,
      "wall_secs": 241.0293687
    },
    {
      "active_tokens": 0,
      "frame": 243,
      "live_rows": 250,
      "native": {
        "cpu_seconds": 13.921875,
        "handles": 114,
        "io_read_bytes": 1680052240,
        "io_write_bytes": 55062012,
        "io_write_operations": 25783,
        "private_bytes": 9199616,
        "working_set_bytes": 18235392
      },
      "token_bytes": 0,
      "virtual_utc": 1800002073,
      "wal_bytes": 4177712,
      "wall_secs": 242.02896
    },
    {
      "active_tokens": 0,
      "frame": 244,
      "live_rows": 250,
      "native": {
        "cpu_seconds": 13.953125,
        "handles": 114,
        "io_read_bytes": 1684819984,
        "io_write_bytes": 55136172,
        "io_write_operations": 25819,
        "private_bytes": 9199616,
        "working_set_bytes": 18235392
      },
      "token_bytes": 0,
      "virtual_utc": 1800002074,
      "wal_bytes": 4177712,
      "wall_secs": 243.0289098
    },
    {
      "active_tokens": 0,
      "frame": 245,
      "live_rows": 250,
      "native": {
        "cpu_seconds": 13.96875,
        "handles": 114,
        "io_read_bytes": 1689587728,
        "io_write_bytes": 55210332,
        "io_write_operations": 25855,
        "private_bytes": 7954432,
        "working_set_bytes": 17195008
      },
      "token_bytes": 0,
      "virtual_utc": 1800002075,
      "wal_bytes": 4177712,
      "wall_secs": 244.0291809
    },
    {
      "active_tokens": 0,
      "frame": 246,
      "live_rows": 250,
      "native": {
        "cpu_seconds": 14.0,
        "handles": 114,
        "io_read_bytes": 1694355472,
        "io_write_bytes": 55284492,
        "io_write_operations": 25891,
        "private_bytes": 9199616,
        "working_set_bytes": 17944576
      },
      "token_bytes": 0,
      "virtual_utc": 1800002076,
      "wal_bytes": 4177712,
      "wall_secs": 245.0279718
    },
    {
      "active_tokens": 0,
      "frame": 247,
      "live_rows": 250,
      "native": {
        "cpu_seconds": 14.03125,
        "handles": 114,
        "io_read_bytes": 1699123216,
        "io_write_bytes": 55358652,
        "io_write_operations": 25927,
        "private_bytes": 8781824,
        "working_set_bytes": 17498112
      },
      "token_bytes": 0,
      "virtual_utc": 1800002077,
      "wal_bytes": 4177712,
      "wall_secs": 246.0297323
    },
    {
      "active_tokens": 0,
      "frame": 248,
      "live_rows": 250,
      "native": {
        "cpu_seconds": 14.0625,
        "handles": 114,
        "io_read_bytes": 1703890960,
        "io_write_bytes": 55432812,
        "io_write_operations": 25963,
        "private_bytes": 9117696,
        "working_set_bytes": 17956864
      },
      "token_bytes": 0,
      "virtual_utc": 1800002078,
      "wal_bytes": 4177712,
      "wall_secs": 247.0287248
    },
    {
      "active_tokens": 0,
      "frame": 249,
      "live_rows": 250,
      "native": {
        "cpu_seconds": 14.09375,
        "handles": 114,
        "io_read_bytes": 1708658704,
        "io_write_bytes": 55506972,
        "io_write_operations": 25999,
        "private_bytes": 9117696,
        "working_set_bytes": 18178048
      },
      "token_bytes": 0,
      "virtual_utc": 1800002079,
      "wal_bytes": 4177712,
      "wall_secs": 248.0282597
    },
    {
      "active_tokens": 0,
      "frame": 250,
      "live_rows": 250,
      "native": {
        "cpu_seconds": 14.125,
        "handles": 114,
        "io_read_bytes": 1713426448,
        "io_write_bytes": 55581132,
        "io_write_operations": 26035,
        "private_bytes": 9117696,
        "working_set_bytes": 18178048
      },
      "token_bytes": 0,
      "virtual_utc": 1800002080,
      "wal_bytes": 4177712,
      "wall_secs": 249.0295696
    },
    {
      "active_tokens": 0,
      "frame": 251,
      "live_rows": 250,
      "native": {
        "cpu_seconds": 14.140625,
        "handles": 114,
        "io_read_bytes": 1718194192,
        "io_write_bytes": 55655292,
        "io_write_operations": 26071,
        "private_bytes": 9117696,
        "working_set_bytes": 18178048
      },
      "token_bytes": 0,
      "virtual_utc": 1800002081,
      "wal_bytes": 4177712,
      "wall_secs": 250.0319746
    },
    {
      "active_tokens": 0,
      "frame": 252,
      "live_rows": 250,
      "native": {
        "cpu_seconds": 14.171875,
        "handles": 114,
        "io_read_bytes": 1722961936,
        "io_write_bytes": 55729452,
        "io_write_operations": 26107,
        "private_bytes": 9117696,
        "working_set_bytes": 18178048
      },
      "token_bytes": 0,
      "virtual_utc": 1800002082,
      "wal_bytes": 4177712,
      "wall_secs": 251.0301425
    },
    {
      "active_tokens": 0,
      "frame": 253,
      "live_rows": 250,
      "native": {
        "cpu_seconds": 14.1875,
        "handles": 114,
        "io_read_bytes": 1727729680,
        "io_write_bytes": 55803612,
        "io_write_operations": 26143,
        "private_bytes": 9117696,
        "working_set_bytes": 18178048
      },
      "token_bytes": 0,
      "virtual_utc": 1800002083,
      "wal_bytes": 4177712,
      "wall_secs": 252.0308168
    },
    {
      "active_tokens": 0,
      "frame": 254,
      "live_rows": 250,
      "native": {
        "cpu_seconds": 14.21875,
        "handles": 114,
        "io_read_bytes": 1732497424,
        "io_write_bytes": 55877772,
        "io_write_operations": 26179,
        "private_bytes": 9117696,
        "working_set_bytes": 18178048
      },
      "token_bytes": 0,
      "virtual_utc": 1800002084,
      "wal_bytes": 4177712,
      "wall_secs": 253.0294897
    },
    {
      "active_tokens": 0,
      "frame": 255,
      "live_rows": 250,
      "native": {
        "cpu_seconds": 14.25,
        "handles": 114,
        "io_read_bytes": 1737265168,
        "io_write_bytes": 55951932,
        "io_write_operations": 26215,
        "private_bytes": 9117696,
        "working_set_bytes": 18178048
      },
      "token_bytes": 0,
      "virtual_utc": 1800002085,
      "wal_bytes": 4177712,
      "wall_secs": 254.0297477
    },
    {
      "active_tokens": 0,
      "frame": 256,
      "live_rows": 250,
      "native": {
        "cpu_seconds": 14.265625,
        "handles": 114,
        "io_read_bytes": 1742032912,
        "io_write_bytes": 56026092,
        "io_write_operations": 26251,
        "private_bytes": 9117696,
        "working_set_bytes": 18178048
      },
      "token_bytes": 0,
      "virtual_utc": 1800002086,
      "wal_bytes": 4177712,
      "wall_secs": 255.0298822
    },
    {
      "active_tokens": 0,
      "frame": 257,
      "live_rows": 250,
      "native": {
        "cpu_seconds": 14.28125,
        "handles": 114,
        "io_read_bytes": 1746800656,
        "io_write_bytes": 56100252,
        "io_write_operations": 26287,
        "private_bytes": 9117696,
        "working_set_bytes": 18178048
      },
      "token_bytes": 0,
      "virtual_utc": 1800002087,
      "wal_bytes": 4177712,
      "wall_secs": 256.0314531
    },
    {
      "active_tokens": 0,
      "frame": 258,
      "live_rows": 250,
      "native": {
        "cpu_seconds": 14.296875,
        "handles": 114,
        "io_read_bytes": 1751568400,
        "io_write_bytes": 56174412,
        "io_write_operations": 26323,
        "private_bytes": 9117696,
        "working_set_bytes": 18178048
      },
      "token_bytes": 0,
      "virtual_utc": 1800002088,
      "wal_bytes": 4177712,
      "wall_secs": 257.0303581
    },
    {
      "active_tokens": 0,
      "frame": 259,
      "live_rows": 250,
      "native": {
        "cpu_seconds": 14.328125,
        "handles": 114,
        "io_read_bytes": 1756336144,
        "io_write_bytes": 56248572,
        "io_write_operations": 26359,
        "private_bytes": 9117696,
        "working_set_bytes": 18178048
      },
      "token_bytes": 0,
      "virtual_utc": 1800002089,
      "wal_bytes": 4177712,
      "wall_secs": 258.0297491
    },
    {
      "active_tokens": 0,
      "frame": 260,
      "live_rows": 250,
      "native": {
        "cpu_seconds": 14.34375,
        "handles": 114,
        "io_read_bytes": 1761103888,
        "io_write_bytes": 56322732,
        "io_write_operations": 26395,
        "private_bytes": 9117696,
        "working_set_bytes": 18178048
      },
      "token_bytes": 0,
      "virtual_utc": 1800002090,
      "wal_bytes": 4177712,
      "wall_secs": 259.0310401
    },
    {
      "active_tokens": 0,
      "frame": 261,
      "live_rows": 250,
      "native": {
        "cpu_seconds": 14.359375,
        "handles": 114,
        "io_read_bytes": 1765871632,
        "io_write_bytes": 56396892,
        "io_write_operations": 26431,
        "private_bytes": 9117696,
        "working_set_bytes": 18178048
      },
      "token_bytes": 0,
      "virtual_utc": 1800002091,
      "wal_bytes": 4177712,
      "wall_secs": 260.0302947
    },
    {
      "active_tokens": 0,
      "frame": 262,
      "live_rows": 250,
      "native": {
        "cpu_seconds": 14.375,
        "handles": 114,
        "io_read_bytes": 1770639376,
        "io_write_bytes": 56471052,
        "io_write_operations": 26467,
        "private_bytes": 9232384,
        "working_set_bytes": 18341888
      },
      "token_bytes": 0,
      "virtual_utc": 1800002092,
      "wal_bytes": 4177712,
      "wall_secs": 261.0311376
    },
    {
      "active_tokens": 0,
      "frame": 263,
      "live_rows": 250,
      "native": {
        "cpu_seconds": 14.40625,
        "handles": 114,
        "io_read_bytes": 1775407120,
        "io_write_bytes": 56545212,
        "io_write_operations": 26503,
        "private_bytes": 9232384,
        "working_set_bytes": 18345984
      },
      "token_bytes": 0,
      "virtual_utc": 1800002093,
      "wal_bytes": 4177712,
      "wall_secs": 262.0293921
    },
    {
      "active_tokens": 0,
      "frame": 264,
      "live_rows": 250,
      "native": {
        "cpu_seconds": 14.421875,
        "handles": 114,
        "io_read_bytes": 1780174864,
        "io_write_bytes": 56619372,
        "io_write_operations": 26539,
        "private_bytes": 9232384,
        "working_set_bytes": 18362368
      },
      "token_bytes": 0,
      "virtual_utc": 1800002094,
      "wal_bytes": 4177712,
      "wall_secs": 263.0325706
    },
    {
      "active_tokens": 0,
      "frame": 265,
      "live_rows": 250,
      "native": {
        "cpu_seconds": 14.46875,
        "handles": 114,
        "io_read_bytes": 1784942608,
        "io_write_bytes": 56693532,
        "io_write_operations": 26575,
        "private_bytes": 9232384,
        "working_set_bytes": 18362368
      },
      "token_bytes": 0,
      "virtual_utc": 1800002095,
      "wal_bytes": 4177712,
      "wall_secs": 264.0289281
    },
    {
      "active_tokens": 0,
      "frame": 266,
      "live_rows": 250,
      "native": {
        "cpu_seconds": 14.484375,
        "handles": 114,
        "io_read_bytes": 1789710352,
        "io_write_bytes": 56767692,
        "io_write_operations": 26611,
        "private_bytes": 9232384,
        "working_set_bytes": 18362368
      },
      "token_bytes": 0,
      "virtual_utc": 1800002096,
      "wal_bytes": 4177712,
      "wall_secs": 265.0306466
    },
    {
      "active_tokens": 0,
      "frame": 267,
      "live_rows": 250,
      "native": {
        "cpu_seconds": 14.5,
        "handles": 114,
        "io_read_bytes": 1794478096,
        "io_write_bytes": 56841852,
        "io_write_operations": 26647,
        "private_bytes": 9232384,
        "working_set_bytes": 18362368
      },
      "token_bytes": 0,
      "virtual_utc": 1800002097,
      "wal_bytes": 4177712,
      "wall_secs": 266.0310788
    },
    {
      "active_tokens": 0,
      "frame": 268,
      "live_rows": 250,
      "native": {
        "cpu_seconds": 14.515625,
        "handles": 114,
        "io_read_bytes": 1799245840,
        "io_write_bytes": 56916012,
        "io_write_operations": 26683,
        "private_bytes": 9232384,
        "working_set_bytes": 18362368
      },
      "token_bytes": 0,
      "virtual_utc": 1800002098,
      "wal_bytes": 4177712,
      "wall_secs": 267.0309013
    },
    {
      "active_tokens": 0,
      "frame": 269,
      "live_rows": 250,
      "native": {
        "cpu_seconds": 14.53125,
        "handles": 114,
        "io_read_bytes": 1804013584,
        "io_write_bytes": 56990172,
        "io_write_operations": 26719,
        "private_bytes": 9232384,
        "working_set_bytes": 18362368
      },
      "token_bytes": 0,
      "virtual_utc": 1800002099,
      "wal_bytes": 4177712,
      "wall_secs": 268.0307506
    },
    {
      "active_tokens": 0,
      "frame": 270,
      "live_rows": 250,
      "native": {
        "cpu_seconds": 14.5625,
        "handles": 114,
        "io_read_bytes": 1808797712,
        "io_write_bytes": 57105532,
        "io_write_operations": 26775,
        "private_bytes": 9232384,
        "working_set_bytes": 18362368
      },
      "token_bytes": 0,
      "virtual_utc": 1800002100,
      "wal_bytes": 4177712,
      "wall_secs": 269.0276563
    },
    {
      "active_tokens": 0,
      "frame": 271,
      "live_rows": 250,
      "native": {
        "cpu_seconds": 14.578125,
        "handles": 114,
        "io_read_bytes": 1813561360,
        "io_write_bytes": 57179692,
        "io_write_operations": 26811,
        "private_bytes": 9232384,
        "working_set_bytes": 18362368
      },
      "token_bytes": 0,
      "virtual_utc": 1800002101,
      "wal_bytes": 4177712,
      "wall_secs": 270.030339
    },
    {
      "active_tokens": 0,
      "frame": 272,
      "live_rows": 250,
      "native": {
        "cpu_seconds": 14.609375,
        "handles": 114,
        "io_read_bytes": 1818333200,
        "io_write_bytes": 57262092,
        "io_write_operations": 26851,
        "private_bytes": 9232384,
        "working_set_bytes": 18362368
      },
      "token_bytes": 0,
      "virtual_utc": 1800002102,
      "wal_bytes": 4177712,
      "wall_secs": 271.0285616
    },
    {
      "active_tokens": 0,
      "frame": 273,
      "live_rows": 250,
      "native": {
        "cpu_seconds": 14.625,
        "handles": 114,
        "io_read_bytes": 1823100944,
        "io_write_bytes": 57336252,
        "io_write_operations": 26887,
        "private_bytes": 9232384,
        "working_set_bytes": 18362368
      },
      "token_bytes": 0,
      "virtual_utc": 1800002103,
      "wal_bytes": 4177712,
      "wall_secs": 272.0310621
    },
    {
      "active_tokens": 0,
      "frame": 274,
      "live_rows": 250,
      "native": {
        "cpu_seconds": 14.65625,
        "handles": 114,
        "io_read_bytes": 1827868688,
        "io_write_bytes": 57410412,
        "io_write_operations": 26923,
        "private_bytes": 9232384,
        "working_set_bytes": 18362368
      },
      "token_bytes": 0,
      "virtual_utc": 1800002104,
      "wal_bytes": 4177712,
      "wall_secs": 273.0283215
    },
    {
      "active_tokens": 0,
      "frame": 275,
      "live_rows": 250,
      "native": {
        "cpu_seconds": 14.6875,
        "handles": 114,
        "io_read_bytes": 1832636432,
        "io_write_bytes": 57484572,
        "io_write_operations": 26959,
        "private_bytes": 9232384,
        "working_set_bytes": 18362368
      },
      "token_bytes": 0,
      "virtual_utc": 1800002105,
      "wal_bytes": 4177712,
      "wall_secs": 274.0287143
    },
    {
      "active_tokens": 0,
      "frame": 276,
      "live_rows": 250,
      "native": {
        "cpu_seconds": 14.703125,
        "handles": 114,
        "io_read_bytes": 1837404176,
        "io_write_bytes": 57558732,
        "io_write_operations": 26995,
        "private_bytes": 9232384,
        "working_set_bytes": 18362368
      },
      "token_bytes": 0,
      "virtual_utc": 1800002106,
      "wal_bytes": 4177712,
      "wall_secs": 275.0308784
    },
    {
      "active_tokens": 0,
      "frame": 277,
      "live_rows": 250,
      "native": {
        "cpu_seconds": 14.734375,
        "handles": 114,
        "io_read_bytes": 1842171920,
        "io_write_bytes": 57632892,
        "io_write_operations": 27031,
        "private_bytes": 9232384,
        "working_set_bytes": 18362368
      },
      "token_bytes": 0,
      "virtual_utc": 1800002107,
      "wal_bytes": 4177712,
      "wall_secs": 276.0276547
    },
    {
      "active_tokens": 0,
      "frame": 278,
      "live_rows": 250,
      "native": {
        "cpu_seconds": 14.75,
        "handles": 114,
        "io_read_bytes": 1846939664,
        "io_write_bytes": 57707052,
        "io_write_operations": 27067,
        "private_bytes": 9232384,
        "working_set_bytes": 18362368
      },
      "token_bytes": 0,
      "virtual_utc": 1800002108,
      "wal_bytes": 4177712,
      "wall_secs": 277.0323816
    },
    {
      "active_tokens": 0,
      "frame": 279,
      "live_rows": 250,
      "native": {
        "cpu_seconds": 14.78125,
        "handles": 114,
        "io_read_bytes": 1851838480,
        "io_write_bytes": 57912284,
        "io_write_operations": 27135,
        "private_bytes": 9232384,
        "working_set_bytes": 18362368
      },
      "token_bytes": 0,
      "virtual_utc": 1800002109,
      "wal_bytes": 4177712,
      "wall_secs": 278.0326117
    },
    {
      "active_tokens": 0,
      "frame": 280,
      "live_rows": 250,
      "native": {
        "cpu_seconds": 14.828125,
        "handles": 114,
        "io_read_bytes": 1856606224,
        "io_write_bytes": 57986476,
        "io_write_operations": 27172,
        "private_bytes": 9232384,
        "working_set_bytes": 18362368
      },
      "token_bytes": 0,
      "virtual_utc": 1800002110,
      "wal_bytes": 4177712,
      "wall_secs": 279.0341032
    },
    {
      "active_tokens": 0,
      "frame": 281,
      "live_rows": 250,
      "native": {
        "cpu_seconds": 14.859375,
        "handles": 114,
        "io_read_bytes": 1861373968,
        "io_write_bytes": 58064756,
        "io_write_operations": 27210,
        "private_bytes": 9232384,
        "working_set_bytes": 18362368
      },
      "token_bytes": 0,
      "virtual_utc": 1800002111,
      "wal_bytes": 4177712,
      "wall_secs": 280.029201
    },
    {
      "active_tokens": 0,
      "frame": 282,
      "live_rows": 250,
      "native": {
        "cpu_seconds": 14.890625,
        "handles": 114,
        "io_read_bytes": 1866141712,
        "io_write_bytes": 58138916,
        "io_write_operations": 27246,
        "private_bytes": 9232384,
        "working_set_bytes": 18362368
      },
      "token_bytes": 0,
      "virtual_utc": 1800002112,
      "wal_bytes": 4177712,
      "wall_secs": 281.0287297
    },
    {
      "active_tokens": 0,
      "frame": 283,
      "live_rows": 250,
      "native": {
        "cpu_seconds": 14.90625,
        "handles": 114,
        "io_read_bytes": 1870909456,
        "io_write_bytes": 58213076,
        "io_write_operations": 27282,
        "private_bytes": 9232384,
        "working_set_bytes": 18362368
      },
      "token_bytes": 0,
      "virtual_utc": 1800002113,
      "wal_bytes": 4177712,
      "wall_secs": 282.03054
    },
    {
      "active_tokens": 0,
      "frame": 284,
      "live_rows": 250,
      "native": {
        "cpu_seconds": 14.921875,
        "handles": 114,
        "io_read_bytes": 1875677200,
        "io_write_bytes": 58287236,
        "io_write_operations": 27318,
        "private_bytes": 9232384,
        "working_set_bytes": 18362368
      },
      "token_bytes": 0,
      "virtual_utc": 1800002114,
      "wal_bytes": 4177712,
      "wall_secs": 283.0317065
    },
    {
      "active_tokens": 0,
      "frame": 285,
      "live_rows": 250,
      "native": {
        "cpu_seconds": 14.9375,
        "handles": 114,
        "io_read_bytes": 1880444944,
        "io_write_bytes": 58361396,
        "io_write_operations": 27354,
        "private_bytes": 9232384,
        "working_set_bytes": 18362368
      },
      "token_bytes": 0,
      "virtual_utc": 1800002115,
      "wal_bytes": 4177712,
      "wall_secs": 284.0311881
    },
    {
      "active_tokens": 0,
      "frame": 286,
      "live_rows": 250,
      "native": {
        "cpu_seconds": 14.96875,
        "handles": 114,
        "io_read_bytes": 1885212688,
        "io_write_bytes": 58435556,
        "io_write_operations": 27390,
        "private_bytes": 9232384,
        "working_set_bytes": 18362368
      },
      "token_bytes": 0,
      "virtual_utc": 1800002116,
      "wal_bytes": 4177712,
      "wall_secs": 285.0290002
    },
    {
      "active_tokens": 0,
      "frame": 287,
      "live_rows": 250,
      "native": {
        "cpu_seconds": 14.984375,
        "handles": 114,
        "io_read_bytes": 1889980432,
        "io_write_bytes": 58509716,
        "io_write_operations": 27426,
        "private_bytes": 9232384,
        "working_set_bytes": 18362368
      },
      "token_bytes": 0,
      "virtual_utc": 1800002117,
      "wal_bytes": 4177712,
      "wall_secs": 286.0304944
    },
    {
      "active_tokens": 0,
      "frame": 288,
      "live_rows": 250,
      "native": {
        "cpu_seconds": 15.015625,
        "handles": 114,
        "io_read_bytes": 1894748176,
        "io_write_bytes": 58583876,
        "io_write_operations": 27462,
        "private_bytes": 9232384,
        "working_set_bytes": 18427904
      },
      "token_bytes": 0,
      "virtual_utc": 1800002118,
      "wal_bytes": 4177712,
      "wall_secs": 287.0215251
    },
    {
      "active_tokens": 0,
      "frame": 289,
      "live_rows": 250,
      "native": {
        "cpu_seconds": 15.03125,
        "handles": 114,
        "io_read_bytes": 1899515920,
        "io_write_bytes": 58658036,
        "io_write_operations": 27498,
        "private_bytes": 9232384,
        "working_set_bytes": 18427904
      },
      "token_bytes": 0,
      "virtual_utc": 1800002119,
      "wal_bytes": 4177712,
      "wall_secs": 288.0307361
    },
    {
      "active_tokens": 0,
      "frame": 290,
      "live_rows": 250,
      "native": {
        "cpu_seconds": 15.046875,
        "handles": 114,
        "io_read_bytes": 1904283664,
        "io_write_bytes": 58732196,
        "io_write_operations": 27534,
        "private_bytes": 9232384,
        "working_set_bytes": 18497536
      },
      "token_bytes": 0,
      "virtual_utc": 1800002120,
      "wal_bytes": 4177712,
      "wall_secs": 289.0308924
    },
    {
      "active_tokens": 0,
      "frame": 291,
      "live_rows": 250,
      "native": {
        "cpu_seconds": 15.078125,
        "handles": 114,
        "io_read_bytes": 1909051408,
        "io_write_bytes": 58806356,
        "io_write_operations": 27570,
        "private_bytes": 9232384,
        "working_set_bytes": 18497536
      },
      "token_bytes": 0,
      "virtual_utc": 1800002121,
      "wal_bytes": 4177712,
      "wall_secs": 290.0283329
    },
    {
      "active_tokens": 0,
      "frame": 292,
      "live_rows": 250,
      "native": {
        "cpu_seconds": 15.125,
        "handles": 114,
        "io_read_bytes": 1913819152,
        "io_write_bytes": 58880516,
        "io_write_operations": 27606,
        "private_bytes": 9232384,
        "working_set_bytes": 18497536
      },
      "token_bytes": 0,
      "virtual_utc": 1800002122,
      "wal_bytes": 4177712,
      "wall_secs": 291.4254344
    },
    {
      "active_tokens": 0,
      "frame": 293,
      "live_rows": 250,
      "native": {
        "cpu_seconds": 15.140625,
        "handles": 114,
        "io_read_bytes": 1918586896,
        "io_write_bytes": 58954676,
        "io_write_operations": 27642,
        "private_bytes": 9232384,
        "working_set_bytes": 18501632
      },
      "token_bytes": 0,
      "virtual_utc": 1800002123,
      "wal_bytes": 4177712,
      "wall_secs": 292.0306633
    },
    {
      "active_tokens": 0,
      "frame": 294,
      "live_rows": 250,
      "native": {
        "cpu_seconds": 15.15625,
        "handles": 114,
        "io_read_bytes": 1923354640,
        "io_write_bytes": 59028836,
        "io_write_operations": 27678,
        "private_bytes": 9232384,
        "working_set_bytes": 18509824
      },
      "token_bytes": 0,
      "virtual_utc": 1800002124,
      "wal_bytes": 4177712,
      "wall_secs": 293.0311754
    },
    {
      "active_tokens": 0,
      "frame": 295,
      "live_rows": 250,
      "native": {
        "cpu_seconds": 15.171875,
        "handles": 114,
        "io_read_bytes": 1928122384,
        "io_write_bytes": 59102996,
        "io_write_operations": 27714,
        "private_bytes": 8658944,
        "working_set_bytes": 17956864
      },
      "token_bytes": 0,
      "virtual_utc": 1800002125,
      "wal_bytes": 4177712,
      "wall_secs": 294.030547
    },
    {
      "active_tokens": 0,
      "frame": 296,
      "live_rows": 250,
      "native": {
        "cpu_seconds": 15.203125,
        "handles": 114,
        "io_read_bytes": 1932890128,
        "io_write_bytes": 59177156,
        "io_write_operations": 27750,
        "private_bytes": 9220096,
        "working_set_bytes": 18477056
      },
      "token_bytes": 0,
      "virtual_utc": 1800002126,
      "wal_bytes": 4177712,
      "wall_secs": 295.0289964
    },
    {
      "active_tokens": 0,
      "frame": 297,
      "live_rows": 250,
      "native": {
        "cpu_seconds": 15.234375,
        "handles": 114,
        "io_read_bytes": 1937657872,
        "io_write_bytes": 59251316,
        "io_write_operations": 27786,
        "private_bytes": 9220096,
        "working_set_bytes": 18509824
      },
      "token_bytes": 0,
      "virtual_utc": 1800002127,
      "wal_bytes": 4177712,
      "wall_secs": 296.0291327
    },
    {
      "active_tokens": 0,
      "frame": 298,
      "live_rows": 250,
      "native": {
        "cpu_seconds": 15.25,
        "handles": 114,
        "io_read_bytes": 1942425616,
        "io_write_bytes": 59325476,
        "io_write_operations": 27822,
        "private_bytes": 9220096,
        "working_set_bytes": 18518016
      },
      "token_bytes": 0,
      "virtual_utc": 1800002128,
      "wal_bytes": 4177712,
      "wall_secs": 297.0308049
    },
    {
      "active_tokens": 0,
      "frame": 299,
      "live_rows": 250,
      "native": {
        "cpu_seconds": 15.265625,
        "handles": 114,
        "io_read_bytes": 1947193360,
        "io_write_bytes": 59399636,
        "io_write_operations": 27858,
        "private_bytes": 9220096,
        "working_set_bytes": 18542592
      },
      "token_bytes": 0,
      "virtual_utc": 1800002129,
      "wal_bytes": 4177712,
      "wall_secs": 298.0313365
    },
    {
      "active_tokens": 0,
      "frame": 300,
      "live_rows": 250,
      "native": {
        "cpu_seconds": 15.265625,
        "handles": 114,
        "io_read_bytes": 1951961104,
        "io_write_bytes": 59473796,
        "io_write_operations": 27894,
        "private_bytes": 9220096,
        "working_set_bytes": 18554880
      },
      "token_bytes": 0,
      "virtual_utc": 1800002130,
      "wal_bytes": 4177712,
      "wall_secs": 299.0317114
    }
  ],
  "schedule_lag_frames_max": 0,
  "schema_version": 1,
  "simulated_secs": 300,
  "spool_write_bytes": null,
  "sqlite_application_file_write_bytes": 23531752,
  "sqlite_xwrite": {
    "db_bytes": 1024000,
    "failed_calls": 0,
    "other_sqlite_file_bytes": 0,
    "successful_calls": 11182,
    "wal_bytes": 22507752
  },
  "synchronous": "FULL",
  "tables_and_indexes": {
    "dbstat_available": true,
    "objects": [
      {
        "bytes": 4096,
        "bytes_per_row": null,
        "kind": "table",
        "name": "alert_event",
        "rows": 0,
        "table": "alert_event"
      },
      {
        "bytes": 4096,
        "bytes_per_row": 585.1428571428571,
        "kind": "table",
        "name": "alert_instance",
        "rows": 7,
        "table": "alert_instance"
      },
      {
        "bytes": 4096,
        "bytes_per_row": null,
        "kind": "index",
        "name": "alert_instance_active_uniq",
        "rows": null,
        "table": "alert_instance"
      },
      {
        "bytes": 4096,
        "bytes_per_row": null,
        "kind": "index",
        "name": "alert_instance_identity",
        "rows": null,
        "table": "alert_instance"
      },
      {
        "bytes": 4096,
        "bytes_per_row": 585.1428571428571,
        "kind": "table",
        "name": "alert_rule",
        "rows": 7,
        "table": "alert_rule"
      },
      {
        "bytes": 4096,
        "bytes_per_row": null,
        "kind": "table",
        "name": "backup_manifest",
        "rows": 0,
        "table": "backup_manifest"
      },
      {
        "bytes": 4096,
        "bytes_per_row": 4096.0,
        "kind": "table",
        "name": "bundle_epoch",
        "rows": 1,
        "table": "bundle_epoch"
      },
      {
        "bytes": 32768,
        "bytes_per_row": 98.99697885196375,
        "kind": "table",
        "name": "committed_bundle",
        "rows": 331,
        "table": "committed_bundle"
      },
      {
        "bytes": 16384,
        "bytes_per_row": 32.768,
        "kind": "table",
        "name": "connection_chain",
        "rows": 500,
        "table": "connection_chain"
      },
      {
        "bytes": 36864,
        "bytes_per_row": 24.576,
        "kind": "table",
        "name": "connection_minute",
        "rows": 1500,
        "table": "connection_minute"
      },
      {
        "bytes": 16384,
        "bytes_per_row": 65.536,
        "kind": "table",
        "name": "connection_session",
        "rows": 250,
        "table": "connection_session"
      },
      {
        "bytes": 16384,
        "bytes_per_row": 65.536,
        "kind": "table",
        "name": "connection_session_attr",
        "rows": 250,
        "table": "connection_session_attr"
      },
      {
        "bytes": 12288,
        "bytes_per_row": null,
        "kind": "index",
        "name": "connection_session_identity",
        "rows": null,
        "table": "connection_session"
      },
      {
        "bytes": 4096,
        "bytes_per_row": 4096.0,
        "kind": "table",
        "name": "controller_epoch",
        "rows": 1,
        "table": "controller_epoch"
      },
      {
        "bytes": 4096,
        "bytes_per_row": null,
        "kind": "table",
        "name": "coverage_daily",
        "rows": 0,
        "table": "coverage_daily"
      },
      {
        "bytes": 4096,
        "bytes_per_row": null,
        "kind": "table",
        "name": "coverage_interval",
        "rows": 0,
        "table": "coverage_interval"
      },
      {
        "bytes": 4096,
        "bytes_per_row": 4096.0,
        "kind": "table",
        "name": "data_version",
        "rows": 1,
        "table": "data_version"
      },
      {
        "bytes": 4096,
        "bytes_per_row": 39.00952380952381,
        "kind": "table",
        "name": "dimension_dict",
        "rows": 105,
        "table": "dimension_dict"
      },
      {
        "bytes": 4096,
        "bytes_per_row": null,
        "kind": "index",
        "name": "dimension_dict_value",
        "rows": null,
        "table": "dimension_dict"
      },
      {
        "bytes": 4096,
        "bytes_per_row": null,
        "kind": "index",
        "name": "idx_alert_event_retention",
        "rows": null,
        "table": "alert_event"
      },
      {
        "bytes": 4096,
        "bytes_per_row": null,
        "kind": "index",
        "name": "idx_alert_instance_center",
        "rows": null,
        "table": "alert_instance"
      },
      {
        "bytes": 28672,
        "bytes_per_row": null,
        "kind": "index",
        "name": "idx_connection_minute_utc",
        "rows": null,
        "table": "connection_minute"
      },
      {
        "bytes": 4096,
        "bytes_per_row": null,
        "kind": "index",
        "name": "idx_connection_session_started",
        "rows": null,
        "table": "connection_session"
      },
      {
        "bytes": 4096,
        "bytes_per_row": null,
        "kind": "index",
        "name": "idx_daily_core_day",
        "rows": null,
        "table": "traffic_daily_core"
      },
      {
        "bytes": 4096,
        "bytes_per_row": null,
        "kind": "index",
        "name": "idx_daily_dim_lookup",
        "rows": null,
        "table": "traffic_daily_dimension"
      },
      {
        "bytes": 4096,
        "bytes_per_row": null,
        "kind": "index",
        "name": "idx_hourly_dim_lookup",
        "rows": null,
        "table": "traffic_hourly_dimension"
      },
      {
        "bytes": 4096,
        "bytes_per_row": null,
        "kind": "index",
        "name": "idx_outbox_due",
        "rows": null,
        "table": "notification_outbox"
      },
      {
        "bytes": 4096,
        "bytes_per_row": null,
        "kind": "index",
        "name": "idx_outbox_lease",
        "rows": null,
        "table": "notification_outbox"
      },
      {
        "bytes": 28672,
        "bytes_per_row": null,
        "kind": "index",
        "name": "idx_report_archive_kind_start",
        "rows": null,
        "table": "report_archive"
      },
      {
        "bytes": 4096,
        "bytes_per_row": null,
        "kind": "index",
        "name": "idx_session_attr_host",
        "rows": null,
        "table": "connection_session_attr"
      },
      {
        "bytes": 4096,
        "bytes_per_row": null,
        "kind": "table",
        "name": "machine_setting",
        "rows": 0,
        "table": "machine_setting"
      },
      {
        "bytes": 4096,
        "bytes_per_row": null,
        "kind": "table",
        "name": "notification_outbox",
        "rows": 0,
        "table": "notification_outbox"
      },
      {
        "bytes": 2297856,
        "bytes_per_row": 2059.010752688172,
        "kind": "table",
        "name": "report_archive",
        "rows": 1116,
        "table": "report_archive"
      },
      {
        "bytes": 176128,
        "bytes_per_row": null,
        "kind": "index",
        "name": "report_archive_period_uniq",
        "rows": null,
        "table": "report_archive"
      },
      {
        "bytes": 4096,
        "bytes_per_row": null,
        "kind": "table",
        "name": "report_snapshot_meta",
        "rows": 0,
        "table": "report_snapshot_meta"
      },
      {
        "bytes": 4096,
        "bytes_per_row": null,
        "kind": "table",
        "name": "retention_state",
        "rows": 0,
        "table": "retention_state"
      },
      {
        "bytes": 4096,
        "bytes_per_row": 1024.0,
        "kind": "table",
        "name": "retention_watermark",
        "rows": 4,
        "table": "retention_watermark"
      },
      {
        "bytes": 4096,
        "bytes_per_row": 1024.0,
        "kind": "table",
        "name": "schema_migration",
        "rows": 4,
        "table": "schema_migration"
      },
      {
        "bytes": 4096,
        "bytes_per_row": null,
        "kind": "index",
        "name": "sqlite_autoindex_alert_event_1",
        "rows": null,
        "table": "alert_event"
      },
      {
        "bytes": 4096,
        "bytes_per_row": null,
        "kind": "index",
        "name": "sqlite_autoindex_alert_event_2",
        "rows": null,
        "table": "alert_event"
      },
      {
        "bytes": 4096,
        "bytes_per_row": null,
        "kind": "index",
        "name": "sqlite_autoindex_alert_instance_1",
        "rows": null,
        "table": "alert_instance"
      },
      {
        "bytes": 4096,
        "bytes_per_row": null,
        "kind": "index",
        "name": "sqlite_autoindex_alert_rule_1",
        "rows": null,
        "table": "alert_rule"
      },
      {
        "bytes": 4096,
        "bytes_per_row": null,
        "kind": "index",
        "name": "sqlite_autoindex_committed_bundle_1",
        "rows": null,
        "table": "committed_bundle"
      },
      {
        "bytes": 12288,
        "bytes_per_row": null,
        "kind": "index",
        "name": "sqlite_autoindex_connection_chain_1",
        "rows": null,
        "table": "connection_chain"
      },
      {
        "bytes": 28672,
        "bytes_per_row": null,
        "kind": "index",
        "name": "sqlite_autoindex_connection_minute_1",
        "rows": null,
        "table": "connection_minute"
      },
      {
        "bytes": 4096,
        "bytes_per_row": null,
        "kind": "index",
        "name": "sqlite_autoindex_dimension_dict_1",
        "rows": null,
        "table": "dimension_dict"
      },
      {
        "bytes": 4096,
        "bytes_per_row": null,
        "kind": "index",
        "name": "sqlite_autoindex_machine_setting_1",
        "rows": null,
        "table": "machine_setting"
      },
      {
        "bytes": 4096,
        "bytes_per_row": null,
        "kind": "index",
        "name": "sqlite_autoindex_notification_outbox_1",
        "rows": null,
        "table": "notification_outbox"
      },
      {
        "bytes": 4096,
        "bytes_per_row": null,
        "kind": "index",
        "name": "sqlite_autoindex_notification_outbox_2",
        "rows": null,
        "table": "notification_outbox"
      },
      {
        "bytes": 53248,
        "bytes_per_row": null,
        "kind": "index",
        "name": "sqlite_autoindex_report_archive_1",
        "rows": null,
        "table": "report_archive"
      },
      {
        "bytes": 4096,
        "bytes_per_row": null,
        "kind": "index",
        "name": "sqlite_autoindex_report_snapshot_meta_1",
        "rows": null,
        "table": "report_snapshot_meta"
      },
      {
        "bytes": 4096,
        "bytes_per_row": null,
        "kind": "index",
        "name": "sqlite_autoindex_retention_state_1",
        "rows": null,
        "table": "retention_state"
      },
      {
        "bytes": 4096,
        "bytes_per_row": null,
        "kind": "index",
        "name": "sqlite_autoindex_retention_watermark_1",
        "rows": null,
        "table": "retention_watermark"
      },
      {
        "bytes": 4096,
        "bytes_per_row": null,
        "kind": "index",
        "name": "sqlite_autoindex_target_item_1",
        "rows": null,
        "table": "target_item"
      },
      {
        "bytes": 4096,
        "bytes_per_row": null,
        "kind": "index",
        "name": "sqlite_autoindex_traffic_daily_core_1",
        "rows": null,
        "table": "traffic_daily_core"
      },
      {
        "bytes": 4096,
        "bytes_per_row": null,
        "kind": "index",
        "name": "sqlite_autoindex_traffic_daily_dimension_1",
        "rows": null,
        "table": "traffic_daily_dimension"
      },
      {
        "bytes": 4096,
        "bytes_per_row": null,
        "kind": "index",
        "name": "sqlite_autoindex_traffic_hourly_dimension_1",
        "rows": null,
        "table": "traffic_hourly_dimension"
      },
      {
        "bytes": 4096,
        "bytes_per_row": 4096.0,
        "kind": "table",
        "name": "target_item",
        "rows": 1,
        "table": "target_item"
      },
      {
        "bytes": 4096,
        "bytes_per_row": 4096.0,
        "kind": "table",
        "name": "target_set",
        "rows": 1,
        "table": "target_set"
      },
      {
        "bytes": 4096,
        "bytes_per_row": null,
        "kind": "table",
        "name": "traffic_daily_core",
        "rows": 0,
        "table": "traffic_daily_core"
      },
      {
        "bytes": 4096,
        "bytes_per_row": null,
        "kind": "table",
        "name": "traffic_daily_dimension",
        "rows": 0,
        "table": "traffic_daily_dimension"
      },
      {
        "bytes": 4096,
        "bytes_per_row": null,
        "kind": "table",
        "name": "traffic_hourly_dimension",
        "rows": 0,
        "table": "traffic_hourly_dimension"
      }
    ]
  },
  "traffic": {
    "conserved": true,
    "expected_added_download": 3516900,
    "expected_added_upload": 1048200,
    "final_download": 3868590,
    "final_upload": 1153020,
    "initial_download": 351690,
    "initial_upload": 104820
  },
  "warmup_wall_secs": 30.000126,
  "writer_rows_changed": 453000
}
