{
  "all_application_file_write_bytes": null,
  "commits": 300,
  "executable_sha256": "d590ef1082718856f0f92f865a260fe99d530f8dc05ae2db4501157fe110f8a4",
  "final_files_and_pages": {
    "active_page_bytes": 2973696,
    "archive_failed": 0,
    "archive_ok": 1116,
    "archive_spool_present_bytes": 0,
    "db_bytes": 2973696,
    "freelist_count": 1,
    "journal_mode": "wal",
    "page_count": 727,
    "page_size": 4096,
    "reusable_page_bytes": 4096,
    "schema_version": 4,
    "shm_bytes": 32768,
    "spool_present_bytes": 0,
    "synchronous": 2,
    "wal_bytes": 4177712
  },
  "fixture_hash": "e4f93c4c583bec372f8e675e66e5004823987f6832bf1387c0a4f54e965004f1",
  "frame_budget_overruns": 0,
  "frames": 300,
  "initial_files_and_pages": {
    "active_page_bytes": 2871296,
    "archive_failed": 0,
    "archive_ok": 1116,
    "archive_spool_present_bytes": 0,
    "db_bytes": 2666496,
    "freelist_count": 0,
    "journal_mode": "wal",
    "page_count": 701,
    "page_size": 4096,
    "reusable_page_bytes": 0,
    "schema_version": 4,
    "shm_bytes": 32768,
    "spool_present_bytes": 0,
    "synchronous": 2,
    "wal_bytes": 4161232
  },
  "kind": "isolated-real-facade",
  "latency": {
    "archive_tick": {
      "count": 300,
      "max_ms": 25.5756,
      "p50_ms": 18.4558,
      "p95_ms": 20.220399999999998,
      "p99_ms": 21.9155
    },
    "facade_ingest_including_durable_commit": {
      "count": 300,
      "max_ms": 364.1482,
      "p50_ms": 18.0617,
      "p95_ms": 20.8711,
      "p99_ms": 22.0318
    },
    "live_query": {
      "count": 0,
      "max_ms": 0.0,
      "p50_ms": 0.0,
      "p95_ms": 0.0,
      "p99_ms": 0.0
    },
    "report_first_reader": {
      "count": 0,
      "max_ms": 0.0,
      "p50_ms": 0.0,
      "p95_ms": 0.0,
      "p99_ms": 0.0
    },
    "report_repeated_reader": {
      "count": 0,
      "max_ms": 0.0,
      "p50_ms": 0.0,
      "p95_ms": 0.0,
      "p99_ms": 0.0
    },
    "whole_tick": {
      "count": 300,
      "max_ms": 376.5752,
      "p50_ms": 36.9969,
      "p95_ms": 39.9882,
      "p99_ms": 43.748000000000005
    }
  },
  "limits": [
    "仅当前原生基准进程；没有 HTTP、Tauri 事件或 WebView，窗口为后台模拟状态。",
    "CPU/I/O/内存不含初始化、warmup、结果 JSON 写出及最终统计查询；采样开销包含在测量内。",
    "SQLite xWrite 只统计隔离目录内成功请求字节，不含 mmap/shm、spool、日志、系统缓存与物理设备写放大。",
    "process I/O 为 OS 当前进程计数，不能替代文件归属；spool 瞬时写入需要独立回归或文件跟踪。",
    "report first/repeated 每次均打开新 reader；未驱逐 OS page cache，不能宣称物理冷读。",
    "ingest 延迟包含 accounting、告警与提交；不是单独 SQLite commit 耗时。",
    "串行驱动没有 collector 输入队列；schedule_lag 不是实际队列深度。",
    "归档齐全 fixture 使用空历史的持久化结果；本回放不代替完整30天容量库或安装态 soak。",
    "failed 档案场景由隔离库 BEFORE INSERT 触发器拒绝持久化，非真实磁盘故障。"
  ],
  "local_utc_offset_seconds": -18000,
  "measured_wall_secs": 300.0001022,
  "native_after": {
    "cpu_seconds": 21.046875,
    "handles": 114,
    "io_read_bytes": 1951987031,
    "io_write_bytes": 59473796,
    "io_write_operations": 27894,
    "private_bytes": 9936896,
    "working_set_bytes": 19030016
  },
  "native_before": {
    "cpu_seconds": 10.203125,
    "handles": 114,
    "io_read_bytes": 521180503,
    "io_write_bytes": 35942044,
    "io_write_operations": 16712,
    "private_bytes": 6553600,
    "working_set_bytes": 15745024
  },
  "native_cpu_seconds": 10.84375,
  "native_private_bytes": {
    "max": 9936896.0,
    "p95": 9887744.0,
    "samples": 300
  },
  "native_process_io_read_bytes": 1430806528,
  "native_process_io_write_bytes": 23531752,
  "native_process_io_write_operations": 11182,
  "native_working_set_bytes": {
    "max": 19030016.0,
    "p95": 18886656.0,
    "samples": 300
  },
  "options": {
    "active": 250,
    "archive": "complete",
    "dir": "D:\\Documents\\Code\\Github\\clash-verge-ai-residential\\bench-data\\t05-rebuild-20261002-4f8a8c68\\data\\primary\\primary-r3-baseline",
    "duration_secs": 300,
    "hz": 1,
    "metadata_change_percent": 100,
    "period_rule": false,
    "query_every_frames": 0,
    "seed": 20260919,
    "source_revision": "c278bb7b56603001e32e353d2ee589dccef0bfe9",
    "start_utc": 1800001800,
    "virtual_time": false,
    "warmup_secs": 30,
    "workload": "counters"
  },
  "platform": "windows",
  "process_id": 44116,
  "samples": [
    {
      "active_tokens": 0,
      "frame": 1,
      "live_rows": 250,
      "native": {
        "cpu_seconds": 10.234375,
        "handles": 114,
        "io_read_bytes": 525919575,
        "io_write_bytes": 36007964,
        "io_write_operations": 16744,
        "private_bytes": 6930432,
        "working_set_bytes": 15949824
      },
      "token_bytes": 0,
      "virtual_utc": 1800001831,
      "wal_bytes": 4161232,
      "wall_secs": 0.0346123
    },
    {
      "active_tokens": 0,
      "frame": 2,
      "live_rows": 250,
      "native": {
        "cpu_seconds": 10.28125,
        "handles": 114,
        "io_read_bytes": 530670935,
        "io_write_bytes": 36073884,
        "io_write_operations": 16776,
        "private_bytes": 6905856,
        "working_set_bytes": 16035840
      },
      "token_bytes": 0,
      "virtual_utc": 1800001832,
      "wal_bytes": 4161232,
      "wall_secs": 1.0382845
    },
    {
      "active_tokens": 0,
      "frame": 3,
      "live_rows": 250,
      "native": {
        "cpu_seconds": 10.3125,
        "handles": 114,
        "io_read_bytes": 535422295,
        "io_write_bytes": 36148044,
        "io_write_operations": 16812,
        "private_bytes": 7155712,
        "working_set_bytes": 16367616
      },
      "token_bytes": 0,
      "virtual_utc": 1800001833,
      "wal_bytes": 4161232,
      "wall_secs": 2.0390963
    },
    {
      "active_tokens": 0,
      "frame": 4,
      "live_rows": 250,
      "native": {
        "cpu_seconds": 10.359375,
        "handles": 114,
        "io_read_bytes": 540566871,
        "io_write_bytes": 36611324,
        "io_write_operations": 16943,
        "private_bytes": 6680576,
        "working_set_bytes": 15917056
      },
      "token_bytes": 0,
      "virtual_utc": 1800001834,
      "wal_bytes": 4177712,
      "wall_secs": 3.0354188
    },
    {
      "active_tokens": 0,
      "frame": 5,
      "live_rows": 250,
      "native": {
        "cpu_seconds": 10.390625,
        "handles": 114,
        "io_read_bytes": 545322327,
        "io_write_bytes": 36685516,
        "io_write_operations": 16980,
        "private_bytes": 6656000,
        "working_set_bytes": 15855616
      },
      "token_bytes": 0,
      "virtual_utc": 1800001835,
      "wal_bytes": 4177712,
      "wall_secs": 4.0382307
    },
    {
      "active_tokens": 0,
      "frame": 6,
      "live_rows": 250,
      "native": {
        "cpu_seconds": 10.4375,
        "handles": 114,
        "io_read_bytes": 550077783,
        "io_write_bytes": 36759676,
        "io_write_operations": 17016,
        "private_bytes": 6598656,
        "working_set_bytes": 15806464
      },
      "token_bytes": 0,
      "virtual_utc": 1800001836,
      "wal_bytes": 4177712,
      "wall_secs": 5.0375725
    },
    {
      "active_tokens": 0,
      "frame": 7,
      "live_rows": 250,
      "native": {
        "cpu_seconds": 10.484375,
        "handles": 114,
        "io_read_bytes": 554833239,
        "io_write_bytes": 36833836,
        "io_write_operations": 17052,
        "private_bytes": 7114752,
        "working_set_bytes": 16310272
      },
      "token_bytes": 0,
      "virtual_utc": 1800001837,
      "wal_bytes": 4177712,
      "wall_secs": 6.0365306
    },
    {
      "active_tokens": 0,
      "frame": 8,
      "live_rows": 250,
      "native": {
        "cpu_seconds": 10.515625,
        "handles": 114,
        "io_read_bytes": 559588695,
        "io_write_bytes": 36907996,
        "io_write_operations": 17088,
        "private_bytes": 6946816,
        "working_set_bytes": 16220160
      },
      "token_bytes": 0,
      "virtual_utc": 1800001838,
      "wal_bytes": 4177712,
      "wall_secs": 7.0379838
    },
    {
      "active_tokens": 0,
      "frame": 9,
      "live_rows": 250,
      "native": {
        "cpu_seconds": 10.546875,
        "handles": 114,
        "io_read_bytes": 564344151,
        "io_write_bytes": 36982156,
        "io_write_operations": 17124,
        "private_bytes": 7667712,
        "working_set_bytes": 16617472
      },
      "token_bytes": 0,
      "virtual_utc": 1800001839,
      "wal_bytes": 4177712,
      "wall_secs": 8.027236
    },
    {
      "active_tokens": 0,
      "frame": 10,
      "live_rows": 250,
      "native": {
        "cpu_seconds": 10.578125,
        "handles": 114,
        "io_read_bytes": 569099607,
        "io_write_bytes": 37056316,
        "io_write_operations": 17160,
        "private_bytes": 6668288,
        "working_set_bytes": 15974400
      },
      "token_bytes": 0,
      "virtual_utc": 1800001840,
      "wal_bytes": 4177712,
      "wall_secs": 9.0396773
    },
    {
      "active_tokens": 0,
      "frame": 11,
      "live_rows": 250,
      "native": {
        "cpu_seconds": 10.625,
        "handles": 114,
        "io_read_bytes": 573855063,
        "io_write_bytes": 37130476,
        "io_write_operations": 17196,
        "private_bytes": 7094272,
        "working_set_bytes": 16011264
      },
      "token_bytes": 0,
      "virtual_utc": 1800001841,
      "wal_bytes": 4177712,
      "wall_secs": 10.0360021
    },
    {
      "active_tokens": 0,
      "frame": 12,
      "live_rows": 250,
      "native": {
        "cpu_seconds": 10.65625,
        "handles": 114,
        "io_read_bytes": 578610519,
        "io_write_bytes": 37204636,
        "io_write_operations": 17232,
        "private_bytes": 6610944,
        "working_set_bytes": 15818752
      },
      "token_bytes": 0,
      "virtual_utc": 1800001842,
      "wal_bytes": 4177712,
      "wall_secs": 11.0281102
    },
    {
      "active_tokens": 0,
      "frame": 13,
      "live_rows": 250,
      "native": {
        "cpu_seconds": 10.6875,
        "handles": 114,
        "io_read_bytes": 583365975,
        "io_write_bytes": 37278796,
        "io_write_operations": 17268,
        "private_bytes": 6934528,
        "working_set_bytes": 16068608
      },
      "token_bytes": 0,
      "virtual_utc": 1800001843,
      "wal_bytes": 4177712,
      "wall_secs": 12.0401904
    },
    {
      "active_tokens": 0,
      "frame": 14,
      "live_rows": 250,
      "native": {
        "cpu_seconds": 10.71875,
        "handles": 114,
        "io_read_bytes": 588121431,
        "io_write_bytes": 37352956,
        "io_write_operations": 17304,
        "private_bytes": 6946816,
        "working_set_bytes": 16130048
      },
      "token_bytes": 0,
      "virtual_utc": 1800001844,
      "wal_bytes": 4177712,
      "wall_secs": 13.0270505
    },
    {
      "active_tokens": 0,
      "frame": 15,
      "live_rows": 250,
      "native": {
        "cpu_seconds": 10.75,
        "handles": 114,
        "io_read_bytes": 592876887,
        "io_write_bytes": 37427116,
        "io_write_operations": 17340,
        "private_bytes": 7282688,
        "working_set_bytes": 16416768
      },
      "token_bytes": 0,
      "virtual_utc": 1800001845,
      "wal_bytes": 4177712,
      "wall_secs": 14.0383906
    },
    {
      "active_tokens": 0,
      "frame": 16,
      "live_rows": 250,
      "native": {
        "cpu_seconds": 10.796875,
        "handles": 114,
        "io_read_bytes": 597632343,
        "io_write_bytes": 37501276,
        "io_write_operations": 17376,
        "private_bytes": 6762496,
        "working_set_bytes": 16019456
      },
      "token_bytes": 0,
      "virtual_utc": 1800001846,
      "wal_bytes": 4177712,
      "wall_secs": 15.0396272
    },
    {
      "active_tokens": 0,
      "frame": 17,
      "live_rows": 250,
      "native": {
        "cpu_seconds": 10.828125,
        "handles": 114,
        "io_read_bytes": 602387799,
        "io_write_bytes": 37575436,
        "io_write_operations": 17412,
        "private_bytes": 6959104,
        "working_set_bytes": 16146432
      },
      "token_bytes": 0,
      "virtual_utc": 1800001847,
      "wal_bytes": 4177712,
      "wall_secs": 16.0395792
    },
    {
      "active_tokens": 0,
      "frame": 18,
      "live_rows": 250,
      "native": {
        "cpu_seconds": 10.859375,
        "handles": 114,
        "io_read_bytes": 607143255,
        "io_write_bytes": 37649596,
        "io_write_operations": 17448,
        "private_bytes": 6643712,
        "working_set_bytes": 15872000
      },
      "token_bytes": 0,
      "virtual_utc": 1800001848,
      "wal_bytes": 4177712,
      "wall_secs": 17.0383343
    },
    {
      "active_tokens": 0,
      "frame": 19,
      "live_rows": 250,
      "native": {
        "cpu_seconds": 10.890625,
        "handles": 114,
        "io_read_bytes": 611898711,
        "io_write_bytes": 37723756,
        "io_write_operations": 17484,
        "private_bytes": 6864896,
        "working_set_bytes": 16105472
      },
      "token_bytes": 0,
      "virtual_utc": 1800001849,
      "wal_bytes": 4177712,
      "wall_secs": 18.0292318
    },
    {
      "active_tokens": 0,
      "frame": 20,
      "live_rows": 250,
      "native": {
        "cpu_seconds": 10.9375,
        "handles": 114,
        "io_read_bytes": 616654167,
        "io_write_bytes": 37797916,
        "io_write_operations": 17520,
        "private_bytes": 7217152,
        "working_set_bytes": 16224256
      },
      "token_bytes": 0,
      "virtual_utc": 1800001850,
      "wal_bytes": 4177712,
      "wall_secs": 19.0358449
    },
    {
      "active_tokens": 0,
      "frame": 21,
      "live_rows": 250,
      "native": {
        "cpu_seconds": 10.96875,
        "handles": 114,
        "io_read_bytes": 621409623,
        "io_write_bytes": 37872076,
        "io_write_operations": 17556,
        "private_bytes": 7413760,
        "working_set_bytes": 16265216
      },
      "token_bytes": 0,
      "virtual_utc": 1800001851,
      "wal_bytes": 4177712,
      "wall_secs": 20.0386377
    },
    {
      "active_tokens": 0,
      "frame": 22,
      "live_rows": 250,
      "native": {
        "cpu_seconds": 11.0,
        "handles": 114,
        "io_read_bytes": 626165079,
        "io_write_bytes": 37946236,
        "io_write_operations": 17592,
        "private_bytes": 6881280,
        "working_set_bytes": 16007168
      },
      "token_bytes": 0,
      "virtual_utc": 1800001852,
      "wal_bytes": 4177712,
      "wall_secs": 21.0381197
    },
    {
      "active_tokens": 0,
      "frame": 23,
      "live_rows": 250,
      "native": {
        "cpu_seconds": 11.046875,
        "handles": 114,
        "io_read_bytes": 630920535,
        "io_write_bytes": 38028636,
        "io_write_operations": 17632,
        "private_bytes": 6848512,
        "working_set_bytes": 16003072
      },
      "token_bytes": 0,
      "virtual_utc": 1800001853,
      "wal_bytes": 4177712,
      "wall_secs": 22.03607
    },
    {
      "active_tokens": 0,
      "frame": 24,
      "live_rows": 250,
      "native": {
        "cpu_seconds": 11.078125,
        "handles": 114,
        "io_read_bytes": 635680087,
        "io_write_bytes": 38102796,
        "io_write_operations": 17668,
        "private_bytes": 6664192,
        "working_set_bytes": 15872000
      },
      "token_bytes": 0,
      "virtual_utc": 1800001854,
      "wal_bytes": 4177712,
      "wall_secs": 23.0266983
    },
    {
      "active_tokens": 0,
      "frame": 25,
      "live_rows": 250,
      "native": {
        "cpu_seconds": 11.125,
        "handles": 114,
        "io_read_bytes": 640439639,
        "io_write_bytes": 38176956,
        "io_write_operations": 17704,
        "private_bytes": 6995968,
        "working_set_bytes": 16125952
      },
      "token_bytes": 0,
      "virtual_utc": 1800001855,
      "wal_bytes": 4177712,
      "wall_secs": 24.0407268
    },
    {
      "active_tokens": 0,
      "frame": 26,
      "live_rows": 250,
      "native": {
        "cpu_seconds": 11.15625,
        "handles": 114,
        "io_read_bytes": 645199191,
        "io_write_bytes": 38251116,
        "io_write_operations": 17740,
        "private_bytes": 7139328,
        "working_set_bytes": 16101376
      },
      "token_bytes": 0,
      "virtual_utc": 1800001856,
      "wal_bytes": 4177712,
      "wall_secs": 25.0383896
    },
    {
      "active_tokens": 0,
      "frame": 27,
      "live_rows": 250,
      "native": {
        "cpu_seconds": 11.1875,
        "handles": 114,
        "io_read_bytes": 649958743,
        "io_write_bytes": 38325276,
        "io_write_operations": 17776,
        "private_bytes": 6828032,
        "working_set_bytes": 16056320
      },
      "token_bytes": 0,
      "virtual_utc": 1800001857,
      "wal_bytes": 4177712,
      "wall_secs": 26.0379721
    },
    {
      "active_tokens": 0,
      "frame": 28,
      "live_rows": 250,
      "native": {
        "cpu_seconds": 11.21875,
        "handles": 114,
        "io_read_bytes": 654718295,
        "io_write_bytes": 38399436,
        "io_write_operations": 17812,
        "private_bytes": 7991296,
        "working_set_bytes": 16654336
      },
      "token_bytes": 0,
      "virtual_utc": 1800001858,
      "wal_bytes": 4177712,
      "wall_secs": 27.0390819
    },
    {
      "active_tokens": 0,
      "frame": 29,
      "live_rows": 250,
      "native": {
        "cpu_seconds": 11.25,
        "handles": 114,
        "io_read_bytes": 659477847,
        "io_write_bytes": 38473596,
        "io_write_operations": 17848,
        "private_bytes": 6881280,
        "working_set_bytes": 16117760
      },
      "token_bytes": 0,
      "virtual_utc": 1800001859,
      "wal_bytes": 4177712,
      "wall_secs": 28.0290487
    },
    {
      "active_tokens": 0,
      "frame": 30,
      "live_rows": 250,
      "native": {
        "cpu_seconds": 11.28125,
        "handles": 114,
        "io_read_bytes": 664237399,
        "io_write_bytes": 38572476,
        "io_write_operations": 17896,
        "private_bytes": 6766592,
        "working_set_bytes": 16015360
      },
      "token_bytes": 0,
      "virtual_utc": 1800001860,
      "wal_bytes": 4177712,
      "wall_secs": 29.0414531
    },
    {
      "active_tokens": 0,
      "frame": 31,
      "live_rows": 250,
      "native": {
        "cpu_seconds": 11.328125,
        "handles": 114,
        "io_read_bytes": 668996951,
        "io_write_bytes": 38646636,
        "io_write_operations": 17932,
        "private_bytes": 7151616,
        "working_set_bytes": 16388096
      },
      "token_bytes": 0,
      "virtual_utc": 1800001861,
      "wal_bytes": 4177712,
      "wall_secs": 30.0367347
    },
    {
      "active_tokens": 0,
      "frame": 32,
      "live_rows": 250,
      "native": {
        "cpu_seconds": 11.359375,
        "handles": 114,
        "io_read_bytes": 673764695,
        "io_write_bytes": 38729036,
        "io_write_operations": 17972,
        "private_bytes": 6909952,
        "working_set_bytes": 16150528
      },
      "token_bytes": 0,
      "virtual_utc": 1800001862,
      "wal_bytes": 4177712,
      "wall_secs": 31.0380471
    },
    {
      "active_tokens": 0,
      "frame": 33,
      "live_rows": 250,
      "native": {
        "cpu_seconds": 11.390625,
        "handles": 114,
        "io_read_bytes": 678528343,
        "io_write_bytes": 38803196,
        "io_write_operations": 18008,
        "private_bytes": 6811648,
        "working_set_bytes": 16121856
      },
      "token_bytes": 0,
      "virtual_utc": 1800001863,
      "wal_bytes": 4177712,
      "wall_secs": 32.0382353
    },
    {
      "active_tokens": 0,
      "frame": 34,
      "live_rows": 250,
      "native": {
        "cpu_seconds": 11.421875,
        "handles": 114,
        "io_read_bytes": 683291991,
        "io_write_bytes": 38877356,
        "io_write_operations": 18044,
        "private_bytes": 6647808,
        "working_set_bytes": 15896576
      },
      "token_bytes": 0,
      "virtual_utc": 1800001864,
      "wal_bytes": 4177712,
      "wall_secs": 33.0382947
    },
    {
      "active_tokens": 0,
      "frame": 35,
      "live_rows": 250,
      "native": {
        "cpu_seconds": 11.453125,
        "handles": 114,
        "io_read_bytes": 688055639,
        "io_write_bytes": 38951516,
        "io_write_operations": 18080,
        "private_bytes": 7966720,
        "working_set_bytes": 16437248
      },
      "token_bytes": 0,
      "virtual_utc": 1800001865,
      "wal_bytes": 4177712,
      "wall_secs": 34.0380421
    },
    {
      "active_tokens": 0,
      "frame": 36,
      "live_rows": 250,
      "native": {
        "cpu_seconds": 11.5,
        "handles": 114,
        "io_read_bytes": 692819287,
        "io_write_bytes": 39025676,
        "io_write_operations": 18116,
        "private_bytes": 7991296,
        "working_set_bytes": 16883712
      },
      "token_bytes": 0,
      "virtual_utc": 1800001866,
      "wal_bytes": 4177712,
      "wall_secs": 35.0388919
    },
    {
      "active_tokens": 0,
      "frame": 37,
      "live_rows": 250,
      "native": {
        "cpu_seconds": 11.546875,
        "handles": 114,
        "io_read_bytes": 697582935,
        "io_write_bytes": 39099836,
        "io_write_operations": 18152,
        "private_bytes": 7065600,
        "working_set_bytes": 16334848
      },
      "token_bytes": 0,
      "virtual_utc": 1800001867,
      "wal_bytes": 4177712,
      "wall_secs": 36.0387017
    },
    {
      "active_tokens": 0,
      "frame": 38,
      "live_rows": 250,
      "native": {
        "cpu_seconds": 11.578125,
        "handles": 114,
        "io_read_bytes": 702346583,
        "io_write_bytes": 39173996,
        "io_write_operations": 18188,
        "private_bytes": 7348224,
        "working_set_bytes": 16502784
      },
      "token_bytes": 0,
      "virtual_utc": 1800001868,
      "wal_bytes": 4177712,
      "wall_secs": 37.0400256
    },
    {
      "active_tokens": 0,
      "frame": 39,
      "live_rows": 250,
      "native": {
        "cpu_seconds": 11.609375,
        "handles": 114,
        "io_read_bytes": 707110231,
        "io_write_bytes": 39248156,
        "io_write_operations": 18224,
        "private_bytes": 7049216,
        "working_set_bytes": 16306176
      },
      "token_bytes": 0,
      "virtual_utc": 1800001869,
      "wal_bytes": 4177712,
      "wall_secs": 38.039378
    },
    {
      "active_tokens": 0,
      "frame": 40,
      "live_rows": 250,
      "native": {
        "cpu_seconds": 11.640625,
        "handles": 114,
        "io_read_bytes": 711873879,
        "io_write_bytes": 39322316,
        "io_write_operations": 18260,
        "private_bytes": 7991296,
        "working_set_bytes": 16891904
      },
      "token_bytes": 0,
      "virtual_utc": 1800001870,
      "wal_bytes": 4177712,
      "wall_secs": 39.0383011
    },
    {
      "active_tokens": 0,
      "frame": 41,
      "live_rows": 250,
      "native": {
        "cpu_seconds": 11.6875,
        "handles": 114,
        "io_read_bytes": 716637527,
        "io_write_bytes": 39396476,
        "io_write_operations": 18296,
        "private_bytes": 7262208,
        "working_set_bytes": 16474112
      },
      "token_bytes": 0,
      "virtual_utc": 1800001871,
      "wal_bytes": 4177712,
      "wall_secs": 40.0365542
    },
    {
      "active_tokens": 0,
      "frame": 42,
      "live_rows": 250,
      "native": {
        "cpu_seconds": 11.734375,
        "handles": 114,
        "io_read_bytes": 721401175,
        "io_write_bytes": 39470636,
        "io_write_operations": 18332,
        "private_bytes": 6856704,
        "working_set_bytes": 16121856
      },
      "token_bytes": 0,
      "virtual_utc": 1800001872,
      "wal_bytes": 4177712,
      "wall_secs": 41.0350089
    },
    {
      "active_tokens": 0,
      "frame": 43,
      "live_rows": 250,
      "native": {
        "cpu_seconds": 11.765625,
        "handles": 114,
        "io_read_bytes": 726164823,
        "io_write_bytes": 39544796,
        "io_write_operations": 18368,
        "private_bytes": 7151616,
        "working_set_bytes": 16338944
      },
      "token_bytes": 0,
      "virtual_utc": 1800001873,
      "wal_bytes": 4177712,
      "wall_secs": 42.0380439
    },
    {
      "active_tokens": 0,
      "frame": 44,
      "live_rows": 250,
      "native": {
        "cpu_seconds": 11.8125,
        "handles": 114,
        "io_read_bytes": 730928471,
        "io_write_bytes": 39618956,
        "io_write_operations": 18404,
        "private_bytes": 7106560,
        "working_set_bytes": 16351232
      },
      "token_bytes": 0,
      "virtual_utc": 1800001874,
      "wal_bytes": 4177712,
      "wall_secs": 43.0349724
    },
    {
      "active_tokens": 0,
      "frame": 45,
      "live_rows": 250,
      "native": {
        "cpu_seconds": 11.84375,
        "handles": 114,
        "io_read_bytes": 735692119,
        "io_write_bytes": 39693116,
        "io_write_operations": 18440,
        "private_bytes": 7122944,
        "working_set_bytes": 16441344
      },
      "token_bytes": 0,
      "virtual_utc": 1800001875,
      "wal_bytes": 4177712,
      "wall_secs": 44.0382178
    },
    {
      "active_tokens": 0,
      "frame": 46,
      "live_rows": 250,
      "native": {
        "cpu_seconds": 11.875,
        "handles": 114,
        "io_read_bytes": 740455767,
        "io_write_bytes": 39767276,
        "io_write_operations": 18476,
        "private_bytes": 6852608,
        "working_set_bytes": 16121856
      },
      "token_bytes": 0,
      "virtual_utc": 1800001876,
      "wal_bytes": 4177712,
      "wall_secs": 45.0397239
    },
    {
      "active_tokens": 0,
      "frame": 47,
      "live_rows": 250,
      "native": {
        "cpu_seconds": 11.921875,
        "handles": 114,
        "io_read_bytes": 745219415,
        "io_write_bytes": 39841436,
        "io_write_operations": 18512,
        "private_bytes": 7073792,
        "working_set_bytes": 16343040
      },
      "token_bytes": 0,
      "virtual_utc": 1800001877,
      "wal_bytes": 4177712,
      "wall_secs": 46.0367987
    },
    {
      "active_tokens": 0,
      "frame": 48,
      "live_rows": 250,
      "native": {
        "cpu_seconds": 11.953125,
        "handles": 114,
        "io_read_bytes": 749983063,
        "io_write_bytes": 39915596,
        "io_write_operations": 18548,
        "private_bytes": 7991296,
        "working_set_bytes": 16773120
      },
      "token_bytes": 0,
      "virtual_utc": 1800001878,
      "wal_bytes": 4177712,
      "wall_secs": 47.0400451
    },
    {
      "active_tokens": 0,
      "frame": 49,
      "live_rows": 250,
      "native": {
        "cpu_seconds": 12.0,
        "handles": 114,
        "io_read_bytes": 754746711,
        "io_write_bytes": 39989756,
        "io_write_operations": 18584,
        "private_bytes": 7110656,
        "working_set_bytes": 16396288
      },
      "token_bytes": 0,
      "virtual_utc": 1800001879,
      "wal_bytes": 4177712,
      "wall_secs": 48.0399769
    },
    {
      "active_tokens": 0,
      "frame": 50,
      "live_rows": 250,
      "native": {
        "cpu_seconds": 12.03125,
        "handles": 114,
        "io_read_bytes": 759510359,
        "io_write_bytes": 40063916,
        "io_write_operations": 18620,
        "private_bytes": 7180288,
        "working_set_bytes": 16412672
      },
      "token_bytes": 0,
      "virtual_utc": 1800001880,
      "wal_bytes": 4177712,
      "wall_secs": 49.0379416
    },
    {
      "active_tokens": 0,
      "frame": 51,
      "live_rows": 250,
      "native": {
        "cpu_seconds": 12.0625,
        "handles": 114,
        "io_read_bytes": 764274007,
        "io_write_bytes": 40138076,
        "io_write_operations": 18656,
        "private_bytes": 7057408,
        "working_set_bytes": 16355328
      },
      "token_bytes": 0,
      "virtual_utc": 1800001881,
      "wal_bytes": 4177712,
      "wall_secs": 50.0394579
    },
    {
      "active_tokens": 0,
      "frame": 52,
      "live_rows": 250,
      "native": {
        "cpu_seconds": 12.09375,
        "handles": 114,
        "io_read_bytes": 769037655,
        "io_write_bytes": 40212236,
        "io_write_operations": 18692,
        "private_bytes": 7991296,
        "working_set_bytes": 17043456
      },
      "token_bytes": 0,
      "virtual_utc": 1800001882,
      "wal_bytes": 4177712,
      "wall_secs": 51.0372536
    },
    {
      "active_tokens": 0,
      "frame": 53,
      "live_rows": 250,
      "native": {
        "cpu_seconds": 12.125,
        "handles": 114,
        "io_read_bytes": 773801303,
        "io_write_bytes": 40286396,
        "io_write_operations": 18728,
        "private_bytes": 7225344,
        "working_set_bytes": 16379904
      },
      "token_bytes": 0,
      "virtual_utc": 1800001883,
      "wal_bytes": 4177712,
      "wall_secs": 52.0318499
    },
    {
      "active_tokens": 0,
      "frame": 54,
      "live_rows": 250,
      "native": {
        "cpu_seconds": 12.171875,
        "handles": 114,
        "io_read_bytes": 778564951,
        "io_write_bytes": 40360556,
        "io_write_operations": 18764,
        "private_bytes": 6889472,
        "working_set_bytes": 16162816
      },
      "token_bytes": 0,
      "virtual_utc": 1800001884,
      "wal_bytes": 4177712,
      "wall_secs": 53.0372098
    },
    {
      "active_tokens": 0,
      "frame": 55,
      "live_rows": 250,
      "native": {
        "cpu_seconds": 12.21875,
        "handles": 114,
        "io_read_bytes": 783328599,
        "io_write_bytes": 40434716,
        "io_write_operations": 18800,
        "private_bytes": 7135232,
        "working_set_bytes": 16384000
      },
      "token_bytes": 0,
      "virtual_utc": 1800001885,
      "wal_bytes": 4177712,
      "wall_secs": 54.0366842
    },
    {
      "active_tokens": 0,
      "frame": 56,
      "live_rows": 250,
      "native": {
        "cpu_seconds": 12.25,
        "handles": 114,
        "io_read_bytes": 788092247,
        "io_write_bytes": 40508876,
        "io_write_operations": 18836,
        "private_bytes": 7147520,
        "working_set_bytes": 16363520
      },
      "token_bytes": 0,
      "virtual_utc": 1800001886,
      "wal_bytes": 4177712,
      "wall_secs": 55.0390056
    },
    {
      "active_tokens": 0,
      "frame": 57,
      "live_rows": 250,
      "native": {
        "cpu_seconds": 12.296875,
        "handles": 114,
        "io_read_bytes": 792855895,
        "io_write_bytes": 40583036,
        "io_write_operations": 18872,
        "private_bytes": 7102464,
        "working_set_bytes": 16351232
      },
      "token_bytes": 0,
      "virtual_utc": 1800001887,
      "wal_bytes": 4177712,
      "wall_secs": 56.0379595
    },
    {
      "active_tokens": 0,
      "frame": 58,
      "live_rows": 250,
      "native": {
        "cpu_seconds": 12.34375,
        "handles": 114,
        "io_read_bytes": 797619543,
        "io_write_bytes": 40657196,
        "io_write_operations": 18908,
        "private_bytes": 7974912,
        "working_set_bytes": 16953344
      },
      "token_bytes": 0,
      "virtual_utc": 1800001888,
      "wal_bytes": 4177712,
      "wall_secs": 57.0362146
    },
    {
      "active_tokens": 0,
      "frame": 59,
      "live_rows": 250,
      "native": {
        "cpu_seconds": 12.390625,
        "handles": 114,
        "io_read_bytes": 802497879,
        "io_write_bytes": 40846044,
        "io_write_operations": 18972,
        "private_bytes": 7393280,
        "working_set_bytes": 16531456
      },
      "token_bytes": 0,
      "virtual_utc": 1800001889,
      "wal_bytes": 4177712,
      "wall_secs": 58.0409955
    },
    {
      "active_tokens": 0,
      "frame": 60,
      "live_rows": 250,
      "native": {
        "cpu_seconds": 12.421875,
        "handles": 114,
        "io_read_bytes": 807261527,
        "io_write_bytes": 40920236,
        "io_write_operations": 19009,
        "private_bytes": 7991296,
        "working_set_bytes": 17022976
      },
      "token_bytes": 0,
      "virtual_utc": 1800001890,
      "wal_bytes": 4177712,
      "wall_secs": 59.0379794
    },
    {
      "active_tokens": 0,
      "frame": 61,
      "live_rows": 250,
      "native": {
        "cpu_seconds": 12.46875,
        "handles": 114,
        "io_read_bytes": 812025175,
        "io_write_bytes": 40994396,
        "io_write_operations": 19045,
        "private_bytes": 7991296,
        "working_set_bytes": 17055744
      },
      "token_bytes": 0,
      "virtual_utc": 1800001891,
      "wal_bytes": 4177712,
      "wall_secs": 60.0368454
    },
    {
      "active_tokens": 0,
      "frame": 62,
      "live_rows": 250,
      "native": {
        "cpu_seconds": 12.515625,
        "handles": 114,
        "io_read_bytes": 816788823,
        "io_write_bytes": 41068556,
        "io_write_operations": 19081,
        "private_bytes": 7331840,
        "working_set_bytes": 16580608
      },
      "token_bytes": 0,
      "virtual_utc": 1800001892,
      "wal_bytes": 4177712,
      "wall_secs": 61.0357685
    },
    {
      "active_tokens": 0,
      "frame": 63,
      "live_rows": 250,
      "native": {
        "cpu_seconds": 12.5625,
        "handles": 114,
        "io_read_bytes": 821552471,
        "io_write_bytes": 41142716,
        "io_write_operations": 19117,
        "private_bytes": 7991296,
        "working_set_bytes": 16977920
      },
      "token_bytes": 0,
      "virtual_utc": 1800001893,
      "wal_bytes": 4177712,
      "wall_secs": 62.036906
    },
    {
      "active_tokens": 0,
      "frame": 64,
      "live_rows": 250,
      "native": {
        "cpu_seconds": 12.609375,
        "handles": 114,
        "io_read_bytes": 826316119,
        "io_write_bytes": 41216876,
        "io_write_operations": 19153,
        "private_bytes": 7118848,
        "working_set_bytes": 16338944
      },
      "token_bytes": 0,
      "virtual_utc": 1800001894,
      "wal_bytes": 4177712,
      "wall_secs": 63.035139
    },
    {
      "active_tokens": 0,
      "frame": 65,
      "live_rows": 250,
      "native": {
        "cpu_seconds": 12.65625,
        "handles": 114,
        "io_read_bytes": 831079767,
        "io_write_bytes": 41291036,
        "io_write_operations": 19189,
        "private_bytes": 7102464,
        "working_set_bytes": 16293888
      },
      "token_bytes": 0,
      "virtual_utc": 1800001895,
      "wal_bytes": 4177712,
      "wall_secs": 64.0373627
    },
    {
      "active_tokens": 0,
      "frame": 66,
      "live_rows": 250,
      "native": {
        "cpu_seconds": 12.6875,
        "handles": 114,
        "io_read_bytes": 835843415,
        "io_write_bytes": 41365196,
        "io_write_operations": 19225,
        "private_bytes": 7942144,
        "working_set_bytes": 16875520
      },
      "token_bytes": 0,
      "virtual_utc": 1800001896,
      "wal_bytes": 4177712,
      "wall_secs": 65.0397182
    },
    {
      "active_tokens": 0,
      "frame": 67,
      "live_rows": 250,
      "native": {
        "cpu_seconds": 12.703125,
        "handles": 114,
        "io_read_bytes": 840607063,
        "io_write_bytes": 41439356,
        "io_write_operations": 19261,
        "private_bytes": 7405568,
        "working_set_bytes": 16445440
      },
      "token_bytes": 0,
      "virtual_utc": 1800001897,
      "wal_bytes": 4177712,
      "wall_secs": 66.3767675
    },
    {
      "active_tokens": 0,
      "frame": 68,
      "live_rows": 250,
      "native": {
        "cpu_seconds": 12.734375,
        "handles": 114,
        "io_read_bytes": 845370711,
        "io_write_bytes": 41513516,
        "io_write_operations": 19297,
        "private_bytes": 7307264,
        "working_set_bytes": 16474112
      },
      "token_bytes": 0,
      "virtual_utc": 1800001898,
      "wal_bytes": 4177712,
      "wall_secs": 67.0337828
    },
    {
      "active_tokens": 0,
      "frame": 69,
      "live_rows": 250,
      "native": {
        "cpu_seconds": 12.78125,
        "handles": 114,
        "io_read_bytes": 850134359,
        "io_write_bytes": 41587676,
        "io_write_operations": 19333,
        "private_bytes": 7122944,
        "working_set_bytes": 16379904
      },
      "token_bytes": 0,
      "virtual_utc": 1800001899,
      "wal_bytes": 4177712,
      "wall_secs": 68.038637
    },
    {
      "active_tokens": 0,
      "frame": 70,
      "live_rows": 250,
      "native": {
        "cpu_seconds": 12.8125,
        "handles": 114,
        "io_read_bytes": 854898007,
        "io_write_bytes": 41661836,
        "io_write_operations": 19369,
        "private_bytes": 8245248,
        "working_set_bytes": 17141760
      },
      "token_bytes": 0,
      "virtual_utc": 1800001900,
      "wal_bytes": 4177712,
      "wall_secs": 69.0383614
    },
    {
      "active_tokens": 0,
      "frame": 71,
      "live_rows": 250,
      "native": {
        "cpu_seconds": 12.84375,
        "handles": 114,
        "io_read_bytes": 859661655,
        "io_write_bytes": 41735996,
        "io_write_operations": 19405,
        "private_bytes": 7507968,
        "working_set_bytes": 16564224
      },
      "token_bytes": 0,
      "virtual_utc": 1800001901,
      "wal_bytes": 4177712,
      "wall_secs": 70.0291194
    },
    {
      "active_tokens": 0,
      "frame": 72,
      "live_rows": 250,
      "native": {
        "cpu_seconds": 12.875,
        "handles": 114,
        "io_read_bytes": 864425303,
        "io_write_bytes": 41810156,
        "io_write_operations": 19441,
        "private_bytes": 6893568,
        "working_set_bytes": 16244736
      },
      "token_bytes": 0,
      "virtual_utc": 1800001902,
      "wal_bytes": 4177712,
      "wall_secs": 71.0290844
    },
    {
      "active_tokens": 0,
      "frame": 73,
      "live_rows": 250,
      "native": {
        "cpu_seconds": 12.90625,
        "handles": 114,
        "io_read_bytes": 869188951,
        "io_write_bytes": 41884316,
        "io_write_operations": 19477,
        "private_bytes": 7147520,
        "working_set_bytes": 16449536
      },
      "token_bytes": 0,
      "virtual_utc": 1800001903,
      "wal_bytes": 4177712,
      "wall_secs": 72.0337023
    },
    {
      "active_tokens": 0,
      "frame": 74,
      "live_rows": 250,
      "native": {
        "cpu_seconds": 12.96875,
        "handles": 114,
        "io_read_bytes": 873952599,
        "io_write_bytes": 41958476,
        "io_write_operations": 19513,
        "private_bytes": 7299072,
        "working_set_bytes": 16535552
      },
      "token_bytes": 0,
      "virtual_utc": 1800001904,
      "wal_bytes": 4177712,
      "wall_secs": 73.0362322
    },
    {
      "active_tokens": 0,
      "frame": 75,
      "live_rows": 250,
      "native": {
        "cpu_seconds": 13.015625,
        "handles": 114,
        "io_read_bytes": 878716247,
        "io_write_bytes": 42032636,
        "io_write_operations": 19549,
        "private_bytes": 7098368,
        "working_set_bytes": 16416768
      },
      "token_bytes": 0,
      "virtual_utc": 1800001905,
      "wal_bytes": 4177712,
      "wall_secs": 74.0377533
    },
    {
      "active_tokens": 0,
      "frame": 76,
      "live_rows": 250,
      "native": {
        "cpu_seconds": 13.046875,
        "handles": 114,
        "io_read_bytes": 883479895,
        "io_write_bytes": 42110916,
        "io_write_operations": 19587,
        "private_bytes": 6885376,
        "working_set_bytes": 16146432
      },
      "token_bytes": 0,
      "virtual_utc": 1800001906,
      "wal_bytes": 4177712,
      "wall_secs": 75.0379295
    },
    {
      "active_tokens": 0,
      "frame": 77,
      "live_rows": 250,
      "native": {
        "cpu_seconds": 13.09375,
        "handles": 114,
        "io_read_bytes": 888243543,
        "io_write_bytes": 42185076,
        "io_write_operations": 19623,
        "private_bytes": 6971392,
        "working_set_bytes": 16216064
      },
      "token_bytes": 0,
      "virtual_utc": 1800001907,
      "wal_bytes": 4177712,
      "wall_secs": 76.0365255
    },
    {
      "active_tokens": 0,
      "frame": 78,
      "live_rows": 250,
      "native": {
        "cpu_seconds": 13.125,
        "handles": 114,
        "io_read_bytes": 893007191,
        "io_write_bytes": 42259236,
        "io_write_operations": 19659,
        "private_bytes": 8245248,
        "working_set_bytes": 16916480
      },
      "token_bytes": 0,
      "virtual_utc": 1800001908,
      "wal_bytes": 4177712,
      "wall_secs": 77.033326
    },
    {
      "active_tokens": 0,
      "frame": 79,
      "live_rows": 250,
      "native": {
        "cpu_seconds": 13.15625,
        "handles": 114,
        "io_read_bytes": 897770839,
        "io_write_bytes": 42333396,
        "io_write_operations": 19695,
        "private_bytes": 7204864,
        "working_set_bytes": 16470016
      },
      "token_bytes": 0,
      "virtual_utc": 1800001909,
      "wal_bytes": 4177712,
      "wall_secs": 78.0341741
    },
    {
      "active_tokens": 0,
      "frame": 80,
      "live_rows": 250,
      "native": {
        "cpu_seconds": 13.203125,
        "handles": 114,
        "io_read_bytes": 902534487,
        "io_write_bytes": 42407556,
        "io_write_operations": 19731,
        "private_bytes": 7614464,
        "working_set_bytes": 16547840
      },
      "token_bytes": 0,
      "virtual_utc": 1800001910,
      "wal_bytes": 4177712,
      "wall_secs": 79.0394329
    },
    {
      "active_tokens": 0,
      "frame": 81,
      "live_rows": 250,
      "native": {
        "cpu_seconds": 13.234375,
        "handles": 114,
        "io_read_bytes": 907298135,
        "io_write_bytes": 42481716,
        "io_write_operations": 19767,
        "private_bytes": 7483392,
        "working_set_bytes": 16416768
      },
      "token_bytes": 0,
      "virtual_utc": 1800001911,
      "wal_bytes": 4177712,
      "wall_secs": 80.0396276
    },
    {
      "active_tokens": 0,
      "frame": 82,
      "live_rows": 250,
      "native": {
        "cpu_seconds": 13.265625,
        "handles": 114,
        "io_read_bytes": 912061783,
        "io_write_bytes": 42555876,
        "io_write_operations": 19803,
        "private_bytes": 8245248,
        "working_set_bytes": 17018880
      },
      "token_bytes": 0,
      "virtual_utc": 1800001912,
      "wal_bytes": 4177712,
      "wall_secs": 81.0371832
    },
    {
      "active_tokens": 0,
      "frame": 83,
      "live_rows": 250,
      "native": {
        "cpu_seconds": 13.296875,
        "handles": 114,
        "io_read_bytes": 916825431,
        "io_write_bytes": 42630036,
        "io_write_operations": 19839,
        "private_bytes": 7692288,
        "working_set_bytes": 16556032
      },
      "token_bytes": 0,
      "virtual_utc": 1800001913,
      "wal_bytes": 4177712,
      "wall_secs": 82.0426199
    },
    {
      "active_tokens": 0,
      "frame": 84,
      "live_rows": 250,
      "native": {
        "cpu_seconds": 13.34375,
        "handles": 114,
        "io_read_bytes": 921589079,
        "io_write_bytes": 42704196,
        "io_write_operations": 19875,
        "private_bytes": 6987776,
        "working_set_bytes": 16318464
      },
      "token_bytes": 0,
      "virtual_utc": 1800001914,
      "wal_bytes": 4177712,
      "wall_secs": 83.0379465
    },
    {
      "active_tokens": 0,
      "frame": 85,
      "live_rows": 250,
      "native": {
        "cpu_seconds": 13.375,
        "handles": 114,
        "io_read_bytes": 926352727,
        "io_write_bytes": 42778356,
        "io_write_operations": 19911,
        "private_bytes": 7245824,
        "working_set_bytes": 16535552
      },
      "token_bytes": 0,
      "virtual_utc": 1800001915,
      "wal_bytes": 4177712,
      "wall_secs": 84.0316491
    },
    {
      "active_tokens": 0,
      "frame": 86,
      "live_rows": 250,
      "native": {
        "cpu_seconds": 13.40625,
        "handles": 114,
        "io_read_bytes": 931116375,
        "io_write_bytes": 42852516,
        "io_write_operations": 19947,
        "private_bytes": 7462912,
        "working_set_bytes": 16515072
      },
      "token_bytes": 0,
      "virtual_utc": 1800001916,
      "wal_bytes": 4177712,
      "wall_secs": 85.0300977
    },
    {
      "active_tokens": 0,
      "frame": 87,
      "live_rows": 250,
      "native": {
        "cpu_seconds": 13.4375,
        "handles": 114,
        "io_read_bytes": 935880023,
        "io_write_bytes": 42926676,
        "io_write_operations": 19983,
        "private_bytes": 7147520,
        "working_set_bytes": 16494592
      },
      "token_bytes": 0,
      "virtual_utc": 1800001917,
      "wal_bytes": 4177712,
      "wall_secs": 86.029124
    },
    {
      "active_tokens": 0,
      "frame": 88,
      "live_rows": 250,
      "native": {
        "cpu_seconds": 13.46875,
        "handles": 114,
        "io_read_bytes": 940643671,
        "io_write_bytes": 43000836,
        "io_write_operations": 20019,
        "private_bytes": 8290304,
        "working_set_bytes": 17100800
      },
      "token_bytes": 0,
      "virtual_utc": 1800001918,
      "wal_bytes": 4177712,
      "wall_secs": 87.0258938
    },
    {
      "active_tokens": 0,
      "frame": 89,
      "live_rows": 250,
      "native": {
        "cpu_seconds": 13.5,
        "handles": 114,
        "io_read_bytes": 945407319,
        "io_write_bytes": 43074996,
        "io_write_operations": 20055,
        "private_bytes": 7434240,
        "working_set_bytes": 16650240
      },
      "token_bytes": 0,
      "virtual_utc": 1800001919,
      "wal_bytes": 4177712,
      "wall_secs": 88.0290994
    },
    {
      "active_tokens": 0,
      "frame": 90,
      "live_rows": 250,
      "native": {
        "cpu_seconds": 13.53125,
        "handles": 114,
        "io_read_bytes": 950183255,
        "io_write_bytes": 43182116,
        "io_write_operations": 20107,
        "private_bytes": 8302592,
        "working_set_bytes": 17043456
      },
      "token_bytes": 0,
      "virtual_utc": 1800001920,
      "wal_bytes": 4177712,
      "wall_secs": 89.0294147
    },
    {
      "active_tokens": 0,
      "frame": 91,
      "live_rows": 250,
      "native": {
        "cpu_seconds": 13.5625,
        "handles": 114,
        "io_read_bytes": 954946903,
        "io_write_bytes": 43256276,
        "io_write_operations": 20143,
        "private_bytes": 7380992,
        "working_set_bytes": 16678912
      },
      "token_bytes": 0,
      "virtual_utc": 1800001921,
      "wal_bytes": 4177712,
      "wall_secs": 90.0308457
    },
    {
      "active_tokens": 0,
      "frame": 92,
      "live_rows": 250,
      "native": {
        "cpu_seconds": 13.59375,
        "handles": 114,
        "io_read_bytes": 959718743,
        "io_write_bytes": 43338676,
        "io_write_operations": 20183,
        "private_bytes": 7208960,
        "working_set_bytes": 16551936
      },
      "token_bytes": 0,
      "virtual_utc": 1800001922,
      "wal_bytes": 4177712,
      "wall_secs": 91.0282874
    },
    {
      "active_tokens": 0,
      "frame": 93,
      "live_rows": 250,
      "native": {
        "cpu_seconds": 13.625,
        "handles": 114,
        "io_read_bytes": 964486487,
        "io_write_bytes": 43412836,
        "io_write_operations": 20219,
        "private_bytes": 7663616,
        "working_set_bytes": 16953344
      },
      "token_bytes": 0,
      "virtual_utc": 1800001923,
      "wal_bytes": 4177712,
      "wall_secs": 92.0289868
    },
    {
      "active_tokens": 0,
      "frame": 94,
      "live_rows": 250,
      "native": {
        "cpu_seconds": 13.65625,
        "handles": 114,
        "io_read_bytes": 969254231,
        "io_write_bytes": 43486996,
        "io_write_operations": 20255,
        "private_bytes": 8314880,
        "working_set_bytes": 17190912
      },
      "token_bytes": 0,
      "virtual_utc": 1800001924,
      "wal_bytes": 4177712,
      "wall_secs": 93.0293285
    },
    {
      "active_tokens": 0,
      "frame": 95,
      "live_rows": 250,
      "native": {
        "cpu_seconds": 13.6875,
        "handles": 114,
        "io_read_bytes": 974021975,
        "io_write_bytes": 43561156,
        "io_write_operations": 20291,
        "private_bytes": 7315456,
        "working_set_bytes": 16658432
      },
      "token_bytes": 0,
      "virtual_utc": 1800001925,
      "wal_bytes": 4177712,
      "wall_secs": 94.0307076
    },
    {
      "active_tokens": 0,
      "frame": 96,
      "live_rows": 250,
      "native": {
        "cpu_seconds": 13.71875,
        "handles": 114,
        "io_read_bytes": 978789719,
        "io_write_bytes": 43635316,
        "io_write_operations": 20327,
        "private_bytes": 7143424,
        "working_set_bytes": 16408576
      },
      "token_bytes": 0,
      "virtual_utc": 1800001926,
      "wal_bytes": 4177712,
      "wall_secs": 95.0205083
    },
    {
      "active_tokens": 0,
      "frame": 97,
      "live_rows": 250,
      "native": {
        "cpu_seconds": 13.75,
        "handles": 114,
        "io_read_bytes": 983557463,
        "io_write_bytes": 43709476,
        "io_write_operations": 20363,
        "private_bytes": 7237632,
        "working_set_bytes": 16556032
      },
      "token_bytes": 0,
      "virtual_utc": 1800001927,
      "wal_bytes": 4177712,
      "wall_secs": 96.0293036
    },
    {
      "active_tokens": 0,
      "frame": 98,
      "live_rows": 250,
      "native": {
        "cpu_seconds": 13.796875,
        "handles": 114,
        "io_read_bytes": 988325207,
        "io_write_bytes": 43783636,
        "io_write_operations": 20399,
        "private_bytes": 8314880,
        "working_set_bytes": 17223680
      },
      "token_bytes": 0,
      "virtual_utc": 1800001928,
      "wal_bytes": 4177712,
      "wall_secs": 97.0367723
    },
    {
      "active_tokens": 0,
      "frame": 99,
      "live_rows": 250,
      "native": {
        "cpu_seconds": 13.828125,
        "handles": 114,
        "io_read_bytes": 993092951,
        "io_write_bytes": 43857796,
        "io_write_operations": 20435,
        "private_bytes": 8327168,
        "working_set_bytes": 17395712
      },
      "token_bytes": 0,
      "virtual_utc": 1800001929,
      "wal_bytes": 4177712,
      "wall_secs": 98.0285074
    },
    {
      "active_tokens": 0,
      "frame": 100,
      "live_rows": 250,
      "native": {
        "cpu_seconds": 13.859375,
        "handles": 114,
        "io_read_bytes": 997860695,
        "io_write_bytes": 43931956,
        "io_write_operations": 20471,
        "private_bytes": 8327168,
        "working_set_bytes": 17526784
      },
      "token_bytes": 0,
      "virtual_utc": 1800001930,
      "wal_bytes": 4177712,
      "wall_secs": 99.0301247
    },
    {
      "active_tokens": 0,
      "frame": 101,
      "live_rows": 250,
      "native": {
        "cpu_seconds": 13.890625,
        "handles": 114,
        "io_read_bytes": 1002628439,
        "io_write_bytes": 44006116,
        "io_write_operations": 20507,
        "private_bytes": 8327168,
        "working_set_bytes": 17526784
      },
      "token_bytes": 0,
      "virtual_utc": 1800001931,
      "wal_bytes": 4177712,
      "wall_secs": 100.0234637
    },
    {
      "active_tokens": 0,
      "frame": 102,
      "live_rows": 250,
      "native": {
        "cpu_seconds": 13.921875,
        "handles": 114,
        "io_read_bytes": 1007396183,
        "io_write_bytes": 44080276,
        "io_write_operations": 20543,
        "private_bytes": 8327168,
        "working_set_bytes": 17526784
      },
      "token_bytes": 0,
      "virtual_utc": 1800001932,
      "wal_bytes": 4177712,
      "wall_secs": 101.0269171
    },
    {
      "active_tokens": 0,
      "frame": 103,
      "live_rows": 250,
      "native": {
        "cpu_seconds": 13.953125,
        "handles": 114,
        "io_read_bytes": 1012163927,
        "io_write_bytes": 44154436,
        "io_write_operations": 20579,
        "private_bytes": 8327168,
        "working_set_bytes": 17526784
      },
      "token_bytes": 0,
      "virtual_utc": 1800001933,
      "wal_bytes": 4177712,
      "wall_secs": 102.029251
    },
    {
      "active_tokens": 0,
      "frame": 104,
      "live_rows": 250,
      "native": {
        "cpu_seconds": 13.984375,
        "handles": 114,
        "io_read_bytes": 1016931671,
        "io_write_bytes": 44228596,
        "io_write_operations": 20615,
        "private_bytes": 7389184,
        "working_set_bytes": 16773120
      },
      "token_bytes": 0,
      "virtual_utc": 1800001934,
      "wal_bytes": 4177712,
      "wall_secs": 103.0312534
    },
    {
      "active_tokens": 0,
      "frame": 105,
      "live_rows": 250,
      "native": {
        "cpu_seconds": 14.015625,
        "handles": 114,
        "io_read_bytes": 1021699415,
        "io_write_bytes": 44302756,
        "io_write_operations": 20651,
        "private_bytes": 8327168,
        "working_set_bytes": 17461248
      },
      "token_bytes": 0,
      "virtual_utc": 1800001935,
      "wal_bytes": 4177712,
      "wall_secs": 104.0327725
    },
    {
      "active_tokens": 0,
      "frame": 106,
      "live_rows": 250,
      "native": {
        "cpu_seconds": 14.0625,
        "handles": 114,
        "io_read_bytes": 1026467159,
        "io_write_bytes": 44376916,
        "io_write_operations": 20687,
        "private_bytes": 8327168,
        "working_set_bytes": 17620992
      },
      "token_bytes": 0,
      "virtual_utc": 1800001936,
      "wal_bytes": 4177712,
      "wall_secs": 105.0440232
    },
    {
      "active_tokens": 0,
      "frame": 107,
      "live_rows": 250,
      "native": {
        "cpu_seconds": 14.109375,
        "handles": 114,
        "io_read_bytes": 1031234903,
        "io_write_bytes": 44451076,
        "io_write_operations": 20723,
        "private_bytes": 8327168,
        "working_set_bytes": 17633280
      },
      "token_bytes": 0,
      "virtual_utc": 1800001937,
      "wal_bytes": 4177712,
      "wall_secs": 106.0402893
    },
    {
      "active_tokens": 0,
      "frame": 108,
      "live_rows": 250,
      "native": {
        "cpu_seconds": 14.15625,
        "handles": 114,
        "io_read_bytes": 1036002647,
        "io_write_bytes": 44525236,
        "io_write_operations": 20759,
        "private_bytes": 8327168,
        "working_set_bytes": 17649664
      },
      "token_bytes": 0,
      "virtual_utc": 1800001938,
      "wal_bytes": 4177712,
      "wall_secs": 107.037378
    },
    {
      "active_tokens": 0,
      "frame": 109,
      "live_rows": 250,
      "native": {
        "cpu_seconds": 14.1875,
        "handles": 114,
        "io_read_bytes": 1040770391,
        "io_write_bytes": 44599396,
        "io_write_operations": 20795,
        "private_bytes": 7794688,
        "working_set_bytes": 17125376
      },
      "token_bytes": 0,
      "virtual_utc": 1800001939,
      "wal_bytes": 4177712,
      "wall_secs": 108.0278473
    },
    {
      "active_tokens": 0,
      "frame": 110,
      "live_rows": 250,
      "native": {
        "cpu_seconds": 14.21875,
        "handles": 114,
        "io_read_bytes": 1045538135,
        "io_write_bytes": 44673556,
        "io_write_operations": 20831,
        "private_bytes": 8327168,
        "working_set_bytes": 17633280
      },
      "token_bytes": 0,
      "virtual_utc": 1800001940,
      "wal_bytes": 4177712,
      "wall_secs": 109.0309134
    },
    {
      "active_tokens": 0,
      "frame": 111,
      "live_rows": 250,
      "native": {
        "cpu_seconds": 14.265625,
        "handles": 114,
        "io_read_bytes": 1050305879,
        "io_write_bytes": 44747716,
        "io_write_operations": 20867,
        "private_bytes": 7712768,
        "working_set_bytes": 16994304
      },
      "token_bytes": 0,
      "virtual_utc": 1800001941,
      "wal_bytes": 4177712,
      "wall_secs": 110.0409999
    },
    {
      "active_tokens": 0,
      "frame": 112,
      "live_rows": 250,
      "native": {
        "cpu_seconds": 14.296875,
        "handles": 114,
        "io_read_bytes": 1055073623,
        "io_write_bytes": 44821876,
        "io_write_operations": 20903,
        "private_bytes": 8069120,
        "working_set_bytes": 17420288
      },
      "token_bytes": 0,
      "virtual_utc": 1800001942,
      "wal_bytes": 4177712,
      "wall_secs": 111.0376007
    },
    {
      "active_tokens": 0,
      "frame": 113,
      "live_rows": 250,
      "native": {
        "cpu_seconds": 14.34375,
        "handles": 114,
        "io_read_bytes": 1059841367,
        "io_write_bytes": 44896036,
        "io_write_operations": 20939,
        "private_bytes": 7426048,
        "working_set_bytes": 16809984
      },
      "token_bytes": 0,
      "virtual_utc": 1800001943,
      "wal_bytes": 4177712,
      "wall_secs": 112.0359378
    },
    {
      "active_tokens": 0,
      "frame": 114,
      "live_rows": 250,
      "native": {
        "cpu_seconds": 14.375,
        "handles": 114,
        "io_read_bytes": 1064731991,
        "io_write_bytes": 45093076,
        "io_write_operations": 21005,
        "private_bytes": 8327168,
        "working_set_bytes": 17604608
      },
      "token_bytes": 0,
      "virtual_utc": 1800001944,
      "wal_bytes": 4177712,
      "wall_secs": 113.04096
    },
    {
      "active_tokens": 0,
      "frame": 115,
      "live_rows": 250,
      "native": {
        "cpu_seconds": 14.40625,
        "handles": 114,
        "io_read_bytes": 1069499735,
        "io_write_bytes": 45167268,
        "io_write_operations": 21042,
        "private_bytes": 8327168,
        "working_set_bytes": 17620992
      },
      "token_bytes": 0,
      "virtual_utc": 1800001945,
      "wal_bytes": 4177712,
      "wall_secs": 114.0406232
    },
    {
      "active_tokens": 0,
      "frame": 116,
      "live_rows": 250,
      "native": {
        "cpu_seconds": 14.453125,
        "handles": 114,
        "io_read_bytes": 1074267479,
        "io_write_bytes": 45241428,
        "io_write_operations": 21078,
        "private_bytes": 7426048,
        "working_set_bytes": 16805888
      },
      "token_bytes": 0,
      "virtual_utc": 1800001946,
      "wal_bytes": 4177712,
      "wall_secs": 115.0376397
    },
    {
      "active_tokens": 0,
      "frame": 117,
      "live_rows": 250,
      "native": {
        "cpu_seconds": 14.484375,
        "handles": 114,
        "io_read_bytes": 1079035223,
        "io_write_bytes": 45315588,
        "io_write_operations": 21114,
        "private_bytes": 8327168,
        "working_set_bytes": 17551360
      },
      "token_bytes": 0,
      "virtual_utc": 1800001947,
      "wal_bytes": 4177712,
      "wall_secs": 116.0382527
    },
    {
      "active_tokens": 0,
      "frame": 118,
      "live_rows": 250,
      "native": {
        "cpu_seconds": 14.515625,
        "handles": 114,
        "io_read_bytes": 1083802967,
        "io_write_bytes": 45389748,
        "io_write_operations": 21150,
        "private_bytes": 8327168,
        "working_set_bytes": 17571840
      },
      "token_bytes": 0,
      "virtual_utc": 1800001948,
      "wal_bytes": 4177712,
      "wall_secs": 117.0399955
    },
    {
      "active_tokens": 0,
      "frame": 119,
      "live_rows": 250,
      "native": {
        "cpu_seconds": 14.546875,
        "handles": 114,
        "io_read_bytes": 1088570711,
        "io_write_bytes": 45463908,
        "io_write_operations": 21186,
        "private_bytes": 8327168,
        "working_set_bytes": 17625088
      },
      "token_bytes": 0,
      "virtual_utc": 1800001949,
      "wal_bytes": 4177712,
      "wall_secs": 118.0324674
    },
    {
      "active_tokens": 0,
      "frame": 120,
      "live_rows": 250,
      "native": {
        "cpu_seconds": 14.578125,
        "handles": 114,
        "io_read_bytes": 1093338455,
        "io_write_bytes": 45538068,
        "io_write_operations": 21222,
        "private_bytes": 8327168,
        "working_set_bytes": 17629184
      },
      "token_bytes": 0,
      "virtual_utc": 1800001950,
      "wal_bytes": 4177712,
      "wall_secs": 119.0389935
    },
    {
      "active_tokens": 0,
      "frame": 121,
      "live_rows": 250,
      "native": {
        "cpu_seconds": 14.609375,
        "handles": 114,
        "io_read_bytes": 1098106199,
        "io_write_bytes": 45612228,
        "io_write_operations": 21258,
        "private_bytes": 8327168,
        "working_set_bytes": 17629184
      },
      "token_bytes": 0,
      "virtual_utc": 1800001951,
      "wal_bytes": 4177712,
      "wall_secs": 120.0297842
    },
    {
      "active_tokens": 0,
      "frame": 122,
      "live_rows": 250,
      "native": {
        "cpu_seconds": 14.640625,
        "handles": 114,
        "io_read_bytes": 1102873943,
        "io_write_bytes": 45686388,
        "io_write_operations": 21294,
        "private_bytes": 7426048,
        "working_set_bytes": 16809984
      },
      "token_bytes": 0,
      "virtual_utc": 1800001952,
      "wal_bytes": 4177712,
      "wall_secs": 121.0399178
    },
    {
      "active_tokens": 0,
      "frame": 123,
      "live_rows": 250,
      "native": {
        "cpu_seconds": 14.671875,
        "handles": 114,
        "io_read_bytes": 1107641687,
        "io_write_bytes": 45760548,
        "io_write_operations": 21330,
        "private_bytes": 8327168,
        "working_set_bytes": 17358848
      },
      "token_bytes": 0,
      "virtual_utc": 1800001953,
      "wal_bytes": 4177712,
      "wall_secs": 122.036252
    },
    {
      "active_tokens": 0,
      "frame": 124,
      "live_rows": 250,
      "native": {
        "cpu_seconds": 14.703125,
        "handles": 114,
        "io_read_bytes": 1112409431,
        "io_write_bytes": 45834708,
        "io_write_operations": 21366,
        "private_bytes": 8327168,
        "working_set_bytes": 17481728
      },
      "token_bytes": 0,
      "virtual_utc": 1800001954,
      "wal_bytes": 4177712,
      "wall_secs": 123.040713
    },
    {
      "active_tokens": 0,
      "frame": 125,
      "live_rows": 250,
      "native": {
        "cpu_seconds": 14.734375,
        "handles": 114,
        "io_read_bytes": 1117177175,
        "io_write_bytes": 45908868,
        "io_write_operations": 21402,
        "private_bytes": 7442432,
        "working_set_bytes": 16826368
      },
      "token_bytes": 0,
      "virtual_utc": 1800001955,
      "wal_bytes": 4177712,
      "wall_secs": 124.038835
    },
    {
      "active_tokens": 0,
      "frame": 126,
      "live_rows": 250,
      "native": {
        "cpu_seconds": 14.765625,
        "handles": 114,
        "io_read_bytes": 1121944919,
        "io_write_bytes": 45983028,
        "io_write_operations": 21438,
        "private_bytes": 8327168,
        "working_set_bytes": 17506304
      },
      "token_bytes": 0,
      "virtual_utc": 1800001956,
      "wal_bytes": 4177712,
      "wall_secs": 125.0391578
    },
    {
      "active_tokens": 0,
      "frame": 127,
      "live_rows": 250,
      "native": {
        "cpu_seconds": 14.796875,
        "handles": 114,
        "io_read_bytes": 1126712663,
        "io_write_bytes": 46057188,
        "io_write_operations": 21474,
        "private_bytes": 8327168,
        "working_set_bytes": 17514496
      },
      "token_bytes": 0,
      "virtual_utc": 1800001957,
      "wal_bytes": 4177712,
      "wall_secs": 126.0402932
    },
    {
      "active_tokens": 0,
      "frame": 128,
      "live_rows": 250,
      "native": {
        "cpu_seconds": 14.828125,
        "handles": 114,
        "io_read_bytes": 1131480407,
        "io_write_bytes": 46135468,
        "io_write_operations": 21512,
        "private_bytes": 8327168,
        "working_set_bytes": 17616896
      },
      "token_bytes": 0,
      "virtual_utc": 1800001958,
      "wal_bytes": 4177712,
      "wall_secs": 127.0376655
    },
    {
      "active_tokens": 0,
      "frame": 129,
      "live_rows": 250,
      "native": {
        "cpu_seconds": 14.859375,
        "handles": 114,
        "io_read_bytes": 1136248151,
        "io_write_bytes": 46209628,
        "io_write_operations": 21548,
        "private_bytes": 7716864,
        "working_set_bytes": 17031168
      },
      "token_bytes": 0,
      "virtual_utc": 1800001959,
      "wal_bytes": 4177712,
      "wall_secs": 128.0382846
    },
    {
      "active_tokens": 0,
      "frame": 130,
      "live_rows": 250,
      "native": {
        "cpu_seconds": 14.890625,
        "handles": 114,
        "io_read_bytes": 1141015895,
        "io_write_bytes": 46283788,
        "io_write_operations": 21584,
        "private_bytes": 8593408,
        "working_set_bytes": 17608704
      },
      "token_bytes": 0,
      "virtual_utc": 1800001960,
      "wal_bytes": 4177712,
      "wall_secs": 129.0387444
    },
    {
      "active_tokens": 0,
      "frame": 131,
      "live_rows": 250,
      "native": {
        "cpu_seconds": 14.9375,
        "handles": 114,
        "io_read_bytes": 1145783639,
        "io_write_bytes": 46357948,
        "io_write_operations": 21620,
        "private_bytes": 8101888,
        "working_set_bytes": 17182720
      },
      "token_bytes": 0,
      "virtual_utc": 1800001961,
      "wal_bytes": 4177712,
      "wall_secs": 130.0347806
    },
    {
      "active_tokens": 0,
      "frame": 132,
      "live_rows": 250,
      "native": {
        "cpu_seconds": 14.984375,
        "handles": 114,
        "io_read_bytes": 1150551383,
        "io_write_bytes": 46432108,
        "io_write_operations": 21656,
        "private_bytes": 8105984,
        "working_set_bytes": 17457152
      },
      "token_bytes": 0,
      "virtual_utc": 1800001962,
      "wal_bytes": 4177712,
      "wall_secs": 131.0368376
    },
    {
      "active_tokens": 0,
      "frame": 133,
      "live_rows": 250,
      "native": {
        "cpu_seconds": 15.015625,
        "handles": 114,
        "io_read_bytes": 1155319127,
        "io_write_bytes": 46506268,
        "io_write_operations": 21692,
        "private_bytes": 8593408,
        "working_set_bytes": 17629184
      },
      "token_bytes": 0,
      "virtual_utc": 1800001963,
      "wal_bytes": 4177712,
      "wall_secs": 132.0382293
    },
    {
      "active_tokens": 0,
      "frame": 134,
      "live_rows": 250,
      "native": {
        "cpu_seconds": 15.046875,
        "handles": 114,
        "io_read_bytes": 1160086871,
        "io_write_bytes": 46580428,
        "io_write_operations": 21728,
        "private_bytes": 8593408,
        "working_set_bytes": 17633280
      },
      "token_bytes": 0,
      "virtual_utc": 1800001964,
      "wal_bytes": 4177712,
      "wall_secs": 133.0335588
    },
    {
      "active_tokens": 0,
      "frame": 135,
      "live_rows": 250,
      "native": {
        "cpu_seconds": 15.09375,
        "handles": 114,
        "io_read_bytes": 1164854615,
        "io_write_bytes": 46654588,
        "io_write_operations": 21764,
        "private_bytes": 7778304,
        "working_set_bytes": 17125376
      },
      "token_bytes": 0,
      "virtual_utc": 1800001965,
      "wal_bytes": 4177712,
      "wall_secs": 134.0403423
    },
    {
      "active_tokens": 0,
      "frame": 136,
      "live_rows": 250,
      "native": {
        "cpu_seconds": 15.140625,
        "handles": 114,
        "io_read_bytes": 1169622359,
        "io_write_bytes": 46728748,
        "io_write_operations": 21800,
        "private_bytes": 8577024,
        "working_set_bytes": 17428480
      },
      "token_bytes": 0,
      "virtual_utc": 1800001966,
      "wal_bytes": 4177712,
      "wall_secs": 135.0357716
    },
    {
      "active_tokens": 0,
      "frame": 137,
      "live_rows": 250,
      "native": {
        "cpu_seconds": 15.1875,
        "handles": 114,
        "io_read_bytes": 1174390103,
        "io_write_bytes": 46802908,
        "io_write_operations": 21836,
        "private_bytes": 8577024,
        "working_set_bytes": 17571840
      },
      "token_bytes": 0,
      "virtual_utc": 1800001967,
      "wal_bytes": 4177712,
      "wall_secs": 136.0386799
    },
    {
      "active_tokens": 0,
      "frame": 138,
      "live_rows": 250,
      "native": {
        "cpu_seconds": 15.234375,
        "handles": 114,
        "io_read_bytes": 1179157847,
        "io_write_bytes": 46877068,
        "io_write_operations": 21872,
        "private_bytes": 8593408,
        "working_set_bytes": 17588224
      },
      "token_bytes": 0,
      "virtual_utc": 1800001968,
      "wal_bytes": 4177712,
      "wall_secs": 137.0382508
    },
    {
      "active_tokens": 0,
      "frame": 139,
      "live_rows": 250,
      "native": {
        "cpu_seconds": 15.28125,
        "handles": 114,
        "io_read_bytes": 1183925591,
        "io_write_bytes": 46951228,
        "io_write_operations": 21908,
        "private_bytes": 8593408,
        "working_set_bytes": 17805312
      },
      "token_bytes": 0,
      "virtual_utc": 1800001969,
      "wal_bytes": 4177712,
      "wall_secs": 138.0363826
    },
    {
      "active_tokens": 0,
      "frame": 140,
      "live_rows": 250,
      "native": {
        "cpu_seconds": 15.3125,
        "handles": 114,
        "io_read_bytes": 1188693335,
        "io_write_bytes": 47025388,
        "io_write_operations": 21944,
        "private_bytes": 8593408,
        "working_set_bytes": 17809408
      },
      "token_bytes": 0,
      "virtual_utc": 1800001970,
      "wal_bytes": 4177712,
      "wall_secs": 139.0292812
    },
    {
      "active_tokens": 0,
      "frame": 141,
      "live_rows": 250,
      "native": {
        "cpu_seconds": 15.359375,
        "handles": 114,
        "io_read_bytes": 1193461079,
        "io_write_bytes": 47099548,
        "io_write_operations": 21980,
        "private_bytes": 8593408,
        "working_set_bytes": 17809408
      },
      "token_bytes": 0,
      "virtual_utc": 1800001971,
      "wal_bytes": 4177712,
      "wall_secs": 140.0347301
    },
    {
      "active_tokens": 0,
      "frame": 142,
      "live_rows": 250,
      "native": {
        "cpu_seconds": 15.390625,
        "handles": 114,
        "io_read_bytes": 1198228823,
        "io_write_bytes": 47173708,
        "io_write_operations": 22016,
        "private_bytes": 8593408,
        "working_set_bytes": 17809408
      },
      "token_bytes": 0,
      "virtual_utc": 1800001972,
      "wal_bytes": 4177712,
      "wall_secs": 141.0337549
    },
    {
      "active_tokens": 0,
      "frame": 143,
      "live_rows": 250,
      "native": {
        "cpu_seconds": 15.453125,
        "handles": 114,
        "io_read_bytes": 1202996567,
        "io_write_bytes": 47247868,
        "io_write_operations": 22052,
        "private_bytes": 8593408,
        "working_set_bytes": 17809408
      },
      "token_bytes": 0,
      "virtual_utc": 1800001973,
      "wal_bytes": 4177712,
      "wall_secs": 142.0359539
    },
    {
      "active_tokens": 0,
      "frame": 144,
      "live_rows": 250,
      "native": {
        "cpu_seconds": 15.5,
        "handles": 114,
        "io_read_bytes": 1207764311,
        "io_write_bytes": 47322028,
        "io_write_operations": 22088,
        "private_bytes": 8593408,
        "working_set_bytes": 17809408
      },
      "token_bytes": 0,
      "virtual_utc": 1800001974,
      "wal_bytes": 4177712,
      "wall_secs": 143.0351583
    },
    {
      "active_tokens": 0,
      "frame": 145,
      "live_rows": 250,
      "native": {
        "cpu_seconds": 15.546875,
        "handles": 114,
        "io_read_bytes": 1212532055,
        "io_write_bytes": 47396188,
        "io_write_operations": 22124,
        "private_bytes": 8593408,
        "working_set_bytes": 17809408
      },
      "token_bytes": 0,
      "virtual_utc": 1800001975,
      "wal_bytes": 4177712,
      "wall_secs": 144.035265
    },
    {
      "active_tokens": 0,
      "frame": 146,
      "live_rows": 250,
      "native": {
        "cpu_seconds": 15.59375,
        "handles": 114,
        "io_read_bytes": 1217299799,
        "io_write_bytes": 47470348,
        "io_write_operations": 22160,
        "private_bytes": 8593408,
        "working_set_bytes": 17809408
      },
      "token_bytes": 0,
      "virtual_utc": 1800001976,
      "wal_bytes": 4177712,
      "wall_secs": 145.0366398
    },
    {
      "active_tokens": 0,
      "frame": 147,
      "live_rows": 250,
      "native": {
        "cpu_seconds": 15.640625,
        "handles": 114,
        "io_read_bytes": 1222067543,
        "io_write_bytes": 47544508,
        "io_write_operations": 22196,
        "private_bytes": 8593408,
        "working_set_bytes": 17809408
      },
      "token_bytes": 0,
      "virtual_utc": 1800001977,
      "wal_bytes": 4177712,
      "wall_secs": 146.0375783
    },
    {
      "active_tokens": 0,
      "frame": 148,
      "live_rows": 250,
      "native": {
        "cpu_seconds": 15.671875,
        "handles": 114,
        "io_read_bytes": 1226835287,
        "io_write_bytes": 47618668,
        "io_write_operations": 22232,
        "private_bytes": 8593408,
        "working_set_bytes": 17809408
      },
      "token_bytes": 0,
      "virtual_utc": 1800001978,
      "wal_bytes": 4177712,
      "wall_secs": 147.0384916
    },
    {
      "active_tokens": 0,
      "frame": 149,
      "live_rows": 250,
      "native": {
        "cpu_seconds": 15.71875,
        "handles": 114,
        "io_read_bytes": 1231603031,
        "io_write_bytes": 47692828,
        "io_write_operations": 22268,
        "private_bytes": 8593408,
        "working_set_bytes": 17809408
      },
      "token_bytes": 0,
      "virtual_utc": 1800001979,
      "wal_bytes": 4177712,
      "wall_secs": 148.0362213
    },
    {
      "active_tokens": 0,
      "frame": 150,
      "live_rows": 250,
      "native": {
        "cpu_seconds": 15.75,
        "handles": 114,
        "io_read_bytes": 1236387159,
        "io_write_bytes": 47808188,
        "io_write_operations": 22324,
        "private_bytes": 8593408,
        "working_set_bytes": 17809408
      },
      "token_bytes": 0,
      "virtual_utc": 1800001980,
      "wal_bytes": 4177712,
      "wall_secs": 149.0313947
    },
    {
      "active_tokens": 0,
      "frame": 151,
      "live_rows": 250,
      "native": {
        "cpu_seconds": 15.796875,
        "handles": 114,
        "io_read_bytes": 1241150807,
        "io_write_bytes": 47882348,
        "io_write_operations": 22360,
        "private_bytes": 7831552,
        "working_set_bytes": 17051648
      },
      "token_bytes": 0,
      "virtual_utc": 1800001981,
      "wal_bytes": 4177712,
      "wall_secs": 150.0385414
    },
    {
      "active_tokens": 0,
      "frame": 152,
      "live_rows": 250,
      "native": {
        "cpu_seconds": 15.84375,
        "handles": 114,
        "io_read_bytes": 1245922647,
        "io_write_bytes": 47964748,
        "io_write_operations": 22400,
        "private_bytes": 8593408,
        "working_set_bytes": 17543168
      },
      "token_bytes": 0,
      "virtual_utc": 1800001982,
      "wal_bytes": 4177712,
      "wall_secs": 151.0357767
    },
    {
      "active_tokens": 0,
      "frame": 153,
      "live_rows": 250,
      "native": {
        "cpu_seconds": 15.890625,
        "handles": 114,
        "io_read_bytes": 1250694487,
        "io_write_bytes": 48047148,
        "io_write_operations": 22440,
        "private_bytes": 7946240,
        "working_set_bytes": 17072128
      },
      "token_bytes": 0,
      "virtual_utc": 1800001983,
      "wal_bytes": 4177712,
      "wall_secs": 152.0379984
    },
    {
      "active_tokens": 0,
      "frame": 154,
      "live_rows": 250,
      "native": {
        "cpu_seconds": 15.921875,
        "handles": 114,
        "io_read_bytes": 1255462231,
        "io_write_bytes": 48121308,
        "io_write_operations": 22476,
        "private_bytes": 8593408,
        "working_set_bytes": 17616896
      },
      "token_bytes": 0,
      "virtual_utc": 1800001984,
      "wal_bytes": 4177712,
      "wall_secs": 153.0388853
    },
    {
      "active_tokens": 0,
      "frame": 155,
      "live_rows": 250,
      "native": {
        "cpu_seconds": 15.953125,
        "handles": 114,
        "io_read_bytes": 1260229975,
        "io_write_bytes": 48195468,
        "io_write_operations": 22512,
        "private_bytes": 7802880,
        "working_set_bytes": 17096704
      },
      "token_bytes": 0,
      "virtual_utc": 1800001985,
      "wal_bytes": 4177712,
      "wall_secs": 154.0378067
    },
    {
      "active_tokens": 0,
      "frame": 156,
      "live_rows": 250,
      "native": {
        "cpu_seconds": 16.0,
        "handles": 114,
        "io_read_bytes": 1264997719,
        "io_write_bytes": 48269628,
        "io_write_operations": 22548,
        "private_bytes": 8572928,
        "working_set_bytes": 17608704
      },
      "token_bytes": 0,
      "virtual_utc": 1800001986,
      "wal_bytes": 4177712,
      "wall_secs": 155.0366268
    },
    {
      "active_tokens": 0,
      "frame": 157,
      "live_rows": 250,
      "native": {
        "cpu_seconds": 16.03125,
        "handles": 114,
        "io_read_bytes": 1269769559,
        "io_write_bytes": 48352028,
        "io_write_operations": 22588,
        "private_bytes": 8527872,
        "working_set_bytes": 17190912
      },
      "token_bytes": 0,
      "virtual_utc": 1800001987,
      "wal_bytes": 4177712,
      "wall_secs": 156.0242368
    },
    {
      "active_tokens": 0,
      "frame": 158,
      "live_rows": 250,
      "native": {
        "cpu_seconds": 16.0625,
        "handles": 114,
        "io_read_bytes": 1274537303,
        "io_write_bytes": 48426188,
        "io_write_operations": 22624,
        "private_bytes": 8593408,
        "working_set_bytes": 17424384
      },
      "token_bytes": 0,
      "virtual_utc": 1800001988,
      "wal_bytes": 4177712,
      "wall_secs": 157.040297
    },
    {
      "active_tokens": 0,
      "frame": 159,
      "live_rows": 250,
      "native": {
        "cpu_seconds": 16.109375,
        "handles": 114,
        "io_read_bytes": 1279309143,
        "io_write_bytes": 48508588,
        "io_write_operations": 22664,
        "private_bytes": 8593408,
        "working_set_bytes": 17608704
      },
      "token_bytes": 0,
      "virtual_utc": 1800001989,
      "wal_bytes": 4177712,
      "wall_secs": 158.0356704
    },
    {
      "active_tokens": 0,
      "frame": 160,
      "live_rows": 250,
      "native": {
        "cpu_seconds": 16.140625,
        "handles": 114,
        "io_read_bytes": 1284072791,
        "io_write_bytes": 48582748,
        "io_write_operations": 22700,
        "private_bytes": 8523776,
        "working_set_bytes": 17678336
      },
      "token_bytes": 0,
      "virtual_utc": 1800001990,
      "wal_bytes": 4177712,
      "wall_secs": 159.029273
    },
    {
      "active_tokens": 0,
      "frame": 161,
      "live_rows": 250,
      "native": {
        "cpu_seconds": 16.171875,
        "handles": 114,
        "io_read_bytes": 1288840535,
        "io_write_bytes": 48656908,
        "io_write_operations": 22736,
        "private_bytes": 7839744,
        "working_set_bytes": 17235968
      },
      "token_bytes": 0,
      "virtual_utc": 1800001991,
      "wal_bytes": 4177712,
      "wall_secs": 160.0277437
    },
    {
      "active_tokens": 0,
      "frame": 162,
      "live_rows": 250,
      "native": {
        "cpu_seconds": 16.203125,
        "handles": 114,
        "io_read_bytes": 1293608279,
        "io_write_bytes": 48731068,
        "io_write_operations": 22772,
        "private_bytes": 8523776,
        "working_set_bytes": 17592320
      },
      "token_bytes": 0,
      "virtual_utc": 1800001992,
      "wal_bytes": 4177712,
      "wall_secs": 161.0273529
    },
    {
      "active_tokens": 0,
      "frame": 163,
      "live_rows": 250,
      "native": {
        "cpu_seconds": 16.25,
        "handles": 114,
        "io_read_bytes": 1298376023,
        "io_write_bytes": 48805228,
        "io_write_operations": 22808,
        "private_bytes": 8523776,
        "working_set_bytes": 17678336
      },
      "token_bytes": 0,
      "virtual_utc": 1800001993,
      "wal_bytes": 4177712,
      "wall_secs": 162.0394621
    },
    {
      "active_tokens": 0,
      "frame": 164,
      "live_rows": 250,
      "native": {
        "cpu_seconds": 16.28125,
        "handles": 114,
        "io_read_bytes": 1303143767,
        "io_write_bytes": 48879388,
        "io_write_operations": 22844,
        "private_bytes": 8523776,
        "working_set_bytes": 17682432
      },
      "token_bytes": 0,
      "virtual_utc": 1800001994,
      "wal_bytes": 4177712,
      "wall_secs": 163.0328081
    },
    {
      "active_tokens": 0,
      "frame": 165,
      "live_rows": 250,
      "native": {
        "cpu_seconds": 16.3125,
        "handles": 114,
        "io_read_bytes": 1307911511,
        "io_write_bytes": 48953548,
        "io_write_operations": 22880,
        "private_bytes": 7757824,
        "working_set_bytes": 17125376
      },
      "token_bytes": 0,
      "virtual_utc": 1800001995,
      "wal_bytes": 4177712,
      "wall_secs": 164.0273404
    },
    {
      "active_tokens": 0,
      "frame": 166,
      "live_rows": 250,
      "native": {
        "cpu_seconds": 16.34375,
        "handles": 114,
        "io_read_bytes": 1312679255,
        "io_write_bytes": 49027708,
        "io_write_operations": 22916,
        "private_bytes": 8523776,
        "working_set_bytes": 17526784
      },
      "token_bytes": 0,
      "virtual_utc": 1800001996,
      "wal_bytes": 4177712,
      "wall_secs": 165.0379968
    },
    {
      "active_tokens": 0,
      "frame": 167,
      "live_rows": 250,
      "native": {
        "cpu_seconds": 16.375,
        "handles": 114,
        "io_read_bytes": 1317446999,
        "io_write_bytes": 49101868,
        "io_write_operations": 22952,
        "private_bytes": 8523776,
        "working_set_bytes": 17686528
      },
      "token_bytes": 0,
      "virtual_utc": 1800001997,
      "wal_bytes": 4177712,
      "wall_secs": 166.0393803
    },
    {
      "active_tokens": 0,
      "frame": 168,
      "live_rows": 250,
      "native": {
        "cpu_seconds": 16.40625,
        "handles": 114,
        "io_read_bytes": 1322214743,
        "io_write_bytes": 49176028,
        "io_write_operations": 22988,
        "private_bytes": 8523776,
        "working_set_bytes": 17682432
      },
      "token_bytes": 0,
      "virtual_utc": 1800001998,
      "wal_bytes": 4177712,
      "wall_secs": 167.0331355
    },
    {
      "active_tokens": 0,
      "frame": 169,
      "live_rows": 250,
      "native": {
        "cpu_seconds": 16.4375,
        "handles": 114,
        "io_read_bytes": 1327117655,
        "io_write_bytes": 49385356,
        "io_write_operations": 23057,
        "private_bytes": 7761920,
        "working_set_bytes": 17149952
      },
      "token_bytes": 0,
      "virtual_utc": 1800001999,
      "wal_bytes": 4177712,
      "wall_secs": 168.0307543
    },
    {
      "active_tokens": 0,
      "frame": 170,
      "live_rows": 250,
      "native": {
        "cpu_seconds": 16.46875,
        "handles": 114,
        "io_read_bytes": 1331885399,
        "io_write_bytes": 49459548,
        "io_write_operations": 23094,
        "private_bytes": 8523776,
        "working_set_bytes": 17674240
      },
      "token_bytes": 0,
      "virtual_utc": 1800002000,
      "wal_bytes": 4177712,
      "wall_secs": 169.021438
    },
    {
      "active_tokens": 0,
      "frame": 171,
      "live_rows": 250,
      "native": {
        "cpu_seconds": 16.5,
        "handles": 114,
        "io_read_bytes": 1336653143,
        "io_write_bytes": 49533708,
        "io_write_operations": 23130,
        "private_bytes": 8523776,
        "working_set_bytes": 17674240
      },
      "token_bytes": 0,
      "virtual_utc": 1800002001,
      "wal_bytes": 4177712,
      "wall_secs": 170.0391466
    },
    {
      "active_tokens": 0,
      "frame": 172,
      "live_rows": 250,
      "native": {
        "cpu_seconds": 16.53125,
        "handles": 114,
        "io_read_bytes": 1341420887,
        "io_write_bytes": 49607868,
        "io_write_operations": 23166,
        "private_bytes": 8523776,
        "working_set_bytes": 17678336
      },
      "token_bytes": 0,
      "virtual_utc": 1800002002,
      "wal_bytes": 4177712,
      "wall_secs": 171.0400009
    },
    {
      "active_tokens": 0,
      "frame": 173,
      "live_rows": 250,
      "native": {
        "cpu_seconds": 16.5625,
        "handles": 114,
        "io_read_bytes": 1346188631,
        "io_write_bytes": 49682028,
        "io_write_operations": 23202,
        "private_bytes": 7794688,
        "working_set_bytes": 17137664
      },
      "token_bytes": 0,
      "virtual_utc": 1800002003,
      "wal_bytes": 4177712,
      "wall_secs": 172.0412401
    },
    {
      "active_tokens": 0,
      "frame": 174,
      "live_rows": 250,
      "native": {
        "cpu_seconds": 16.609375,
        "handles": 114,
        "io_read_bytes": 1350956375,
        "io_write_bytes": 49756188,
        "io_write_operations": 23238,
        "private_bytes": 8519680,
        "working_set_bytes": 17477632
      },
      "token_bytes": 0,
      "virtual_utc": 1800002004,
      "wal_bytes": 4177712,
      "wall_secs": 173.036961
    },
    {
      "active_tokens": 0,
      "frame": 175,
      "live_rows": 250,
      "native": {
        "cpu_seconds": 16.640625,
        "handles": 114,
        "io_read_bytes": 1355724119,
        "io_write_bytes": 49830348,
        "io_write_operations": 23274,
        "private_bytes": 8523776,
        "working_set_bytes": 17645568
      },
      "token_bytes": 0,
      "virtual_utc": 1800002005,
      "wal_bytes": 4177712,
      "wall_secs": 174.0299524
    },
    {
      "active_tokens": 0,
      "frame": 176,
      "live_rows": 250,
      "native": {
        "cpu_seconds": 16.671875,
        "handles": 114,
        "io_read_bytes": 1360491863,
        "io_write_bytes": 49904508,
        "io_write_operations": 23310,
        "private_bytes": 8523776,
        "working_set_bytes": 17645568
      },
      "token_bytes": 0,
      "virtual_utc": 1800002006,
      "wal_bytes": 4177712,
      "wall_secs": 175.0300952
    },
    {
      "active_tokens": 0,
      "frame": 177,
      "live_rows": 250,
      "native": {
        "cpu_seconds": 16.703125,
        "handles": 114,
        "io_read_bytes": 1365259607,
        "io_write_bytes": 49978668,
        "io_write_operations": 23346,
        "private_bytes": 7823360,
        "working_set_bytes": 17219584
      },
      "token_bytes": 0,
      "virtual_utc": 1800002007,
      "wal_bytes": 4177712,
      "wall_secs": 176.032468
    },
    {
      "active_tokens": 0,
      "frame": 178,
      "live_rows": 250,
      "native": {
        "cpu_seconds": 16.734375,
        "handles": 114,
        "io_read_bytes": 1370027351,
        "io_write_bytes": 50052828,
        "io_write_operations": 23382,
        "private_bytes": 8724480,
        "working_set_bytes": 17473536
      },
      "token_bytes": 0,
      "virtual_utc": 1800002008,
      "wal_bytes": 4177712,
      "wall_secs": 177.0308028
    },
    {
      "active_tokens": 0,
      "frame": 179,
      "live_rows": 250,
      "native": {
        "cpu_seconds": 16.75,
        "handles": 114,
        "io_read_bytes": 1374795095,
        "io_write_bytes": 50131108,
        "io_write_operations": 23420,
        "private_bytes": 8757248,
        "working_set_bytes": 17682432
      },
      "token_bytes": 0,
      "virtual_utc": 1800002009,
      "wal_bytes": 4177712,
      "wall_secs": 178.0321389
    },
    {
      "active_tokens": 0,
      "frame": 180,
      "live_rows": 250,
      "native": {
        "cpu_seconds": 16.78125,
        "handles": 114,
        "io_read_bytes": 1379562839,
        "io_write_bytes": 50205268,
        "io_write_operations": 23456,
        "private_bytes": 8757248,
        "working_set_bytes": 17682432
      },
      "token_bytes": 0,
      "virtual_utc": 1800002010,
      "wal_bytes": 4177712,
      "wall_secs": 179.0299881
    },
    {
      "active_tokens": 0,
      "frame": 181,
      "live_rows": 250,
      "native": {
        "cpu_seconds": 16.8125,
        "handles": 114,
        "io_read_bytes": 1384330583,
        "io_write_bytes": 50279428,
        "io_write_operations": 23492,
        "private_bytes": 7868416,
        "working_set_bytes": 17256448
      },
      "token_bytes": 0,
      "virtual_utc": 1800002011,
      "wal_bytes": 4177712,
      "wall_secs": 180.0307632
    },
    {
      "active_tokens": 0,
      "frame": 182,
      "live_rows": 250,
      "native": {
        "cpu_seconds": 16.859375,
        "handles": 114,
        "io_read_bytes": 1389098327,
        "io_write_bytes": 50353588,
        "io_write_operations": 23528,
        "private_bytes": 8790016,
        "working_set_bytes": 17608704
      },
      "token_bytes": 0,
      "virtual_utc": 1800002012,
      "wal_bytes": 4177712,
      "wall_secs": 181.0355733
    },
    {
      "active_tokens": 0,
      "frame": 183,
      "live_rows": 250,
      "native": {
        "cpu_seconds": 16.890625,
        "handles": 114,
        "io_read_bytes": 1393866071,
        "io_write_bytes": 50427748,
        "io_write_operations": 23564,
        "private_bytes": 8790016,
        "working_set_bytes": 17690624
      },
      "token_bytes": 0,
      "virtual_utc": 1800002013,
      "wal_bytes": 4177712,
      "wall_secs": 182.0382114
    },
    {
      "active_tokens": 0,
      "frame": 184,
      "live_rows": 250,
      "native": {
        "cpu_seconds": 16.9375,
        "handles": 114,
        "io_read_bytes": 1398633815,
        "io_write_bytes": 50501908,
        "io_write_operations": 23600,
        "private_bytes": 8790016,
        "working_set_bytes": 17686528
      },
      "token_bytes": 0,
      "virtual_utc": 1800002014,
      "wal_bytes": 4177712,
      "wall_secs": 183.0366389
    },
    {
      "active_tokens": 0,
      "frame": 185,
      "live_rows": 250,
      "native": {
        "cpu_seconds": 16.96875,
        "handles": 114,
        "io_read_bytes": 1403401559,
        "io_write_bytes": 50576068,
        "io_write_operations": 23636,
        "private_bytes": 7761920,
        "working_set_bytes": 17145856
      },
      "token_bytes": 0,
      "virtual_utc": 1800002015,
      "wal_bytes": 4177712,
      "wall_secs": 184.0256392
    },
    {
      "active_tokens": 0,
      "frame": 186,
      "live_rows": 250,
      "native": {
        "cpu_seconds": 17.015625,
        "handles": 114,
        "io_read_bytes": 1408169303,
        "io_write_bytes": 50650228,
        "io_write_operations": 23672,
        "private_bytes": 8777728,
        "working_set_bytes": 17645568
      },
      "token_bytes": 0,
      "virtual_utc": 1800002016,
      "wal_bytes": 4177712,
      "wall_secs": 185.0359496
    },
    {
      "active_tokens": 0,
      "frame": 187,
      "live_rows": 250,
      "native": {
        "cpu_seconds": 17.046875,
        "handles": 114,
        "io_read_bytes": 1412937047,
        "io_write_bytes": 50724388,
        "io_write_operations": 23708,
        "private_bytes": 8777728,
        "working_set_bytes": 17731584
      },
      "token_bytes": 0,
      "virtual_utc": 1800002017,
      "wal_bytes": 4177712,
      "wall_secs": 186.0382021
    },
    {
      "active_tokens": 0,
      "frame": 188,
      "live_rows": 250,
      "native": {
        "cpu_seconds": 17.09375,
        "handles": 114,
        "io_read_bytes": 1417704791,
        "io_write_bytes": 50798548,
        "io_write_operations": 23744,
        "private_bytes": 8777728,
        "working_set_bytes": 17727488
      },
      "token_bytes": 0,
      "virtual_utc": 1800002018,
      "wal_bytes": 4177712,
      "wall_secs": 187.0378557
    },
    {
      "active_tokens": 0,
      "frame": 189,
      "live_rows": 250,
      "native": {
        "cpu_seconds": 17.125,
        "handles": 114,
        "io_read_bytes": 1422472535,
        "io_write_bytes": 50872708,
        "io_write_operations": 23780,
        "private_bytes": 8699904,
        "working_set_bytes": 17195008
      },
      "token_bytes": 0,
      "virtual_utc": 1800002019,
      "wal_bytes": 4177712,
      "wall_secs": 188.0380901
    },
    {
      "active_tokens": 0,
      "frame": 190,
      "live_rows": 250,
      "native": {
        "cpu_seconds": 17.15625,
        "handles": 114,
        "io_read_bytes": 1427240279,
        "io_write_bytes": 50946868,
        "io_write_operations": 23816,
        "private_bytes": 8773632,
        "working_set_bytes": 17412096
      },
      "token_bytes": 0,
      "virtual_utc": 1800002020,
      "wal_bytes": 4177712,
      "wall_secs": 189.0271691
    },
    {
      "active_tokens": 0,
      "frame": 191,
      "live_rows": 250,
      "native": {
        "cpu_seconds": 17.203125,
        "handles": 114,
        "io_read_bytes": 1432008023,
        "io_write_bytes": 51021028,
        "io_write_operations": 23852,
        "private_bytes": 8773632,
        "working_set_bytes": 17670144
      },
      "token_bytes": 0,
      "virtual_utc": 1800002021,
      "wal_bytes": 4177712,
      "wall_secs": 190.0375836
    },
    {
      "active_tokens": 0,
      "frame": 192,
      "live_rows": 250,
      "native": {
        "cpu_seconds": 17.25,
        "handles": 114,
        "io_read_bytes": 1436775767,
        "io_write_bytes": 51095188,
        "io_write_operations": 23888,
        "private_bytes": 8773632,
        "working_set_bytes": 17666048
      },
      "token_bytes": 0,
      "virtual_utc": 1800002022,
      "wal_bytes": 4177712,
      "wall_secs": 191.3168784
    },
    {
      "active_tokens": 0,
      "frame": 193,
      "live_rows": 250,
      "native": {
        "cpu_seconds": 17.28125,
        "handles": 114,
        "io_read_bytes": 1441543511,
        "io_write_bytes": 51169348,
        "io_write_operations": 23924,
        "private_bytes": 7950336,
        "working_set_bytes": 17174528
      },
      "token_bytes": 0,
      "virtual_utc": 1800002023,
      "wal_bytes": 4177712,
      "wall_secs": 192.0384467
    },
    {
      "active_tokens": 0,
      "frame": 194,
      "live_rows": 250,
      "native": {
        "cpu_seconds": 17.3125,
        "handles": 114,
        "io_read_bytes": 1446311255,
        "io_write_bytes": 51243508,
        "io_write_operations": 23960,
        "private_bytes": 8790016,
        "working_set_bytes": 17612800
      },
      "token_bytes": 0,
      "virtual_utc": 1800002024,
      "wal_bytes": 4177712,
      "wall_secs": 193.0278444
    },
    {
      "active_tokens": 0,
      "frame": 195,
      "live_rows": 250,
      "native": {
        "cpu_seconds": 17.359375,
        "handles": 114,
        "io_read_bytes": 1451078999,
        "io_write_bytes": 51317668,
        "io_write_operations": 23996,
        "private_bytes": 8790016,
        "working_set_bytes": 17612800
      },
      "token_bytes": 0,
      "virtual_utc": 1800002025,
      "wal_bytes": 4177712,
      "wall_secs": 194.0373615
    },
    {
      "active_tokens": 0,
      "frame": 196,
      "live_rows": 250,
      "native": {
        "cpu_seconds": 17.40625,
        "handles": 114,
        "io_read_bytes": 1455846743,
        "io_write_bytes": 51391828,
        "io_write_operations": 24032,
        "private_bytes": 8790016,
        "working_set_bytes": 17612800
      },
      "token_bytes": 0,
      "virtual_utc": 1800002026,
      "wal_bytes": 4177712,
      "wall_secs": 195.0383238
    },
    {
      "active_tokens": 0,
      "frame": 197,
      "live_rows": 250,
      "native": {
        "cpu_seconds": 17.453125,
        "handles": 114,
        "io_read_bytes": 1460614487,
        "io_write_bytes": 51465988,
        "io_write_operations": 24068,
        "private_bytes": 8790016,
        "working_set_bytes": 17612800
      },
      "token_bytes": 0,
      "virtual_utc": 1800002027,
      "wal_bytes": 4177712,
      "wall_secs": 196.037404
    },
    {
      "active_tokens": 0,
      "frame": 198,
      "live_rows": 250,
      "native": {
        "cpu_seconds": 17.484375,
        "handles": 114,
        "io_read_bytes": 1465382231,
        "io_write_bytes": 51540148,
        "io_write_operations": 24104,
        "private_bytes": 8790016,
        "working_set_bytes": 17612800
      },
      "token_bytes": 0,
      "virtual_utc": 1800002028,
      "wal_bytes": 4177712,
      "wall_secs": 197.0395728
    },
    {
      "active_tokens": 0,
      "frame": 199,
      "live_rows": 250,
      "native": {
        "cpu_seconds": 17.515625,
        "handles": 114,
        "io_read_bytes": 1470149975,
        "io_write_bytes": 51614308,
        "io_write_operations": 24140,
        "private_bytes": 7835648,
        "working_set_bytes": 17182720
      },
      "token_bytes": 0,
      "virtual_utc": 1800002029,
      "wal_bytes": 4177712,
      "wall_secs": 198.0387046
    },
    {
      "active_tokens": 0,
      "frame": 200,
      "live_rows": 250,
      "native": {
        "cpu_seconds": 17.5625,
        "handles": 114,
        "io_read_bytes": 1474917719,
        "io_write_bytes": 51688468,
        "io_write_operations": 24176,
        "private_bytes": 8122368,
        "working_set_bytes": 17522688
      },
      "token_bytes": 0,
      "virtual_utc": 1800002030,
      "wal_bytes": 4177712,
      "wall_secs": 199.0356396
    },
    {
      "active_tokens": 0,
      "frame": 201,
      "live_rows": 250,
      "native": {
        "cpu_seconds": 17.609375,
        "handles": 114,
        "io_read_bytes": 1479685463,
        "io_write_bytes": 51762628,
        "io_write_operations": 24212,
        "private_bytes": 8790016,
        "working_set_bytes": 17743872
      },
      "token_bytes": 0,
      "virtual_utc": 1800002031,
      "wal_bytes": 4177712,
      "wall_secs": 200.0373992
    },
    {
      "active_tokens": 0,
      "frame": 202,
      "live_rows": 250,
      "native": {
        "cpu_seconds": 17.640625,
        "handles": 114,
        "io_read_bytes": 1484453207,
        "io_write_bytes": 51836788,
        "io_write_operations": 24248,
        "private_bytes": 8790016,
        "working_set_bytes": 17743872
      },
      "token_bytes": 0,
      "virtual_utc": 1800002032,
      "wal_bytes": 4177712,
      "wall_secs": 201.0384624
    },
    {
      "active_tokens": 0,
      "frame": 203,
      "live_rows": 250,
      "native": {
        "cpu_seconds": 17.671875,
        "handles": 114,
        "io_read_bytes": 1489220951,
        "io_write_bytes": 51910948,
        "io_write_operations": 24284,
        "private_bytes": 8790016,
        "working_set_bytes": 17743872
      },
      "token_bytes": 0,
      "virtual_utc": 1800002033,
      "wal_bytes": 4177712,
      "wall_secs": 202.0395001
    },
    {
      "active_tokens": 0,
      "frame": 204,
      "live_rows": 250,
      "native": {
        "cpu_seconds": 17.703125,
        "handles": 114,
        "io_read_bytes": 1493988695,
        "io_write_bytes": 51985108,
        "io_write_operations": 24320,
        "private_bytes": 8790016,
        "working_set_bytes": 17743872
      },
      "token_bytes": 0,
      "virtual_utc": 1800002034,
      "wal_bytes": 4177712,
      "wall_secs": 203.0398714
    },
    {
      "active_tokens": 0,
      "frame": 205,
      "live_rows": 250,
      "native": {
        "cpu_seconds": 17.75,
        "handles": 114,
        "io_read_bytes": 1498756439,
        "io_write_bytes": 52059268,
        "io_write_operations": 24356,
        "private_bytes": 8101888,
        "working_set_bytes": 17330176
      },
      "token_bytes": 0,
      "virtual_utc": 1800002035,
      "wal_bytes": 4177712,
      "wall_secs": 204.037018
    },
    {
      "active_tokens": 0,
      "frame": 206,
      "live_rows": 250,
      "native": {
        "cpu_seconds": 17.796875,
        "handles": 114,
        "io_read_bytes": 1503524183,
        "io_write_bytes": 52133428,
        "io_write_operations": 24392,
        "private_bytes": 8785920,
        "working_set_bytes": 17723392
      },
      "token_bytes": 0,
      "virtual_utc": 1800002036,
      "wal_bytes": 4177712,
      "wall_secs": 205.0374435
    },
    {
      "active_tokens": 0,
      "frame": 207,
      "live_rows": 250,
      "native": {
        "cpu_seconds": 17.828125,
        "handles": 114,
        "io_read_bytes": 1508291927,
        "io_write_bytes": 52207588,
        "io_write_operations": 24428,
        "private_bytes": 8790016,
        "working_set_bytes": 17731584
      },
      "token_bytes": 0,
      "virtual_utc": 1800002037,
      "wal_bytes": 4177712,
      "wall_secs": 206.0387859
    },
    {
      "active_tokens": 0,
      "frame": 208,
      "live_rows": 250,
      "native": {
        "cpu_seconds": 17.859375,
        "handles": 114,
        "io_read_bytes": 1513059671,
        "io_write_bytes": 52281748,
        "io_write_operations": 24464,
        "private_bytes": 8790016,
        "working_set_bytes": 17735680
      },
      "token_bytes": 0,
      "virtual_utc": 1800002038,
      "wal_bytes": 4177712,
      "wall_secs": 207.0388033
    },
    {
      "active_tokens": 0,
      "frame": 209,
      "live_rows": 250,
      "native": {
        "cpu_seconds": 17.890625,
        "handles": 114,
        "io_read_bytes": 1517827415,
        "io_write_bytes": 52355908,
        "io_write_operations": 24500,
        "private_bytes": 8790016,
        "working_set_bytes": 17743872
      },
      "token_bytes": 0,
      "virtual_utc": 1800002039,
      "wal_bytes": 4177712,
      "wall_secs": 208.0391259
    },
    {
      "active_tokens": 0,
      "frame": 210,
      "live_rows": 250,
      "native": {
        "cpu_seconds": 17.921875,
        "handles": 114,
        "io_read_bytes": 1522611543,
        "io_write_bytes": 52471268,
        "io_write_operations": 24556,
        "private_bytes": 8790016,
        "working_set_bytes": 17743872
      },
      "token_bytes": 0,
      "virtual_utc": 1800002040,
      "wal_bytes": 4177712,
      "wall_secs": 209.0381826
    },
    {
      "active_tokens": 0,
      "frame": 211,
      "live_rows": 250,
      "native": {
        "cpu_seconds": 17.953125,
        "handles": 114,
        "io_read_bytes": 1527375191,
        "io_write_bytes": 52545428,
        "io_write_operations": 24592,
        "private_bytes": 8687616,
        "working_set_bytes": 17256448
      },
      "token_bytes": 0,
      "virtual_utc": 1800002041,
      "wal_bytes": 4177712,
      "wall_secs": 210.0286293
    },
    {
      "active_tokens": 0,
      "frame": 212,
      "live_rows": 250,
      "native": {
        "cpu_seconds": 17.984375,
        "handles": 114,
        "io_read_bytes": 1532147031,
        "io_write_bytes": 52627828,
        "io_write_operations": 24632,
        "private_bytes": 8736768,
        "working_set_bytes": 17465344
      },
      "token_bytes": 0,
      "virtual_utc": 1800002042,
      "wal_bytes": 4177712,
      "wall_secs": 211.0284864
    },
    {
      "active_tokens": 0,
      "frame": 213,
      "live_rows": 250,
      "native": {
        "cpu_seconds": 18.03125,
        "handles": 114,
        "io_read_bytes": 1536914775,
        "io_write_bytes": 52701988,
        "io_write_operations": 24668,
        "private_bytes": 8736768,
        "working_set_bytes": 17682432
      },
      "token_bytes": 0,
      "virtual_utc": 1800002043,
      "wal_bytes": 4177712,
      "wall_secs": 212.0373077
    },
    {
      "active_tokens": 0,
      "frame": 214,
      "live_rows": 250,
      "native": {
        "cpu_seconds": 18.0625,
        "handles": 114,
        "io_read_bytes": 1541682519,
        "io_write_bytes": 52776148,
        "io_write_operations": 24704,
        "private_bytes": 8790016,
        "working_set_bytes": 17715200
      },
      "token_bytes": 0,
      "virtual_utc": 1800002044,
      "wal_bytes": 4177712,
      "wall_secs": 213.0389233
    },
    {
      "active_tokens": 0,
      "frame": 215,
      "live_rows": 250,
      "native": {
        "cpu_seconds": 18.109375,
        "handles": 114,
        "io_read_bytes": 1546450263,
        "io_write_bytes": 52850308,
        "io_write_operations": 24740,
        "private_bytes": 8790016,
        "working_set_bytes": 17735680
      },
      "token_bytes": 0,
      "virtual_utc": 1800002045,
      "wal_bytes": 4177712,
      "wall_secs": 214.0359486
    },
    {
      "active_tokens": 0,
      "frame": 216,
      "live_rows": 250,
      "native": {
        "cpu_seconds": 18.15625,
        "handles": 114,
        "io_read_bytes": 1551218007,
        "io_write_bytes": 52924468,
        "io_write_operations": 24776,
        "private_bytes": 8790016,
        "working_set_bytes": 17739776
      },
      "token_bytes": 0,
      "virtual_utc": 1800002046,
      "wal_bytes": 4177712,
      "wall_secs": 215.0357274
    },
    {
      "active_tokens": 0,
      "frame": 217,
      "live_rows": 250,
      "native": {
        "cpu_seconds": 18.1875,
        "handles": 114,
        "io_read_bytes": 1555985751,
        "io_write_bytes": 52998628,
        "io_write_operations": 24812,
        "private_bytes": 7929856,
        "working_set_bytes": 17256448
      },
      "token_bytes": 0,
      "virtual_utc": 1800002047,
      "wal_bytes": 4177712,
      "wall_secs": 216.0289564
    },
    {
      "active_tokens": 0,
      "frame": 218,
      "live_rows": 250,
      "native": {
        "cpu_seconds": 18.21875,
        "handles": 114,
        "io_read_bytes": 1560753495,
        "io_write_bytes": 53072788,
        "io_write_operations": 24848,
        "private_bytes": 8777728,
        "working_set_bytes": 17645568
      },
      "token_bytes": 0,
      "virtual_utc": 1800002048,
      "wal_bytes": 4177712,
      "wall_secs": 217.0378507
    },
    {
      "active_tokens": 0,
      "frame": 219,
      "live_rows": 250,
      "native": {
        "cpu_seconds": 18.25,
        "handles": 114,
        "io_read_bytes": 1565521239,
        "io_write_bytes": 53146948,
        "io_write_operations": 24884,
        "private_bytes": 8790016,
        "working_set_bytes": 17657856
      },
      "token_bytes": 0,
      "virtual_utc": 1800002049,
      "wal_bytes": 4177712,
      "wall_secs": 218.0394682
    },
    {
      "active_tokens": 0,
      "frame": 220,
      "live_rows": 250,
      "native": {
        "cpu_seconds": 18.28125,
        "handles": 114,
        "io_read_bytes": 1570288983,
        "io_write_bytes": 53221108,
        "io_write_operations": 24920,
        "private_bytes": 8790016,
        "working_set_bytes": 17657856
      },
      "token_bytes": 0,
      "virtual_utc": 1800002050,
      "wal_bytes": 4177712,
      "wall_secs": 219.0381897
    },
    {
      "active_tokens": 0,
      "frame": 221,
      "live_rows": 250,
      "native": {
        "cpu_seconds": 18.328125,
        "handles": 114,
        "io_read_bytes": 1575056727,
        "io_write_bytes": 53295268,
        "io_write_operations": 24956,
        "private_bytes": 8790016,
        "working_set_bytes": 17661952
      },
      "token_bytes": 0,
      "virtual_utc": 1800002051,
      "wal_bytes": 4177712,
      "wall_secs": 220.0362597
    },
    {
      "active_tokens": 0,
      "frame": 222,
      "live_rows": 250,
      "native": {
        "cpu_seconds": 18.375,
        "handles": 114,
        "io_read_bytes": 1579824471,
        "io_write_bytes": 53369428,
        "io_write_operations": 24992,
        "private_bytes": 8790016,
        "working_set_bytes": 17661952
      },
      "token_bytes": 0,
      "virtual_utc": 1800002052,
      "wal_bytes": 4177712,
      "wall_secs": 221.0355212
    },
    {
      "active_tokens": 0,
      "frame": 223,
      "live_rows": 250,
      "native": {
        "cpu_seconds": 18.421875,
        "handles": 114,
        "io_read_bytes": 1584592215,
        "io_write_bytes": 53443588,
        "io_write_operations": 25028,
        "private_bytes": 7987200,
        "working_set_bytes": 17338368
      },
      "token_bytes": 0,
      "virtual_utc": 1800002053,
      "wal_bytes": 4177712,
      "wall_secs": 222.0375889
    },
    {
      "active_tokens": 0,
      "frame": 224,
      "live_rows": 250,
      "native": {
        "cpu_seconds": 18.453125,
        "handles": 114,
        "io_read_bytes": 1589491031,
        "io_write_bytes": 53648820,
        "io_write_operations": 25096,
        "private_bytes": 8773632,
        "working_set_bytes": 17649664
      },
      "token_bytes": 0,
      "virtual_utc": 1800002054,
      "wal_bytes": 4177712,
      "wall_secs": 223.0407893
    },
    {
      "active_tokens": 0,
      "frame": 225,
      "live_rows": 250,
      "native": {
        "cpu_seconds": 18.484375,
        "handles": 114,
        "io_read_bytes": 1594258775,
        "io_write_bytes": 53723012,
        "io_write_operations": 25133,
        "private_bytes": 8163328,
        "working_set_bytes": 17362944
      },
      "token_bytes": 0,
      "virtual_utc": 1800002055,
      "wal_bytes": 4177712,
      "wall_secs": 224.0422572
    },
    {
      "active_tokens": 0,
      "frame": 226,
      "live_rows": 250,
      "native": {
        "cpu_seconds": 18.515625,
        "handles": 114,
        "io_read_bytes": 1599026519,
        "io_write_bytes": 53797172,
        "io_write_operations": 25169,
        "private_bytes": 8790016,
        "working_set_bytes": 17784832
      },
      "token_bytes": 0,
      "virtual_utc": 1800002056,
      "wal_bytes": 4177712,
      "wall_secs": 225.0291467
    },
    {
      "active_tokens": 0,
      "frame": 227,
      "live_rows": 250,
      "native": {
        "cpu_seconds": 18.546875,
        "handles": 114,
        "io_read_bytes": 1603794263,
        "io_write_bytes": 53871332,
        "io_write_operations": 25205,
        "private_bytes": 9592832,
        "working_set_bytes": 18206720
      },
      "token_bytes": 0,
      "virtual_utc": 1800002057,
      "wal_bytes": 4177712,
      "wall_secs": 226.0287735
    },
    {
      "active_tokens": 0,
      "frame": 228,
      "live_rows": 250,
      "native": {
        "cpu_seconds": 18.578125,
        "handles": 114,
        "io_read_bytes": 1608562007,
        "io_write_bytes": 53945492,
        "io_write_operations": 25241,
        "private_bytes": 9601024,
        "working_set_bytes": 18436096
      },
      "token_bytes": 0,
      "virtual_utc": 1800002058,
      "wal_bytes": 4177712,
      "wall_secs": 227.0396595
    },
    {
      "active_tokens": 0,
      "frame": 229,
      "live_rows": 250,
      "native": {
        "cpu_seconds": 18.609375,
        "handles": 114,
        "io_read_bytes": 1613329751,
        "io_write_bytes": 54019652,
        "io_write_operations": 25277,
        "private_bytes": 8495104,
        "working_set_bytes": 17625088
      },
      "token_bytes": 0,
      "virtual_utc": 1800002059,
      "wal_bytes": 4177712,
      "wall_secs": 228.038512
    },
    {
      "active_tokens": 0,
      "frame": 230,
      "live_rows": 250,
      "native": {
        "cpu_seconds": 18.640625,
        "handles": 114,
        "io_read_bytes": 1618097495,
        "io_write_bytes": 54097932,
        "io_write_operations": 25315,
        "private_bytes": 9048064,
        "working_set_bytes": 18124800
      },
      "token_bytes": 0,
      "virtual_utc": 1800002060,
      "wal_bytes": 4177712,
      "wall_secs": 229.0391824
    },
    {
      "active_tokens": 0,
      "frame": 231,
      "live_rows": 250,
      "native": {
        "cpu_seconds": 18.671875,
        "handles": 114,
        "io_read_bytes": 1622865239,
        "io_write_bytes": 54172092,
        "io_write_operations": 25351,
        "private_bytes": 8740864,
        "working_set_bytes": 17702912
      },
      "token_bytes": 0,
      "virtual_utc": 1800002061,
      "wal_bytes": 4177712,
      "wall_secs": 230.0386137
    },
    {
      "active_tokens": 0,
      "frame": 232,
      "live_rows": 250,
      "native": {
        "cpu_seconds": 18.703125,
        "handles": 114,
        "io_read_bytes": 1627632983,
        "io_write_bytes": 54246252,
        "io_write_operations": 25387,
        "private_bytes": 9334784,
        "working_set_bytes": 18284544
      },
      "token_bytes": 0,
      "virtual_utc": 1800002062,
      "wal_bytes": 4177712,
      "wall_secs": 231.0383543
    },
    {
      "active_tokens": 0,
      "frame": 233,
      "live_rows": 250,
      "native": {
        "cpu_seconds": 18.734375,
        "handles": 114,
        "io_read_bytes": 1632400727,
        "io_write_bytes": 54320412,
        "io_write_operations": 25423,
        "private_bytes": 9334784,
        "working_set_bytes": 18288640
      },
      "token_bytes": 0,
      "virtual_utc": 1800002063,
      "wal_bytes": 4177712,
      "wall_secs": 232.0300094
    },
    {
      "active_tokens": 0,
      "frame": 234,
      "live_rows": 250,
      "native": {
        "cpu_seconds": 18.765625,
        "handles": 114,
        "io_read_bytes": 1637168471,
        "io_write_bytes": 54394572,
        "io_write_operations": 25459,
        "private_bytes": 9334784,
        "working_set_bytes": 18296832
      },
      "token_bytes": 0,
      "virtual_utc": 1800002064,
      "wal_bytes": 4177712,
      "wall_secs": 233.0381677
    },
    {
      "active_tokens": 0,
      "frame": 235,
      "live_rows": 250,
      "native": {
        "cpu_seconds": 18.78125,
        "handles": 114,
        "io_read_bytes": 1641936215,
        "io_write_bytes": 54468732,
        "io_write_operations": 25495,
        "private_bytes": 8515584,
        "working_set_bytes": 17686528
      },
      "token_bytes": 0,
      "virtual_utc": 1800002065,
      "wal_bytes": 4177712,
      "wall_secs": 234.0354774
    },
    {
      "active_tokens": 0,
      "frame": 236,
      "live_rows": 250,
      "native": {
        "cpu_seconds": 18.8125,
        "handles": 114,
        "io_read_bytes": 1646703959,
        "io_write_bytes": 54542892,
        "io_write_operations": 25531,
        "private_bytes": 9039872,
        "working_set_bytes": 18141184
      },
      "token_bytes": 0,
      "virtual_utc": 1800002066,
      "wal_bytes": 4177712,
      "wall_secs": 235.0392218
    },
    {
      "active_tokens": 0,
      "frame": 237,
      "live_rows": 250,
      "native": {
        "cpu_seconds": 18.859375,
        "handles": 114,
        "io_read_bytes": 1651471703,
        "io_write_bytes": 54617052,
        "io_write_operations": 25567,
        "private_bytes": 9314304,
        "working_set_bytes": 18386944
      },
      "token_bytes": 0,
      "virtual_utc": 1800002067,
      "wal_bytes": 4177712,
      "wall_secs": 236.0359495
    },
    {
      "active_tokens": 0,
      "frame": 238,
      "live_rows": 250,
      "native": {
        "cpu_seconds": 18.90625,
        "handles": 114,
        "io_read_bytes": 1656239447,
        "io_write_bytes": 54691212,
        "io_write_operations": 25603,
        "private_bytes": 9314304,
        "working_set_bytes": 18391040
      },
      "token_bytes": 0,
      "virtual_utc": 1800002068,
      "wal_bytes": 4177712,
      "wall_secs": 237.0370733
    },
    {
      "active_tokens": 0,
      "frame": 239,
      "live_rows": 250,
      "native": {
        "cpu_seconds": 18.9375,
        "handles": 114,
        "io_read_bytes": 1661007191,
        "io_write_bytes": 54765372,
        "io_write_operations": 25639,
        "private_bytes": 9605120,
        "working_set_bytes": 18391040
      },
      "token_bytes": 0,
      "virtual_utc": 1800002069,
      "wal_bytes": 4177712,
      "wall_secs": 238.0384702
    },
    {
      "active_tokens": 0,
      "frame": 240,
      "live_rows": 250,
      "native": {
        "cpu_seconds": 18.984375,
        "handles": 114,
        "io_read_bytes": 1665774935,
        "io_write_bytes": 54839532,
        "io_write_operations": 25675,
        "private_bytes": 9605120,
        "working_set_bytes": 18395136
      },
      "token_bytes": 0,
      "virtual_utc": 1800002070,
      "wal_bytes": 4177712,
      "wall_secs": 239.0369342
    },
    {
      "active_tokens": 0,
      "frame": 241,
      "live_rows": 250,
      "native": {
        "cpu_seconds": 19.015625,
        "handles": 114,
        "io_read_bytes": 1670542679,
        "io_write_bytes": 54913692,
        "io_write_operations": 25711,
        "private_bytes": 8736768,
        "working_set_bytes": 17899520
      },
      "token_bytes": 0,
      "virtual_utc": 1800002071,
      "wal_bytes": 4177712,
      "wall_secs": 240.0387338
    },
    {
      "active_tokens": 0,
      "frame": 242,
      "live_rows": 250,
      "native": {
        "cpu_seconds": 19.0625,
        "handles": 114,
        "io_read_bytes": 1675310423,
        "io_write_bytes": 54987852,
        "io_write_operations": 25747,
        "private_bytes": 9027584,
        "working_set_bytes": 18112512
      },
      "token_bytes": 0,
      "virtual_utc": 1800002072,
      "wal_bytes": 4177712,
      "wall_secs": 241.0361638
    },
    {
      "active_tokens": 0,
      "frame": 243,
      "live_rows": 250,
      "native": {
        "cpu_seconds": 19.09375,
        "handles": 114,
        "io_read_bytes": 1680078167,
        "io_write_bytes": 55062012,
        "io_write_operations": 25783,
        "private_bytes": 9281536,
        "working_set_bytes": 18362368
      },
      "token_bytes": 0,
      "virtual_utc": 1800002073,
      "wal_bytes": 4177712,
      "wall_secs": 242.0289018
    },
    {
      "active_tokens": 0,
      "frame": 244,
      "live_rows": 250,
      "native": {
        "cpu_seconds": 19.125,
        "handles": 114,
        "io_read_bytes": 1684845911,
        "io_write_bytes": 55136172,
        "io_write_operations": 25819,
        "private_bytes": 8749056,
        "working_set_bytes": 17895424
      },
      "token_bytes": 0,
      "virtual_utc": 1800002074,
      "wal_bytes": 4177712,
      "wall_secs": 243.0307307
    },
    {
      "active_tokens": 0,
      "frame": 245,
      "live_rows": 250,
      "native": {
        "cpu_seconds": 19.15625,
        "handles": 114,
        "io_read_bytes": 1689613655,
        "io_write_bytes": 55210332,
        "io_write_operations": 25855,
        "private_bytes": 9273344,
        "working_set_bytes": 18337792
      },
      "token_bytes": 0,
      "virtual_utc": 1800002075,
      "wal_bytes": 4177712,
      "wall_secs": 244.038397
    },
    {
      "active_tokens": 0,
      "frame": 246,
      "live_rows": 250,
      "native": {
        "cpu_seconds": 19.203125,
        "handles": 114,
        "io_read_bytes": 1694381399,
        "io_write_bytes": 55284492,
        "io_write_operations": 25891,
        "private_bytes": 9281536,
        "working_set_bytes": 18354176
      },
      "token_bytes": 0,
      "virtual_utc": 1800002076,
      "wal_bytes": 4177712,
      "wall_secs": 245.0364513
    },
    {
      "active_tokens": 0,
      "frame": 247,
      "live_rows": 250,
      "native": {
        "cpu_seconds": 19.234375,
        "handles": 114,
        "io_read_bytes": 1699149143,
        "io_write_bytes": 55358652,
        "io_write_operations": 25927,
        "private_bytes": 8585216,
        "working_set_bytes": 17727488
      },
      "token_bytes": 0,
      "virtual_utc": 1800002077,
      "wal_bytes": 4177712,
      "wall_secs": 246.0379276
    },
    {
      "active_tokens": 0,
      "frame": 248,
      "live_rows": 250,
      "native": {
        "cpu_seconds": 19.28125,
        "handles": 114,
        "io_read_bytes": 1703916887,
        "io_write_bytes": 55432812,
        "io_write_operations": 25963,
        "private_bytes": 9023488,
        "working_set_bytes": 18132992
      },
      "token_bytes": 0,
      "virtual_utc": 1800002078,
      "wal_bytes": 4177712,
      "wall_secs": 247.035984
    },
    {
      "active_tokens": 0,
      "frame": 249,
      "live_rows": 250,
      "native": {
        "cpu_seconds": 19.3125,
        "handles": 114,
        "io_read_bytes": 1708684631,
        "io_write_bytes": 55506972,
        "io_write_operations": 25999,
        "private_bytes": 9150464,
        "working_set_bytes": 18259968
      },
      "token_bytes": 0,
      "virtual_utc": 1800002079,
      "wal_bytes": 4177712,
      "wall_secs": 248.0387975
    },
    {
      "active_tokens": 0,
      "frame": 250,
      "live_rows": 250,
      "native": {
        "cpu_seconds": 19.34375,
        "handles": 114,
        "io_read_bytes": 1713452375,
        "io_write_bytes": 55581132,
        "io_write_operations": 26035,
        "private_bytes": 8851456,
        "working_set_bytes": 18022400
      },
      "token_bytes": 0,
      "virtual_utc": 1800002080,
      "wal_bytes": 4177712,
      "wall_secs": 249.0396243
    },
    {
      "active_tokens": 0,
      "frame": 251,
      "live_rows": 250,
      "native": {
        "cpu_seconds": 19.390625,
        "handles": 114,
        "io_read_bytes": 1718220119,
        "io_write_bytes": 55655292,
        "io_write_operations": 26071,
        "private_bytes": 9281536,
        "working_set_bytes": 18366464
      },
      "token_bytes": 0,
      "virtual_utc": 1800002081,
      "wal_bytes": 4177712,
      "wall_secs": 250.0360768
    },
    {
      "active_tokens": 0,
      "frame": 252,
      "live_rows": 250,
      "native": {
        "cpu_seconds": 19.4375,
        "handles": 114,
        "io_read_bytes": 1722987863,
        "io_write_bytes": 55729452,
        "io_write_operations": 26107,
        "private_bytes": 9281536,
        "working_set_bytes": 18366464
      },
      "token_bytes": 0,
      "virtual_utc": 1800002082,
      "wal_bytes": 4177712,
      "wall_secs": 251.0372341
    },
    {
      "active_tokens": 0,
      "frame": 253,
      "live_rows": 250,
      "native": {
        "cpu_seconds": 19.46875,
        "handles": 114,
        "io_read_bytes": 1727755607,
        "io_write_bytes": 55803612,
        "io_write_operations": 26143,
        "private_bytes": 8724480,
        "working_set_bytes": 17879040
      },
      "token_bytes": 0,
      "virtual_utc": 1800002083,
      "wal_bytes": 4177712,
      "wall_secs": 252.0305676
    },
    {
      "active_tokens": 0,
      "frame": 254,
      "live_rows": 250,
      "native": {
        "cpu_seconds": 19.5,
        "handles": 114,
        "io_read_bytes": 1732523351,
        "io_write_bytes": 55877772,
        "io_write_operations": 26179,
        "private_bytes": 9134080,
        "working_set_bytes": 18210816
      },
      "token_bytes": 0,
      "virtual_utc": 1800002084,
      "wal_bytes": 4177712,
      "wall_secs": 253.0388215
    },
    {
      "active_tokens": 0,
      "frame": 255,
      "live_rows": 250,
      "native": {
        "cpu_seconds": 19.53125,
        "handles": 114,
        "io_read_bytes": 1737291095,
        "io_write_bytes": 55951932,
        "io_write_operations": 26215,
        "private_bytes": 9154560,
        "working_set_bytes": 18259968
      },
      "token_bytes": 0,
      "virtual_utc": 1800002085,
      "wal_bytes": 4177712,
      "wall_secs": 254.1411685
    },
    {
      "active_tokens": 0,
      "frame": 256,
      "live_rows": 250,
      "native": {
        "cpu_seconds": 19.5625,
        "handles": 114,
        "io_read_bytes": 1742058839,
        "io_write_bytes": 56026092,
        "io_write_operations": 26251,
        "private_bytes": 9281536,
        "working_set_bytes": 18391040
      },
      "token_bytes": 0,
      "virtual_utc": 1800002086,
      "wal_bytes": 4177712,
      "wall_secs": 255.0397221
    },
    {
      "active_tokens": 0,
      "frame": 257,
      "live_rows": 250,
      "native": {
        "cpu_seconds": 19.609375,
        "handles": 114,
        "io_read_bytes": 1746826583,
        "io_write_bytes": 56100252,
        "io_write_operations": 26287,
        "private_bytes": 9281536,
        "working_set_bytes": 18391040
      },
      "token_bytes": 0,
      "virtual_utc": 1800002087,
      "wal_bytes": 4177712,
      "wall_secs": 256.0357885
    },
    {
      "active_tokens": 0,
      "frame": 258,
      "live_rows": 250,
      "native": {
        "cpu_seconds": 19.640625,
        "handles": 114,
        "io_read_bytes": 1751594327,
        "io_write_bytes": 56174412,
        "io_write_operations": 26323,
        "private_bytes": 9281536,
        "working_set_bytes": 18391040
      },
      "token_bytes": 0,
      "virtual_utc": 1800002088,
      "wal_bytes": 4177712,
      "wall_secs": 257.0380122
    },
    {
      "active_tokens": 0,
      "frame": 259,
      "live_rows": 250,
      "native": {
        "cpu_seconds": 19.671875,
        "handles": 114,
        "io_read_bytes": 1756362071,
        "io_write_bytes": 56248572,
        "io_write_operations": 26359,
        "private_bytes": 8425472,
        "working_set_bytes": 17612800
      },
      "token_bytes": 0,
      "virtual_utc": 1800002089,
      "wal_bytes": 4177712,
      "wall_secs": 258.037885
    },
    {
      "active_tokens": 0,
      "frame": 260,
      "live_rows": 250,
      "native": {
        "cpu_seconds": 19.703125,
        "handles": 114,
        "io_read_bytes": 1761129815,
        "io_write_bytes": 56322732,
        "io_write_operations": 26395,
        "private_bytes": 9351168,
        "working_set_bytes": 18399232
      },
      "token_bytes": 0,
      "virtual_utc": 1800002090,
      "wal_bytes": 4177712,
      "wall_secs": 259.0304014
    },
    {
      "active_tokens": 0,
      "frame": 261,
      "live_rows": 250,
      "native": {
        "cpu_seconds": 19.734375,
        "handles": 114,
        "io_read_bytes": 1765897559,
        "io_write_bytes": 56396892,
        "io_write_operations": 26431,
        "private_bytes": 9351168,
        "working_set_bytes": 18448384
      },
      "token_bytes": 0,
      "virtual_utc": 1800002091,
      "wal_bytes": 4177712,
      "wall_secs": 260.0318883
    },
    {
      "active_tokens": 0,
      "frame": 262,
      "live_rows": 250,
      "native": {
        "cpu_seconds": 19.75,
        "handles": 114,
        "io_read_bytes": 1770665303,
        "io_write_bytes": 56471052,
        "io_write_operations": 26467,
        "private_bytes": 9351168,
        "working_set_bytes": 18448384
      },
      "token_bytes": 0,
      "virtual_utc": 1800002092,
      "wal_bytes": 4177712,
      "wall_secs": 261.0311851
    },
    {
      "active_tokens": 0,
      "frame": 263,
      "live_rows": 250,
      "native": {
        "cpu_seconds": 19.796875,
        "handles": 114,
        "io_read_bytes": 1775433047,
        "io_write_bytes": 56545212,
        "io_write_operations": 26503,
        "private_bytes": 9351168,
        "working_set_bytes": 18448384
      },
      "token_bytes": 0,
      "virtual_utc": 1800002093,
      "wal_bytes": 4177712,
      "wall_secs": 262.0358028
    },
    {
      "active_tokens": 0,
      "frame": 264,
      "live_rows": 250,
      "native": {
        "cpu_seconds": 19.828125,
        "handles": 114,
        "io_read_bytes": 1780200791,
        "io_write_bytes": 56619372,
        "io_write_operations": 26539,
        "private_bytes": 8396800,
        "working_set_bytes": 17584128
      },
      "token_bytes": 0,
      "virtual_utc": 1800002094,
      "wal_bytes": 4177712,
      "wall_secs": 263.0390608
    },
    {
      "active_tokens": 0,
      "frame": 265,
      "live_rows": 250,
      "native": {
        "cpu_seconds": 19.875,
        "handles": 114,
        "io_read_bytes": 1784968535,
        "io_write_bytes": 56693532,
        "io_write_operations": 26575,
        "private_bytes": 9326592,
        "working_set_bytes": 18288640
      },
      "token_bytes": 0,
      "virtual_utc": 1800002095,
      "wal_bytes": 4177712,
      "wall_secs": 264.0375342
    },
    {
      "active_tokens": 0,
      "frame": 266,
      "live_rows": 250,
      "native": {
        "cpu_seconds": 19.90625,
        "handles": 114,
        "io_read_bytes": 1789736279,
        "io_write_bytes": 56767692,
        "io_write_operations": 26611,
        "private_bytes": 8589312,
        "working_set_bytes": 17764352
      },
      "token_bytes": 0,
      "virtual_utc": 1800002096,
      "wal_bytes": 4177712,
      "wall_secs": 265.0394614
    },
    {
      "active_tokens": 0,
      "frame": 267,
      "live_rows": 250,
      "native": {
        "cpu_seconds": 19.9375,
        "handles": 114,
        "io_read_bytes": 1794504023,
        "io_write_bytes": 56841852,
        "io_write_operations": 26647,
        "private_bytes": 9146368,
        "working_set_bytes": 18243584
      },
      "token_bytes": 0,
      "virtual_utc": 1800002097,
      "wal_bytes": 4177712,
      "wall_secs": 266.0350138
    },
    {
      "active_tokens": 0,
      "frame": 268,
      "live_rows": 250,
      "native": {
        "cpu_seconds": 20.0,
        "handles": 114,
        "io_read_bytes": 1799271767,
        "io_write_bytes": 56916012,
        "io_write_operations": 26683,
        "private_bytes": 9342976,
        "working_set_bytes": 18415616
      },
      "token_bytes": 0,
      "virtual_utc": 1800002098,
      "wal_bytes": 4177712,
      "wall_secs": 267.0362095
    },
    {
      "active_tokens": 0,
      "frame": 269,
      "live_rows": 250,
      "native": {
        "cpu_seconds": 20.03125,
        "handles": 114,
        "io_read_bytes": 1804039511,
        "io_write_bytes": 56990172,
        "io_write_operations": 26719,
        "private_bytes": 9342976,
        "working_set_bytes": 18440192
      },
      "token_bytes": 0,
      "virtual_utc": 1800002099,
      "wal_bytes": 4177712,
      "wall_secs": 268.0385223
    },
    {
      "active_tokens": 0,
      "frame": 270,
      "live_rows": 250,
      "native": {
        "cpu_seconds": 20.0625,
        "handles": 114,
        "io_read_bytes": 1808823639,
        "io_write_bytes": 57105532,
        "io_write_operations": 26775,
        "private_bytes": 8417280,
        "working_set_bytes": 17608704
      },
      "token_bytes": 0,
      "virtual_utc": 1800002100,
      "wal_bytes": 4177712,
      "wall_secs": 269.0379678
    },
    {
      "active_tokens": 0,
      "frame": 271,
      "live_rows": 250,
      "native": {
        "cpu_seconds": 20.09375,
        "handles": 114,
        "io_read_bytes": 1813587287,
        "io_write_bytes": 57179692,
        "io_write_operations": 26811,
        "private_bytes": 9334784,
        "working_set_bytes": 18419712
      },
      "token_bytes": 0,
      "virtual_utc": 1800002101,
      "wal_bytes": 4177712,
      "wall_secs": 270.0380709
    },
    {
      "active_tokens": 0,
      "frame": 272,
      "live_rows": 250,
      "native": {
        "cpu_seconds": 20.140625,
        "handles": 114,
        "io_read_bytes": 1818359127,
        "io_write_bytes": 57262092,
        "io_write_operations": 26851,
        "private_bytes": 9334784,
        "working_set_bytes": 18427904
      },
      "token_bytes": 0,
      "virtual_utc": 1800002102,
      "wal_bytes": 4177712,
      "wall_secs": 271.0360988
    },
    {
      "active_tokens": 0,
      "frame": 273,
      "live_rows": 250,
      "native": {
        "cpu_seconds": 20.171875,
        "handles": 114,
        "io_read_bytes": 1823126871,
        "io_write_bytes": 57336252,
        "io_write_operations": 26887,
        "private_bytes": 9334784,
        "working_set_bytes": 18427904
      },
      "token_bytes": 0,
      "virtual_utc": 1800002103,
      "wal_bytes": 4177712,
      "wall_secs": 272.038424
    },
    {
      "active_tokens": 0,
      "frame": 274,
      "live_rows": 250,
      "native": {
        "cpu_seconds": 20.203125,
        "handles": 114,
        "io_read_bytes": 1827894615,
        "io_write_bytes": 57410412,
        "io_write_operations": 26923,
        "private_bytes": 8544256,
        "working_set_bytes": 17735680
      },
      "token_bytes": 0,
      "virtual_utc": 1800002104,
      "wal_bytes": 4177712,
      "wall_secs": 273.0387493
    },
    {
      "active_tokens": 0,
      "frame": 275,
      "live_rows": 250,
      "native": {
        "cpu_seconds": 20.234375,
        "handles": 114,
        "io_read_bytes": 1832662359,
        "io_write_bytes": 57484572,
        "io_write_operations": 26959,
        "private_bytes": 9269248,
        "working_set_bytes": 18329600
      },
      "token_bytes": 0,
      "virtual_utc": 1800002105,
      "wal_bytes": 4177712,
      "wall_secs": 274.0381141
    },
    {
      "active_tokens": 0,
      "frame": 276,
      "live_rows": 250,
      "native": {
        "cpu_seconds": 20.28125,
        "handles": 114,
        "io_read_bytes": 1837430103,
        "io_write_bytes": 57558732,
        "io_write_operations": 26995,
        "private_bytes": 9654272,
        "working_set_bytes": 18608128
      },
      "token_bytes": 0,
      "virtual_utc": 1800002106,
      "wal_bytes": 4177712,
      "wall_secs": 275.040534
    },
    {
      "active_tokens": 0,
      "frame": 277,
      "live_rows": 250,
      "native": {
        "cpu_seconds": 20.3125,
        "handles": 114,
        "io_read_bytes": 1842197847,
        "io_write_bytes": 57632892,
        "io_write_operations": 27031,
        "private_bytes": 9269248,
        "working_set_bytes": 18173952
      },
      "token_bytes": 0,
      "virtual_utc": 1800002107,
      "wal_bytes": 4177712,
      "wall_secs": 276.0403975
    },
    {
      "active_tokens": 0,
      "frame": 278,
      "live_rows": 250,
      "native": {
        "cpu_seconds": 20.34375,
        "handles": 114,
        "io_read_bytes": 1846965591,
        "io_write_bytes": 57707052,
        "io_write_operations": 27067,
        "private_bytes": 9662464,
        "working_set_bytes": 18579456
      },
      "token_bytes": 0,
      "virtual_utc": 1800002108,
      "wal_bytes": 4177712,
      "wall_secs": 277.0383393
    },
    {
      "active_tokens": 0,
      "frame": 279,
      "live_rows": 250,
      "native": {
        "cpu_seconds": 20.359375,
        "handles": 114,
        "io_read_bytes": 1851864407,
        "io_write_bytes": 57912284,
        "io_write_operations": 27135,
        "private_bytes": 9662464,
        "working_set_bytes": 18681856
      },
      "token_bytes": 0,
      "virtual_utc": 1800002109,
      "wal_bytes": 4177712,
      "wall_secs": 278.0323989
    },
    {
      "active_tokens": 0,
      "frame": 280,
      "live_rows": 250,
      "native": {
        "cpu_seconds": 20.390625,
        "handles": 114,
        "io_read_bytes": 1856632151,
        "io_write_bytes": 57986476,
        "io_write_operations": 27172,
        "private_bytes": 9662464,
        "working_set_bytes": 18681856
      },
      "token_bytes": 0,
      "virtual_utc": 1800002110,
      "wal_bytes": 4177712,
      "wall_secs": 279.0397627
    },
    {
      "active_tokens": 0,
      "frame": 281,
      "live_rows": 250,
      "native": {
        "cpu_seconds": 20.4375,
        "handles": 114,
        "io_read_bytes": 1861399895,
        "io_write_bytes": 58064756,
        "io_write_operations": 27210,
        "private_bytes": 9662464,
        "working_set_bytes": 18690048
      },
      "token_bytes": 0,
      "virtual_utc": 1800002111,
      "wal_bytes": 4177712,
      "wall_secs": 280.0362539
    },
    {
      "active_tokens": 0,
      "frame": 282,
      "live_rows": 250,
      "native": {
        "cpu_seconds": 20.484375,
        "handles": 114,
        "io_read_bytes": 1866167639,
        "io_write_bytes": 58138916,
        "io_write_operations": 27246,
        "private_bytes": 9936896,
        "working_set_bytes": 18964480
      },
      "token_bytes": 0,
      "virtual_utc": 1800002112,
      "wal_bytes": 4177712,
      "wall_secs": 281.0365062
    },
    {
      "active_tokens": 0,
      "frame": 283,
      "live_rows": 250,
      "native": {
        "cpu_seconds": 20.515625,
        "handles": 114,
        "io_read_bytes": 1870935383,
        "io_write_bytes": 58213076,
        "io_write_operations": 27282,
        "private_bytes": 9936896,
        "working_set_bytes": 18964480
      },
      "token_bytes": 0,
      "virtual_utc": 1800002113,
      "wal_bytes": 4177712,
      "wall_secs": 282.0350298
    },
    {
      "active_tokens": 0,
      "frame": 284,
      "live_rows": 250,
      "native": {
        "cpu_seconds": 20.546875,
        "handles": 114,
        "io_read_bytes": 1875703127,
        "io_write_bytes": 58287236,
        "io_write_operations": 27318,
        "private_bytes": 9936896,
        "working_set_bytes": 19021824
      },
      "token_bytes": 0,
      "virtual_utc": 1800002114,
      "wal_bytes": 4177712,
      "wall_secs": 283.0342695
    },
    {
      "active_tokens": 0,
      "frame": 285,
      "live_rows": 250,
      "native": {
        "cpu_seconds": 20.578125,
        "handles": 114,
        "io_read_bytes": 1880470871,
        "io_write_bytes": 58361396,
        "io_write_operations": 27354,
        "private_bytes": 9936896,
        "working_set_bytes": 19021824
      },
      "token_bytes": 0,
      "virtual_utc": 1800002115,
      "wal_bytes": 4177712,
      "wall_secs": 284.0321634
    },
    {
      "active_tokens": 0,
      "frame": 286,
      "live_rows": 250,
      "native": {
        "cpu_seconds": 20.609375,
        "handles": 114,
        "io_read_bytes": 1885238615,
        "io_write_bytes": 58435556,
        "io_write_operations": 27390,
        "private_bytes": 9936896,
        "working_set_bytes": 19017728
      },
      "token_bytes": 0,
      "virtual_utc": 1800002116,
      "wal_bytes": 4177712,
      "wall_secs": 285.0398891
    },
    {
      "active_tokens": 0,
      "frame": 287,
      "live_rows": 250,
      "native": {
        "cpu_seconds": 20.640625,
        "handles": 114,
        "io_read_bytes": 1890006359,
        "io_write_bytes": 58509716,
        "io_write_operations": 27426,
        "private_bytes": 8962048,
        "working_set_bytes": 18063360
      },
      "token_bytes": 0,
      "virtual_utc": 1800002117,
      "wal_bytes": 4177712,
      "wall_secs": 286.0383563
    },
    {
      "active_tokens": 0,
      "frame": 288,
      "live_rows": 250,
      "native": {
        "cpu_seconds": 20.671875,
        "handles": 114,
        "io_read_bytes": 1894774103,
        "io_write_bytes": 58583876,
        "io_write_operations": 27462,
        "private_bytes": 9551872,
        "working_set_bytes": 18558976
      },
      "token_bytes": 0,
      "virtual_utc": 1800002118,
      "wal_bytes": 4177712,
      "wall_secs": 287.0331861
    },
    {
      "active_tokens": 0,
      "frame": 289,
      "live_rows": 250,
      "native": {
        "cpu_seconds": 20.703125,
        "handles": 114,
        "io_read_bytes": 1899541847,
        "io_write_bytes": 58658036,
        "io_write_operations": 27498,
        "private_bytes": 9560064,
        "working_set_bytes": 18587648
      },
      "token_bytes": 0,
      "virtual_utc": 1800002119,
      "wal_bytes": 4177712,
      "wall_secs": 288.0388679
    },
    {
      "active_tokens": 0,
      "frame": 290,
      "live_rows": 250,
      "native": {
        "cpu_seconds": 20.734375,
        "handles": 114,
        "io_read_bytes": 1904309591,
        "io_write_bytes": 58732196,
        "io_write_operations": 27534,
        "private_bytes": 9887744,
        "working_set_bytes": 18886656
      },
      "token_bytes": 0,
      "virtual_utc": 1800002120,
      "wal_bytes": 4177712,
      "wall_secs": 289.0287527
    },
    {
      "active_tokens": 0,
      "frame": 291,
      "live_rows": 250,
      "native": {
        "cpu_seconds": 20.75,
        "handles": 114,
        "io_read_bytes": 1909077335,
        "io_write_bytes": 58806356,
        "io_write_operations": 27570,
        "private_bytes": 9936896,
        "working_set_bytes": 18919424
      },
      "token_bytes": 0,
      "virtual_utc": 1800002121,
      "wal_bytes": 4177712,
      "wall_secs": 290.0315473
    },
    {
      "active_tokens": 0,
      "frame": 292,
      "live_rows": 250,
      "native": {
        "cpu_seconds": 20.78125,
        "handles": 114,
        "io_read_bytes": 1913845079,
        "io_write_bytes": 58880516,
        "io_write_operations": 27606,
        "private_bytes": 9936896,
        "working_set_bytes": 18948096
      },
      "token_bytes": 0,
      "virtual_utc": 1800002122,
      "wal_bytes": 4177712,
      "wall_secs": 291.0288017
    },
    {
      "active_tokens": 0,
      "frame": 293,
      "live_rows": 250,
      "native": {
        "cpu_seconds": 20.8125,
        "handles": 114,
        "io_read_bytes": 1918612823,
        "io_write_bytes": 58954676,
        "io_write_operations": 27642,
        "private_bytes": 9936896,
        "working_set_bytes": 18948096
      },
      "token_bytes": 0,
      "virtual_utc": 1800002123,
      "wal_bytes": 4177712,
      "wall_secs": 292.027652
    },
    {
      "active_tokens": 0,
      "frame": 294,
      "live_rows": 250,
      "native": {
        "cpu_seconds": 20.84375,
        "handles": 114,
        "io_read_bytes": 1923380567,
        "io_write_bytes": 59028836,
        "io_write_operations": 27678,
        "private_bytes": 9936896,
        "working_set_bytes": 18948096
      },
      "token_bytes": 0,
      "virtual_utc": 1800002124,
      "wal_bytes": 4177712,
      "wall_secs": 293.0383605
    },
    {
      "active_tokens": 0,
      "frame": 295,
      "live_rows": 250,
      "native": {
        "cpu_seconds": 20.875,
        "handles": 114,
        "io_read_bytes": 1928148311,
        "io_write_bytes": 59102996,
        "io_write_operations": 27714,
        "private_bytes": 9936896,
        "working_set_bytes": 18960384
      },
      "token_bytes": 0,
      "virtual_utc": 1800002125,
      "wal_bytes": 4177712,
      "wall_secs": 294.0382456
    },
    {
      "active_tokens": 0,
      "frame": 296,
      "live_rows": 250,
      "native": {
        "cpu_seconds": 20.90625,
        "handles": 114,
        "io_read_bytes": 1932916055,
        "io_write_bytes": 59177156,
        "io_write_operations": 27750,
        "private_bytes": 9936896,
        "working_set_bytes": 18968576
      },
      "token_bytes": 0,
      "virtual_utc": 1800002126,
      "wal_bytes": 4177712,
      "wall_secs": 295.0377034
    },
    {
      "active_tokens": 0,
      "frame": 297,
      "live_rows": 250,
      "native": {
        "cpu_seconds": 20.953125,
        "handles": 114,
        "io_read_bytes": 1937683799,
        "io_write_bytes": 59251316,
        "io_write_operations": 27786,
        "private_bytes": 9936896,
        "working_set_bytes": 18984960
      },
      "token_bytes": 0,
      "virtual_utc": 1800002127,
      "wal_bytes": 4177712,
      "wall_secs": 296.0373198
    },
    {
      "active_tokens": 0,
      "frame": 298,
      "live_rows": 250,
      "native": {
        "cpu_seconds": 20.984375,
        "handles": 114,
        "io_read_bytes": 1942451543,
        "io_write_bytes": 59325476,
        "io_write_operations": 27822,
        "private_bytes": 9936896,
        "working_set_bytes": 19005440
      },
      "token_bytes": 0,
      "virtual_utc": 1800002128,
      "wal_bytes": 4177712,
      "wall_secs": 297.027925
    },
    {
      "active_tokens": 0,
      "frame": 299,
      "live_rows": 250,
      "native": {
        "cpu_seconds": 21.015625,
        "handles": 114,
        "io_read_bytes": 1947219287,
        "io_write_bytes": 59399636,
        "io_write_operations": 27858,
        "private_bytes": 9936896,
        "working_set_bytes": 19021824
      },
      "token_bytes": 0,
      "virtual_utc": 1800002129,
      "wal_bytes": 4177712,
      "wall_secs": 298.0380181
    },
    {
      "active_tokens": 0,
      "frame": 300,
      "live_rows": 250,
      "native": {
        "cpu_seconds": 21.046875,
        "handles": 114,
        "io_read_bytes": 1951987031,
        "io_write_bytes": 59473796,
        "io_write_operations": 27894,
        "private_bytes": 9936896,
        "working_set_bytes": 19030016
      },
      "token_bytes": 0,
      "virtual_utc": 1800002130,
      "wal_bytes": 4177712,
      "wall_secs": 299.0374789
    }
  ],
  "schedule_lag_frames_max": 0,
  "schema_version": 1,
  "simulated_secs": 300,
  "spool_write_bytes": null,
  "sqlite_application_file_write_bytes": 23531752,
  "sqlite_xwrite": {
    "db_bytes": 1024000,
    "failed_calls": 0,
    "other_sqlite_file_bytes": 0,
    "successful_calls": 11182,
    "wal_bytes": 22507752
  },
  "synchronous": "FULL",
  "tables_and_indexes": {
    "dbstat_available": true,
    "objects": [
      {
        "bytes": 4096,
        "bytes_per_row": null,
        "kind": "table",
        "name": "alert_event",
        "rows": 0,
        "table": "alert_event"
      },
      {
        "bytes": 4096,
        "bytes_per_row": 585.1428571428571,
        "kind": "table",
        "name": "alert_instance",
        "rows": 7,
        "table": "alert_instance"
      },
      {
        "bytes": 4096,
        "bytes_per_row": null,
        "kind": "index",
        "name": "alert_instance_active_uniq",
        "rows": null,
        "table": "alert_instance"
      },
      {
        "bytes": 4096,
        "bytes_per_row": null,
        "kind": "index",
        "name": "alert_instance_identity",
        "rows": null,
        "table": "alert_instance"
      },
      {
        "bytes": 4096,
        "bytes_per_row": 585.1428571428571,
        "kind": "table",
        "name": "alert_rule",
        "rows": 7,
        "table": "alert_rule"
      },
      {
        "bytes": 4096,
        "bytes_per_row": null,
        "kind": "table",
        "name": "backup_manifest",
        "rows": 0,
        "table": "backup_manifest"
      },
      {
        "bytes": 4096,
        "bytes_per_row": 4096.0,
        "kind": "table",
        "name": "bundle_epoch",
        "rows": 1,
        "table": "bundle_epoch"
      },
      {
        "bytes": 32768,
        "bytes_per_row": 98.99697885196375,
        "kind": "table",
        "name": "committed_bundle",
        "rows": 331,
        "table": "committed_bundle"
      },
      {
        "bytes": 16384,
        "bytes_per_row": 32.768,
        "kind": "table",
        "name": "connection_chain",
        "rows": 500,
        "table": "connection_chain"
      },
      {
        "bytes": 36864,
        "bytes_per_row": 24.576,
        "kind": "table",
        "name": "connection_minute",
        "rows": 1500,
        "table": "connection_minute"
      },
      {
        "bytes": 16384,
        "bytes_per_row": 65.536,
        "kind": "table",
        "name": "connection_session",
        "rows": 250,
        "table": "connection_session"
      },
      {
        "bytes": 16384,
        "bytes_per_row": 65.536,
        "kind": "table",
        "name": "connection_session_attr",
        "rows": 250,
        "table": "connection_session_attr"
      },
      {
        "bytes": 12288,
        "bytes_per_row": null,
        "kind": "index",
        "name": "connection_session_identity",
        "rows": null,
        "table": "connection_session"
      },
      {
        "bytes": 4096,
        "bytes_per_row": 4096.0,
        "kind": "table",
        "name": "controller_epoch",
        "rows": 1,
        "table": "controller_epoch"
      },
      {
        "bytes": 4096,
        "bytes_per_row": null,
        "kind": "table",
        "name": "coverage_daily",
        "rows": 0,
        "table": "coverage_daily"
      },
      {
        "bytes": 4096,
        "bytes_per_row": null,
        "kind": "table",
        "name": "coverage_interval",
        "rows": 0,
        "table": "coverage_interval"
      },
      {
        "bytes": 4096,
        "bytes_per_row": 4096.0,
        "kind": "table",
        "name": "data_version",
        "rows": 1,
        "table": "data_version"
      },
      {
        "bytes": 4096,
        "bytes_per_row": 39.00952380952381,
        "kind": "table",
        "name": "dimension_dict",
        "rows": 105,
        "table": "dimension_dict"
      },
      {
        "bytes": 4096,
        "bytes_per_row": null,
        "kind": "index",
        "name": "dimension_dict_value",
        "rows": null,
        "table": "dimension_dict"
      },
      {
        "bytes": 4096,
        "bytes_per_row": null,
        "kind": "index",
        "name": "idx_alert_event_retention",
        "rows": null,
        "table": "alert_event"
      },
      {
        "bytes": 4096,
        "bytes_per_row": null,
        "kind": "index",
        "name": "idx_alert_instance_center",
        "rows": null,
        "table": "alert_instance"
      },
      {
        "bytes": 28672,
        "bytes_per_row": null,
        "kind": "index",
        "name": "idx_connection_minute_utc",
        "rows": null,
        "table": "connection_minute"
      },
      {
        "bytes": 4096,
        "bytes_per_row": null,
        "kind": "index",
        "name": "idx_connection_session_started",
        "rows": null,
        "table": "connection_session"
      },
      {
        "bytes": 4096,
        "bytes_per_row": null,
        "kind": "index",
        "name": "idx_daily_core_day",
        "rows": null,
        "table": "traffic_daily_core"
      },
      {
        "bytes": 4096,
        "bytes_per_row": null,
        "kind": "index",
        "name": "idx_daily_dim_lookup",
        "rows": null,
        "table": "traffic_daily_dimension"
      },
      {
        "bytes": 4096,
        "bytes_per_row": null,
        "kind": "index",
        "name": "idx_hourly_dim_lookup",
        "rows": null,
        "table": "traffic_hourly_dimension"
      },
      {
        "bytes": 4096,
        "bytes_per_row": null,
        "kind": "index",
        "name": "idx_outbox_due",
        "rows": null,
        "table": "notification_outbox"
      },
      {
        "bytes": 4096,
        "bytes_per_row": null,
        "kind": "index",
        "name": "idx_outbox_lease",
        "rows": null,
        "table": "notification_outbox"
      },
      {
        "bytes": 28672,
        "bytes_per_row": null,
        "kind": "index",
        "name": "idx_report_archive_kind_start",
        "rows": null,
        "table": "report_archive"
      },
      {
        "bytes": 4096,
        "bytes_per_row": null,
        "kind": "index",
        "name": "idx_session_attr_host",
        "rows": null,
        "table": "connection_session_attr"
      },
      {
        "bytes": 4096,
        "bytes_per_row": null,
        "kind": "table",
        "name": "machine_setting",
        "rows": 0,
        "table": "machine_setting"
      },
      {
        "bytes": 4096,
        "bytes_per_row": null,
        "kind": "table",
        "name": "notification_outbox",
        "rows": 0,
        "table": "notification_outbox"
      },
      {
        "bytes": 2297856,
        "bytes_per_row": 2059.010752688172,
        "kind": "table",
        "name": "report_archive",
        "rows": 1116,
        "table": "report_archive"
      },
      {
        "bytes": 176128,
        "bytes_per_row": null,
        "kind": "index",
        "name": "report_archive_period_uniq",
        "rows": null,
        "table": "report_archive"
      },
      {
        "bytes": 4096,
        "bytes_per_row": null,
        "kind": "table",
        "name": "report_snapshot_meta",
        "rows": 0,
        "table": "report_snapshot_meta"
      },
      {
        "bytes": 4096,
        "bytes_per_row": null,
        "kind": "table",
        "name": "retention_state",
        "rows": 0,
        "table": "retention_state"
      },
      {
        "bytes": 4096,
        "bytes_per_row": 1024.0,
        "kind": "table",
        "name": "retention_watermark",
        "rows": 4,
        "table": "retention_watermark"
      },
      {
        "bytes": 4096,
        "bytes_per_row": 1024.0,
        "kind": "table",
        "name": "schema_migration",
        "rows": 4,
        "table": "schema_migration"
      },
      {
        "bytes": 4096,
        "bytes_per_row": null,
        "kind": "index",
        "name": "sqlite_autoindex_alert_event_1",
        "rows": null,
        "table": "alert_event"
      },
      {
        "bytes": 4096,
        "bytes_per_row": null,
        "kind": "index",
        "name": "sqlite_autoindex_alert_event_2",
        "rows": null,
        "table": "alert_event"
      },
      {
        "bytes": 4096,
        "bytes_per_row": null,
        "kind": "index",
        "name": "sqlite_autoindex_alert_instance_1",
        "rows": null,
        "table": "alert_instance"
      },
      {
        "bytes": 4096,
        "bytes_per_row": null,
        "kind": "index",
        "name": "sqlite_autoindex_alert_rule_1",
        "rows": null,
        "table": "alert_rule"
      },
      {
        "bytes": 4096,
        "bytes_per_row": null,
        "kind": "index",
        "name": "sqlite_autoindex_committed_bundle_1",
        "rows": null,
        "table": "committed_bundle"
      },
      {
        "bytes": 12288,
        "bytes_per_row": null,
        "kind": "index",
        "name": "sqlite_autoindex_connection_chain_1",
        "rows": null,
        "table": "connection_chain"
      },
      {
        "bytes": 28672,
        "bytes_per_row": null,
        "kind": "index",
        "name": "sqlite_autoindex_connection_minute_1",
        "rows": null,
        "table": "connection_minute"
      },
      {
        "bytes": 4096,
        "bytes_per_row": null,
        "kind": "index",
        "name": "sqlite_autoindex_dimension_dict_1",
        "rows": null,
        "table": "dimension_dict"
      },
      {
        "bytes": 4096,
        "bytes_per_row": null,
        "kind": "index",
        "name": "sqlite_autoindex_machine_setting_1",
        "rows": null,
        "table": "machine_setting"
      },
      {
        "bytes": 4096,
        "bytes_per_row": null,
        "kind": "index",
        "name": "sqlite_autoindex_notification_outbox_1",
        "rows": null,
        "table": "notification_outbox"
      },
      {
        "bytes": 4096,
        "bytes_per_row": null,
        "kind": "index",
        "name": "sqlite_autoindex_notification_outbox_2",
        "rows": null,
        "table": "notification_outbox"
      },
      {
        "bytes": 53248,
        "bytes_per_row": null,
        "kind": "index",
        "name": "sqlite_autoindex_report_archive_1",
        "rows": null,
        "table": "report_archive"
      },
      {
        "bytes": 4096,
        "bytes_per_row": null,
        "kind": "index",
        "name": "sqlite_autoindex_report_snapshot_meta_1",
        "rows": null,
        "table": "report_snapshot_meta"
      },
      {
        "bytes": 4096,
        "bytes_per_row": null,
        "kind": "index",
        "name": "sqlite_autoindex_retention_state_1",
        "rows": null,
        "table": "retention_state"
      },
      {
        "bytes": 4096,
        "bytes_per_row": null,
        "kind": "index",
        "name": "sqlite_autoindex_retention_watermark_1",
        "rows": null,
        "table": "retention_watermark"
      },
      {
        "bytes": 4096,
        "bytes_per_row": null,
        "kind": "index",
        "name": "sqlite_autoindex_target_item_1",
        "rows": null,
        "table": "target_item"
      },
      {
        "bytes": 4096,
        "bytes_per_row": null,
        "kind": "index",
        "name": "sqlite_autoindex_traffic_daily_core_1",
        "rows": null,
        "table": "traffic_daily_core"
      },
      {
        "bytes": 4096,
        "bytes_per_row": null,
        "kind": "index",
        "name": "sqlite_autoindex_traffic_daily_dimension_1",
        "rows": null,
        "table": "traffic_daily_dimension"
      },
      {
        "bytes": 4096,
        "bytes_per_row": null,
        "kind": "index",
        "name": "sqlite_autoindex_traffic_hourly_dimension_1",
        "rows": null,
        "table": "traffic_hourly_dimension"
      },
      {
        "bytes": 4096,
        "bytes_per_row": 4096.0,
        "kind": "table",
        "name": "target_item",
        "rows": 1,
        "table": "target_item"
      },
      {
        "bytes": 4096,
        "bytes_per_row": 4096.0,
        "kind": "table",
        "name": "target_set",
        "rows": 1,
        "table": "target_set"
      },
      {
        "bytes": 4096,
        "bytes_per_row": null,
        "kind": "table",
        "name": "traffic_daily_core",
        "rows": 0,
        "table": "traffic_daily_core"
      },
      {
        "bytes": 4096,
        "bytes_per_row": null,
        "kind": "table",
        "name": "traffic_daily_dimension",
        "rows": 0,
        "table": "traffic_daily_dimension"
      },
      {
        "bytes": 4096,
        "bytes_per_row": null,
        "kind": "table",
        "name": "traffic_hourly_dimension",
        "rows": 0,
        "table": "traffic_hourly_dimension"
      }
    ]
  },
  "traffic": {
    "conserved": true,
    "expected_added_download": 3516900,
    "expected_added_upload": 1048200,
    "final_download": 3868590,
    "final_upload": 1153020,
    "initial_download": 351690,
    "initial_upload": 104820
  },
  "warmup_wall_secs": 30.0004268,
  "writer_rows_changed": 453000
}
